source,stub,implementation,line,fixtures,status
aten/src/ATen/native/cpu/Activation.cpp,hardsigmoid_stub,hardsigmoid_kernel,1314,aten_hardsigmoid,EXTRACTED
aten/src/ATen/native/cpu/Activation.cpp,hardsigmoid_backward_stub,hardsigmoid_backward_kernel,1315,aten_hardsigmoid_backward,EXTRACTED
aten/src/ATen/native/cpu/Activation.cpp,threshold_stub,threshold_kernel,1316,aten_threshold_backward,EXTRACTED
aten/src/ATen/native/cpu/Activation.cpp,leaky_relu_stub,leaky_relu_kernel,1317,"aten_elu,aten_leaky_relu",EXTRACTED
aten/src/ATen/native/cpu/Activation.cpp,leaky_relu_backward_stub,leaky_relu_backward_kernel,1318,aten_elu_backward,EXTRACTED
aten/src/ATen/native/cpu/Activation.cpp,prelu_stub,prelu_kernel,1319,aten_elu,EXTRACTED
aten/src/ATen/native/cpu/Activation.cpp,prelu_backward_stub,prelu_backward_kernel,1320,aten_elu_backward,EXTRACTED
aten/src/ATen/native/cpu/Activation.cpp,hardtanh_backward_stub,hardtanh_backward_kernel,1321,aten_hardtanh_backward,EXTRACTED
aten/src/ATen/native/cpu/Activation.cpp,hardshrink_stub,hardshrink_kernel,1322,aten_hardshrink,EXTRACTED
aten/src/ATen/native/cpu/Activation.cpp,softshrink_stub,softshrink_kernel,1323,aten_softshrink,EXTRACTED
aten/src/ATen/native/cpu/Activation.cpp,shrink_backward_stub,shrink_backward_kernel,1324,aten_shrink_backward,EXTRACTED
aten/src/ATen/native/cpu/Activation.cpp,log_sigmoid_cpu_stub,log_sigmoid_cpu_kernel,1326,aten_log_sigmoid_cpu,EXTRACTED
aten/src/ATen/native/cpu/Activation.cpp,log_sigmoid_backward_stub,log_sigmoid_backward_cpu_kernel,1327,aten_log_sigmoid_backward_cpu,EXTRACTED
aten/src/ATen/native/cpu/Activation.cpp,glu_stub,glu_kernel,1328,aten_glu,EXTRACTED
aten/src/ATen/native/cpu/Activation.cpp,glu_backward_stub,glu_backward_kernel,1329,aten_glu_backward,EXTRACTED
aten/src/ATen/native/cpu/Activation.cpp,glu_jvp_stub,glu_jvp_kernel,1330,aten_glu_jvp,EXTRACTED
aten/src/ATen/native/cpu/Activation.cpp,elu_stub,elu_kernel,1331,"aten_elu,aten_leaky_relu",EXTRACTED
aten/src/ATen/native/cpu/Activation.cpp,elu_backward_stub,elu_backward_kernel,1332,aten_elu_backward,EXTRACTED
aten/src/ATen/native/cpu/Activation.cpp,GeluKernel,GeluKernelImpl,1333,"aten_gelu_cpu_exact,aten_gelu_cpu_tanh",EXTRACTED
aten/src/ATen/native/cpu/Activation.cpp,GeluBackwardKernel,GeluBackwardKernelImpl,1334,"aten_gelu_backward_cpu_exact,aten_gelu_backward_cpu_tanh",EXTRACTED
aten/src/ATen/native/cpu/Activation.cpp,hardswish_stub,hardswish_kernel,1335,aten_hardswish,EXTRACTED
aten/src/ATen/native/cpu/Activation.cpp,hardswish_backward_stub,hardswish_backward_kernel,1336,aten_hardswish_backward,EXTRACTED
aten/src/ATen/native/cpu/Activation.cpp,softplus_stub,softplus_kernel,1337,aten_softplus,EXTRACTED
aten/src/ATen/native/cpu/Activation.cpp,softplus_backward_stub,softplus_backward_kernel,1338,aten_softplus_backward,EXTRACTED
aten/src/ATen/native/cpu/Activation.cpp,silu_stub,silu_kernel,1339,aten_silu_cpu,EXTRACTED
aten/src/ATen/native/cpu/Activation.cpp,silu_backward_stub,silu_backward_kernel,1340,aten_silu_backward,EXTRACTED
aten/src/ATen/native/cpu/Activation.cpp,mish_stub,mish_kernel,1341,aten_mish,EXTRACTED
aten/src/ATen/native/cpu/Activation.cpp,mish_backward_stub,mish_backward_kernel,1342,aten_mish_backward,EXTRACTED
aten/src/ATen/native/cpu/AdaptiveAvgPoolKernel.cpp,adaptive_avg_pool2d_kernel,adaptive_avg_pool2d_kernel_impl,857,aten_adaptive_avg_pool2d_cpu,EXTRACTED
aten/src/ATen/native/cpu/AdaptiveAvgPoolKernel.cpp,adaptive_avg_pool2d_backward_kernel,adapative_avg_pool2d_backward_kernel_impl,858,aten_adaptive_avg_pool2d_backward_cpu,EXTRACTED
aten/src/ATen/native/cpu/AdaptiveAvgPoolKernel.cpp,adaptive_avg_pool3d_kernel,adaptive_avg_pool3d_kernel_impl,859,aten_adaptive_avg_pool3d_cpu,EXTRACTED
aten/src/ATen/native/cpu/AdaptiveAvgPoolKernel.cpp,adaptive_avg_pool3d_backward_kernel,adapative_avg_pool3d_backward_kernel_impl,860,aten_adaptive_avg_pool3d_backward_cpu,EXTRACTED
aten/src/ATen/native/cpu/AdaptiveMaxPoolKernel.cpp,adaptive_max_pool2d_kernel,adaptive_max_pool2d_kernel_impl,983,aten_adaptive_max_pool2d_cpu,EXTRACTED
aten/src/ATen/native/cpu/AdaptiveMaxPoolKernel.cpp,adaptive_max_pool2d_backward_kernel,adaptive_max_pool2d_backward_kernel_impl,984,aten_adaptive_max_pool2d_backward_cpu,EXTRACTED
aten/src/ATen/native/cpu/AdaptiveMaxPoolKernel.cpp,adaptive_max_pool3d_kernel,adaptive_max_pool3d_kernel_impl,985,aten_adaptive_max_pool3d_cpu,EXTRACTED
aten/src/ATen/native/cpu/AdaptiveMaxPoolKernel.cpp,adaptive_max_pool3d_backward_kernel,adaptive_max_pool3d_backward_kernel_impl,986,aten_adaptive_max_pool3d_backward_cpu,EXTRACTED
aten/src/ATen/native/cpu/AmpGradScalerKernels.cpp,_amp_foreach_non_finite_check_and_unscale_cpu_stub,_amp_foreach_non_finite_check_and_unscale_cpu_kernel,195,aten_masked_scale,EXTRACTED
aten/src/ATen/native/cpu/AmpGradScalerKernels.cpp,_amp_update_scale_cpu_stub,_amp_update_scale_cpu_kernel,196,aten_amp_update_scale_cpu,EXTRACTED
aten/src/ATen/native/cpu/AvgPoolKernel.cpp,avg_pool2d_kernel,avg_pool2d_kernel_impl,1133,aten_avg_pool2d_cpu,EXTRACTED
aten/src/ATen/native/cpu/AvgPoolKernel.cpp,avg_pool2d_backward_kernel,avg_pool2d_backward_kernel_impl,1134,aten_avg_pool2d_backward_cpu,EXTRACTED
aten/src/ATen/native/cpu/AvgPoolKernel.cpp,avg_pool3d_kernel,avg_pool3d_kernel_impl,1135,aten_avg_pool3d_cpu,EXTRACTED
aten/src/ATen/native/cpu/AvgPoolKernel.cpp,avg_pool3d_backward_kernel,avg_pool3d_backward_kernel_impl,1136,aten_avg_pool3d_backward_cpu,EXTRACTED
aten/src/ATen/native/cpu/BinaryOpsKernel.cpp,add_clamp_stub,add_clamp_kernel,1447,aten_add_clamp,EXTRACTED
aten/src/ATen/native/cpu/BinaryOpsKernel.cpp,mul_stub,mul_kernel,1448,aten_mul,EXTRACTED
aten/src/ATen/native/cpu/BinaryOpsKernel.cpp,div_true_stub,div_true_kernel,1449,aten_div,EXTRACTED
aten/src/ATen/native/cpu/BinaryOpsKernel.cpp,div_trunc_stub,div_trunc_kernel,1450,aten_div_trunc,EXTRACTED
aten/src/ATen/native/cpu/BinaryOpsKernel.cpp,div_floor_stub,div_floor_kernel,1451,aten_div_floor,EXTRACTED
aten/src/ATen/native/cpu/BinaryOpsKernel.cpp,bitwise_and_stub,bitwise_and_kernel,1452,aten_bitwise_and_i32,EXTRACTED
aten/src/ATen/native/cpu/BinaryOpsKernel.cpp,bitwise_or_stub,bitwise_or_kernel,1453,aten_bitwise_or_i32,EXTRACTED
aten/src/ATen/native/cpu/BinaryOpsKernel.cpp,bitwise_xor_stub,bitwise_xor_kernel,1454,aten_bitwise_xor_i32,EXTRACTED
aten/src/ATen/native/cpu/BinaryOpsKernel.cpp,lshift_stub,lshift_kernel,1455,aten_lshift_i32,EXTRACTED
aten/src/ATen/native/cpu/BinaryOpsKernel.cpp,rshift_stub,rshift_kernel,1456,aten_rshift_i32,EXTRACTED
aten/src/ATen/native/cpu/BinaryOpsKernel.cpp,logical_xor_stub,logical_xor_kernel,1457,aten_logical_xor,EXTRACTED
aten/src/ATen/native/cpu/BinaryOpsKernel.cpp,logical_and_stub,logical_and_kernel,1458,aten_logical_and,EXTRACTED
aten/src/ATen/native/cpu/BinaryOpsKernel.cpp,logical_or_stub,logical_or_kernel,1459,aten_logical_or,EXTRACTED
aten/src/ATen/native/cpu/BinaryOpsKernel.cpp,lt_stub,lt_kernel,1460,aten_lt,EXTRACTED
aten/src/ATen/native/cpu/BinaryOpsKernel.cpp,le_stub,le_kernel,1461,aten_le,EXTRACTED
aten/src/ATen/native/cpu/BinaryOpsKernel.cpp,gt_stub,gt_kernel,1462,aten_gt,EXTRACTED
aten/src/ATen/native/cpu/BinaryOpsKernel.cpp,ge_stub,ge_kernel,1463,aten_ge,EXTRACTED
aten/src/ATen/native/cpu/BinaryOpsKernel.cpp,eq_stub,eq_kernel,1464,aten_eq,EXTRACTED
aten/src/ATen/native/cpu/BinaryOpsKernel.cpp,ne_stub,ne_kernel,1465,aten_ne,EXTRACTED
aten/src/ATen/native/cpu/BinaryOpsKernel.cpp,maximum_stub,maximum_kernel,1466,aten_maximum,EXTRACTED
aten/src/ATen/native/cpu/BinaryOpsKernel.cpp,minimum_stub,minimum_kernel,1467,aten_minimum,EXTRACTED
aten/src/ATen/native/cpu/BinaryOpsKernel.cpp,fmax_stub,fmax_kernel,1468,aten_fmax,EXTRACTED
aten/src/ATen/native/cpu/BinaryOpsKernel.cpp,fmin_stub,fmin_kernel,1469,aten_fmin,EXTRACTED
aten/src/ATen/native/cpu/BinaryOpsKernel.cpp,copysign_stub,copysign_kernel,1470,aten_copysign,EXTRACTED
aten/src/ATen/native/cpu/BinaryOpsKernel.cpp,remainder_stub,remainder_kernel,1471,aten_remainder,EXTRACTED
aten/src/ATen/native/cpu/BinaryOpsKernel.cpp,fmod_stub,fmod_kernel,1472,aten_fmod,EXTRACTED
aten/src/ATen/native/cpu/BinaryOpsKernel.cpp,gcd_stub,gcd_kernel,1473,aten_gcd_i32,EXTRACTED
aten/src/ATen/native/cpu/BinaryOpsKernel.cpp,lcm_stub,lcm_kernel,1474,aten_lcm_i32,EXTRACTED
aten/src/ATen/native/cpu/BinaryOpsKernel.cpp,xlogy_stub,xlogy_kernel,1475,aten_xlogy,EXTRACTED
aten/src/ATen/native/cpu/BinaryOpsKernel.cpp,xlog1py_stub,xlog1py_kernel,1476,aten_xlog1py,EXTRACTED
aten/src/ATen/native/cpu/BinaryOpsKernel.cpp,zeta_stub,zeta_kernel,1477,aten_zeta,EXTRACTED
aten/src/ATen/native/cpu/BinaryOpsKernel.cpp,nextafter_stub,nextafter_kernel,1478,aten_nextafter,EXTRACTED
aten/src/ATen/native/cpu/BinaryOpsKernel.cpp,heaviside_stub,heaviside_kernel,1479,aten_heaviside,EXTRACTED
aten/src/ATen/native/cpu/BinaryOpsKernel.cpp,chebyshev_polynomial_t_stub,chebyshev_polynomial_t_kernel,1480,aten_chebyshev_polynomial_t,EXTRACTED
aten/src/ATen/native/cpu/BinaryOpsKernel.cpp,chebyshev_polynomial_v_stub,chebyshev_polynomial_v_kernel,1481,aten_chebyshev_polynomial_v,EXTRACTED
aten/src/ATen/native/cpu/BinaryOpsKernel.cpp,chebyshev_polynomial_w_stub,chebyshev_polynomial_w_kernel,1482,aten_chebyshev_polynomial_w,EXTRACTED
aten/src/ATen/native/cpu/BinaryOpsKernel.cpp,laguerre_polynomial_l_stub,laguerre_polynomial_l_kernel,1483,aten_laguerre_polynomial_l,EXTRACTED
aten/src/ATen/native/cpu/BinaryOpsKernel.cpp,legendre_polynomial_p_stub,legendre_polynomial_p_kernel,1484,aten_legendre_polynomial_p,EXTRACTED
aten/src/ATen/native/cpu/BinaryOpsKernel.cpp,shifted_chebyshev_polynomial_t_stub,shifted_chebyshev_polynomial_t_kernel,1485,aten_chebyshev_polynomial_t,EXTRACTED
aten/src/ATen/native/cpu/BinaryOpsKernel.cpp,shifted_chebyshev_polynomial_u_stub,shifted_chebyshev_polynomial_u_kernel,1488,aten_chebyshev_polynomial_u,EXTRACTED
aten/src/ATen/native/cpu/BinaryOpsKernel.cpp,shifted_chebyshev_polynomial_v_stub,shifted_chebyshev_polynomial_v_kernel,1491,aten_chebyshev_polynomial_v,EXTRACTED
aten/src/ATen/native/cpu/BinaryOpsKernel.cpp,shifted_chebyshev_polynomial_w_stub,shifted_chebyshev_polynomial_w_kernel,1494,aten_chebyshev_polynomial_w,EXTRACTED
aten/src/ATen/native/cpu/BinaryOpsKernel.cpp,chebyshev_polynomial_u_stub,chebyshev_polynomial_u_kernel,1498,aten_chebyshev_polynomial_u,EXTRACTED
aten/src/ATen/native/cpu/BinaryOpsKernel.cpp,hermite_polynomial_h_stub,hermite_polynomial_h_kernel,1499,aten_hermite_polynomial_h,EXTRACTED
aten/src/ATen/native/cpu/BinaryOpsKernel.cpp,hermite_polynomial_he_stub,hermite_polynomial_he_kernel,1500,aten_hermite_polynomial_he,EXTRACTED
aten/src/ATen/native/cpu/BinaryOpsKernel.cpp,ldexp_stub,ldexp_kernel,1501,aten_ldexp,EXTRACTED
aten/src/ATen/native/cpu/BinaryOpsKernel.cpp,atan2_stub,atan2_kernel,1503,aten_atan2,EXTRACTED
aten/src/ATen/native/cpu/BinaryOpsKernel.cpp,smooth_l1_stub,smooth_l1_kernel,1504,aten_smooth_l1_elementwise,EXTRACTED
aten/src/ATen/native/cpu/BinaryOpsKernel.cpp,huber_stub,huber_kernel,1505,aten_huber_elementwise,EXTRACTED
aten/src/ATen/native/cpu/BinaryOpsKernel.cpp,sigmoid_backward_stub,sigmoid_backward_kernel,1506,aten_sigmoid_backward,EXTRACTED
aten/src/ATen/native/cpu/BinaryOpsKernel.cpp,logit_backward_stub,logit_backward_kernel,1507,aten_logit_backward,EXTRACTED
aten/src/ATen/native/cpu/BinaryOpsKernel.cpp,tanh_backward_stub,tanh_backward_kernel,1508,aten_tanh_backward,EXTRACTED
aten/src/ATen/native/cpu/BinaryOpsKernel.cpp,mse_stub,mse_kernel,1509,aten_mse_elementwise,EXTRACTED
aten/src/ATen/native/cpu/BinaryOpsKernel.cpp,logaddexp_stub,logaddexp_kernel,1510,aten_logaddexp,EXTRACTED
aten/src/ATen/native/cpu/BinaryOpsKernel.cpp,logaddexp2_stub,logaddexp2_kernel,1511,aten_logaddexp2,EXTRACTED
aten/src/ATen/native/cpu/BinaryOpsKernel.cpp,hypot_stub,hypot_kernel,1512,aten_hypot,EXTRACTED
aten/src/ATen/native/cpu/BinaryOpsKernel.cpp,igamma_stub,igamma_kernel,1513,aten_igamma,EXTRACTED
aten/src/ATen/native/cpu/BinaryOpsKernel.cpp,igammac_stub,igammac_kernel,1514,aten_igammac,EXTRACTED
aten/src/ATen/native/cpu/CatKernel.cpp,cat_serial_stub,cat_serial_kernel,81,aten_cat_serial_cpu,EXTRACTED
aten/src/ATen/native/cpu/ChannelShuffleKernel.cpp,channel_shuffle_kernel,channel_shuffle_kernel_impl,114,aten_channel_shuffle_cpu,EXTRACTED
aten/src/ATen/native/cpu/ComplexKernel.cpp,complex_stub,complex_kernel,28,aten_complex_scalarized,EXTRACTED
aten/src/ATen/native/cpu/ComplexKernel.cpp,polar_stub,polar_kernel,29,aten_polar_scalarized,EXTRACTED
aten/src/ATen/native/cpu/CopyKernel.cpp,copy_stub,copy_kernel,328,aten_copy_cpu,EXTRACTED
aten/src/ATen/native/cpu/CrossKernel.cpp,cross_stub,cross_kernel_impl,79,aten_cross_cpu_backend,EXTRACTED
aten/src/ATen/native/cpu/DepthwiseConvKernel.cpp,convolution_depthwise3x3_winograd_stub,_convolution_depthwise3x3_winograd,544,aten_depthwise_conv3x3_cpu,EXTRACTED
aten/src/ATen/native/cpu/DistanceOpsKernel.cpp,pdist_forward_stub,pdist_forward_kernel_impl,445,aten_pdist_forward_cpu,EXTRACTED
aten/src/ATen/native/cpu/DistanceOpsKernel.cpp,pdist_backward_stub,pdist_backward_kernel_impl,446,aten_pdist_backward_cpu,EXTRACTED
aten/src/ATen/native/cpu/DistanceOpsKernel.cpp,cdist_stub,cdist_kernel_impl,447,aten_cdist_cpu,EXTRACTED
aten/src/ATen/native/cpu/DistanceOpsKernel.cpp,cdist_backward_stub,cdist_backward_kernel_impl,448,aten_cdist_backward_cpu,EXTRACTED
aten/src/ATen/native/cpu/DistributionKernels.cpp,bernoulli_tensor_stub,bernoulli_tensor_kernel,241,aten_bernoulli_tensor_cpu,EXTRACTED
aten/src/ATen/native/cpu/DistributionKernels.cpp,bernoulli_scalar_stub,bernoulli_scalar_kernel,242,aten_bernoulli_scalar_cpu,EXTRACTED
aten/src/ATen/native/cpu/DistributionKernels.cpp,cauchy_stub,cauchy_kernel,243,aten_cauchy_cpu,EXTRACTED
aten/src/ATen/native/cpu/DistributionKernels.cpp,exponential_stub,exponential_kernel,244,aten_exponential_cpu,EXTRACTED
aten/src/ATen/native/cpu/DistributionKernels.cpp,geometric_stub,geometric_kernel,245,aten_geometric_cpu,EXTRACTED
aten/src/ATen/native/cpu/DistributionKernels.cpp,log_normal_stub,log_normal_kernel,246,"aten_log_normal_cpu,aten_normal_cpu",EXTRACTED
aten/src/ATen/native/cpu/DistributionKernels.cpp,normal_stub,normal_kernel,247,"aten_log_normal_cpu,aten_normal_cpu",EXTRACTED
aten/src/ATen/native/cpu/DistributionKernels.cpp,uniform_stub,uniform_kernel,248,aten_uniform_cpu,EXTRACTED
aten/src/ATen/native/cpu/DistributionKernels.cpp,random_from_to_stub,random_from_to_kernel,249,aten_random_from_to_cpu,EXTRACTED
aten/src/ATen/native/cpu/DistributionKernels.cpp,random_full_64_bits_range_stub,random_full_64_bits_range_kernel,250,aten_random_full_64_bits_range_cpu,EXTRACTED
aten/src/ATen/native/cpu/DistributionKernels.cpp,random_stub,random_kernel,251,aten_random_cpu,EXTRACTED
aten/src/ATen/native/cpu/FillKernel.cpp,fill_stub,fill_kernel,73,aten_fill,EXTRACTED
aten/src/ATen/native/cpu/FlashAttentionKernel.cpp,flash_attention_kernel,flash_attention_kernel_impl,1274,aten_flash_attention_cpu,EXTRACTED
aten/src/ATen/native/cpu/FlashAttentionKernel.cpp,flash_attention_backward_kernel,flash_attention_backward_kernel_impl,1275,aten_flash_attention_backward_cpu,EXTRACTED
aten/src/ATen/native/cpu/FunctionOfAMatrixUtilsKernel.cpp,_compute_linear_combination_stub,_compute_linear_combination_cpu_kernel,55,aten_linear_combination_cpu,EXTRACTED
aten/src/ATen/native/cpu/FusedAdagradKernel.cpp,fused_adagrad_stub,fused_adagrad_kernel,217,aten_fused_adagrad_cpu,EXTRACTED
aten/src/ATen/native/cpu/FusedAdamKernel.cpp,fused_adam_stub,fused_adam_kernel,367,aten_fused_adam_cpu,EXTRACTED
aten/src/ATen/native/cpu/FusedSGDKernel.cpp,fused_sgd_stub,fused_sgd_kernel,267,aten_fused_sgd_cpu,EXTRACTED
aten/src/ATen/native/cpu/GridSamplerKernel.cpp,grid_sampler_2d_cpu_kernel,grid_sampler_2d_cpu_kernel_impl,1325,aten_grid_sampler_2d_cpu,EXTRACTED
aten/src/ATen/native/cpu/GridSamplerKernel.cpp,grid_sampler_2d_backward_cpu_kernel,grid_sampler_2d_backward_cpu_kernel_impl,1326,aten_grid_sampler_2d_backward_cpu,EXTRACTED
aten/src/ATen/native/cpu/HistogramKernel.cpp,histogramdd_stub,histogramdd_kernel_impl,310,aten_histogramdd_cpu,EXTRACTED
aten/src/ATen/native/cpu/HistogramKernel.cpp,histogramdd_linear_stub,histogramdd_linear_kernel_impl,311,aten_histogramdd_linear_cpu,EXTRACTED
aten/src/ATen/native/cpu/HistogramKernel.cpp,histogram_select_outer_bin_edges_stub,histogram_select_outer_bin_edges_impl,312,aten_histogram_select_outer_bin_edges_cpu,EXTRACTED
aten/src/ATen/native/cpu/IndexKernel.cpp,index_stub,index_kernel,818,aten_index_cpu,EXTRACTED
aten/src/ATen/native/cpu/IndexKernel.cpp,index_fill_stub,index_fill_kernel,819,aten_index_fill_cpu,EXTRACTED
aten/src/ATen/native/cpu/IndexKernel.cpp,index_copy_stub,index_copy_kernel,820,aten_index_copy_cpu,EXTRACTED
aten/src/ATen/native/cpu/IndexKernel.cpp,index_put_stub,index_put_kernel,821,"aten_index_put_cpu,aten_put_cpu",EXTRACTED
aten/src/ATen/native/cpu/IndexKernel.cpp,put_stub,put_kernel,822,"aten_index_put_cpu,aten_put_cpu",EXTRACTED
aten/src/ATen/native/cpu/IndexKernel.cpp,take_stub,take_kernel,823,aten_take_cpu,EXTRACTED
aten/src/ATen/native/cpu/IndexKernel.cpp,masked_fill_stub,masked_fill_kernel,824,aten_masked_fill_cpu,EXTRACTED
aten/src/ATen/native/cpu/IndexKernel.cpp,masked_select_serial_stub,masked_select_serial_kernel,825,aten_masked_select_serial_cpu,EXTRACTED
aten/src/ATen/native/cpu/IndexKernel.cpp,masked_select_stub,masked_select_kernel,826,aten_masked_select_cpu,EXTRACTED
aten/src/ATen/native/cpu/IndexKernel.cpp,masked_scatter_stub,masked_scatter_kernel,827,aten_masked_scatter_cpu,EXTRACTED
aten/src/ATen/native/cpu/IndexKernel.cpp,flip_stub,flip_kernel,828,aten_flip_cpu,EXTRACTED
aten/src/ATen/native/cpu/LerpKernel.cpp,lerp_kernel_scalar_weight,lerp_scalar_kernel,161,aten_lerp_scalar_cpu,EXTRACTED
aten/src/ATen/native/cpu/LerpKernel.cpp,lerp_kernel_tensor_weight,lerp_tensor_kernel,162,aten_lerp_tensor_cpu,EXTRACTED
aten/src/ATen/native/cpu/LinearAlgebraKernel.cpp,addr_stub,addr_kernel,88,aten_addr_elementwise,EXTRACTED
aten/src/ATen/native/cpu/MaxPoolKernel.cpp,max_pool2d_kernel,max_pool2d_kernel_impl,743,aten_max_pool2d,EXTRACTED
aten/src/ATen/native/cpu/MaxPoolKernel.cpp,max_pool2d_backward_kernel,max_pool2d_backward_kernel_impl,744,aten_max_pool2d,EXTRACTED
aten/src/ATen/native/cpu/MaxPoolKernel.cpp,max_pool3d_kernel,max_pool3d_kernel_impl,745,aten_max_pool3d_cpu,EXTRACTED
aten/src/ATen/native/cpu/MaxPoolKernel.cpp,max_pool3d_backward_kernel,max_pool3d_backward_kernel_impl,746,aten_max_pool3d_backward_cpu,EXTRACTED
aten/src/ATen/native/cpu/MaxPooling.cpp,max_pool1d_stub,max_pool1d_impl,62,aten_max_pool1d_cpu,EXTRACTED
aten/src/ATen/native/cpu/MaxUnpoolKernel.cpp,max_unpool2d_kernel,max_unpool2d_kernel_impl,275,aten_max_unpool2d_cpu,EXTRACTED
aten/src/ATen/native/cpu/MaxUnpoolKernel.cpp,max_unpool3d_kernel,max_unpool3d_kernel_impl,276,aten_max_unpool3d_cpu,EXTRACTED
aten/src/ATen/native/cpu/MultinomialKernel.cpp,multinomial_with_replacement_stub,multinomial_with_replacement_kernel_impl,226,aten_multinomial_with_replacement_cpu,EXTRACTED
aten/src/ATen/native/cpu/NativeMultiheadAttnKernel.cpp,transform_bias_rescale_qkv_stub,transform_bias_rescale_qkv_kernel_impl,109,aten_transform_bias_rescale_qkv_cpu,EXTRACTED
aten/src/ATen/native/cpu/PaddingKernel.cpp,reflection_pad1d_kernel,reflection_pad1d_kernel_impl,714,aten_reflection_pad1d_cpu,EXTRACTED
aten/src/ATen/native/cpu/PaddingKernel.cpp,reflection_pad1d_backward_kernel,reflection_pad1d_backward_kernel_impl,715,aten_reflection_pad1d_backward_cpu,EXTRACTED
aten/src/ATen/native/cpu/PaddingKernel.cpp,reflection_pad2d_kernel,reflection_pad2d_kernel_impl,716,aten_reflection_pad2d_cpu,EXTRACTED
aten/src/ATen/native/cpu/PaddingKernel.cpp,reflection_pad2d_backward_kernel,reflection_pad2d_backward_kernel_impl,717,aten_reflection_pad2d_backward_cpu,EXTRACTED
aten/src/ATen/native/cpu/PaddingKernel.cpp,reflection_pad3d_kernel,reflection_pad3d_kernel_impl,718,aten_reflection_pad3d_cpu,EXTRACTED
aten/src/ATen/native/cpu/PaddingKernel.cpp,reflection_pad3d_backward_kernel,reflection_pad3d_backward_kernel_impl,719,aten_reflection_pad3d_backward_cpu,EXTRACTED
aten/src/ATen/native/cpu/PaddingKernel.cpp,replication_pad1d_kernel,replication_pad1d_kernel_impl,722,aten_replication_pad1d_cpu,EXTRACTED
aten/src/ATen/native/cpu/PaddingKernel.cpp,replication_pad1d_backward_kernel,replication_pad1d_backward_kernel_impl,723,aten_replication_pad1d_backward_cpu,EXTRACTED
aten/src/ATen/native/cpu/PaddingKernel.cpp,replication_pad2d_kernel,replication_pad2d_kernel_impl,724,aten_replication_pad2d_cpu,EXTRACTED
aten/src/ATen/native/cpu/PaddingKernel.cpp,replication_pad2d_backward_kernel,replication_pad2d_backward_kernel_impl,725,aten_replication_pad2d_backward_cpu,EXTRACTED
aten/src/ATen/native/cpu/PaddingKernel.cpp,replication_pad3d_kernel,replication_pad3d_kernel_impl,726,aten_replication_pad3d_cpu,EXTRACTED
aten/src/ATen/native/cpu/PaddingKernel.cpp,replication_pad3d_backward_kernel,replication_pad3d_backward_kernel_impl,727,aten_replication_pad3d_backward_cpu,EXTRACTED
aten/src/ATen/native/cpu/PixelShuffleKernel.cpp,pixel_shuffle_kernel,pixel_shuffle_kernel_impl,250,aten_pixel_shuffle_cpu_backend,EXTRACTED
aten/src/ATen/native/cpu/PixelShuffleKernel.cpp,pixel_unshuffle_kernel,pixel_unshuffle_kernel_impl,251,aten_pixel_unshuffle_cpu_backend,EXTRACTED
aten/src/ATen/native/cpu/PointwiseOpsKernel.cpp,addcmul_stub,addcmul_cpu_kernel,240,aten_addcmul,EXTRACTED
aten/src/ATen/native/cpu/PointwiseOpsKernel.cpp,addcdiv_stub,addcdiv_cpu_kernel,241,aten_addcdiv,EXTRACTED
aten/src/ATen/native/cpu/PointwiseOpsKernel.cpp,smooth_l1_backward_stub,smooth_l1_backward_cpu_kernel,242,aten_smooth_l1_backward,EXTRACTED
aten/src/ATen/native/cpu/PointwiseOpsKernel.cpp,huber_backward_stub,huber_backward_cpu_kernel,243,aten_huber_backward,EXTRACTED
aten/src/ATen/native/cpu/PointwiseOpsKernel.cpp,mse_backward_stub,mse_backward_cpu_kernel,244,aten_mse_backward,EXTRACTED
aten/src/ATen/native/cpu/PowKernel.cpp,pow_tensor_tensor_stub,pow_tensor_tensor_kernel,150,aten_pow,EXTRACTED
aten/src/ATen/native/cpu/PowKernel.cpp,pow_tensor_scalar_stub,pow_tensor_scalar_kernel,151,aten_pow_tensor_scalar,EXTRACTED
aten/src/ATen/native/cpu/RangeFactoriesKernel.cpp,arange_stub,arange_kernel,74,aten_arange_cpu,EXTRACTED
aten/src/ATen/native/cpu/RangeFactoriesKernel.cpp,linspace_stub,linspace_kernel,75,aten_linspace,EXTRACTED
aten/src/ATen/native/cpu/ReduceAllOpsKernel.cpp,min_all_stub,min_all_kernel_impl,223,aten_min_all_cpu,EXTRACTED
aten/src/ATen/native/cpu/ReduceAllOpsKernel.cpp,max_all_stub,max_all_kernel_impl,224,aten_max_all_cpu,EXTRACTED
aten/src/ATen/native/cpu/ReduceAllOpsKernel.cpp,aminmax_allreduce_stub,aminmax_allreduce_kernel,225,aten_aminmax_allreduce_cpu,EXTRACTED
aten/src/ATen/native/cpu/ReduceOpsKernel.cpp,std_var_stub,std_var_kernel_impl,548,aten_std_var_cpu,EXTRACTED
aten/src/ATen/native/cpu/ReduceOpsKernel.cpp,prod_stub,prod_kernel_impl,549,aten_prod,EXTRACTED
aten/src/ATen/native/cpu/ReduceOpsKernel.cpp,mean_stub,nullptr,552,,NO_IMPLEMENTATION
aten/src/ATen/native/cpu/ReduceOpsKernel.cpp,norm_stub,norm_kernel_tensor_iterator_impl,553,aten_norm_cpu,EXTRACTED
aten/src/ATen/native/cpu/ReduceOpsKernel.cpp,powsum_stub,powsum_kernel_tensor_iterator_impl,554,aten_powsum_cpu,EXTRACTED
aten/src/ATen/native/cpu/ReduceOpsKernel.cpp,and_stub,and_kernel_impl,555,aten_and_reduce_cpu,EXTRACTED
aten/src/ATen/native/cpu/ReduceOpsKernel.cpp,or_stub,or_kernel_impl,556,aten_or_reduce_cpu,EXTRACTED
aten/src/ATen/native/cpu/ReduceOpsKernel.cpp,min_values_stub,min_values_kernel_impl,557,aten_min_values_cpu,EXTRACTED
aten/src/ATen/native/cpu/ReduceOpsKernel.cpp,max_values_stub,max_values_kernel_impl,558,aten_max_values_cpu,EXTRACTED
aten/src/ATen/native/cpu/ReduceOpsKernel.cpp,argmax_stub,argmax_kernel_impl,559,aten_argmax_cpu,EXTRACTED
aten/src/ATen/native/cpu/ReduceOpsKernel.cpp,argmin_stub,argmin_kernel_impl,560,aten_argmin_cpu,EXTRACTED
aten/src/ATen/native/cpu/ReduceOpsKernel.cpp,xor_sum_stub,xor_sum_kernel_impl,561,aten_xor_sum_cpu,EXTRACTED
aten/src/ATen/native/cpu/ReduceOpsKernel.cpp,cumprod_stub,cumprod_cpu_kernel,563,aten_cumprod_cpu,EXTRACTED
aten/src/ATen/native/cpu/ReduceOpsKernel.cpp,cumsum_stub,cumsum_cpu_kernel,564,aten_cumsum,EXTRACTED
aten/src/ATen/native/cpu/ReduceOpsKernel.cpp,logcumsumexp_stub,logcumsumexp_cpu_kernel,565,aten_logcumsumexp_cpu,EXTRACTED
aten/src/ATen/native/cpu/ReducedPrecisionFloatGemvFastPathKernel.cpp,fp16_gemv_trans_stub,fp16_gemv_trans,496,aten_fp16_gemv_trans_cpu,EXTRACTED
aten/src/ATen/native/cpu/ReducedPrecisionFloatGemvFastPathKernel.cpp,bf16_gemv_trans_stub,bf16_gemv_trans,497,aten_bf16_gemv_trans_cpu,EXTRACTED
aten/src/ATen/native/cpu/ReducedPrecisionFloatGemvFastPathKernel.cpp,fp16_dot_stub,fp16_dot,498,aten_fp16_dot_cpu,EXTRACTED
aten/src/ATen/native/cpu/ReducedPrecisionFloatGemvFastPathKernel.cpp,bf16_dot_stub,bf16_dot,499,aten_bf16_dot_cpu,EXTRACTED
aten/src/ATen/native/cpu/RenormKernel.cpp,renorm_scale_factor_stub,renorm_scale_factor_impl,36,aten_renorm_scale_factor,EXTRACTED
aten/src/ATen/native/cpu/SampledAddmmKernel.cpp,sampled_addmm_sparse_csr_stub,sampled_addmm_sparse_csr_kernel,97,aten_sampled_addmm_sparse_csr_cpu,EXTRACTED
aten/src/ATen/native/cpu/ScatterGatherKernel.cpp,gather_stub,gather_cpu_kernel,1195,aten_gather_cpu,EXTRACTED
aten/src/ATen/native/cpu/ScatterGatherKernel.cpp,scatter_stub,scatter_cpu_kernel,1196,aten_scatter_cpu,EXTRACTED
aten/src/ATen/native/cpu/ScatterGatherKernel.cpp,scatter_fill_stub,scatter_fill_cpu_kernel,1197,aten_scatter_fill_cpu,EXTRACTED
aten/src/ATen/native/cpu/ScatterGatherKernel.cpp,scatter_add_stub,scatter_add_cpu_kernel,1198,aten_scatter_add_cpu,EXTRACTED
aten/src/ATen/native/cpu/ScatterGatherKernel.cpp,scatter_reduce_stub,scatter_reduce_cpu_kernel,1199,aten_scatter_reduce_cpu,EXTRACTED
aten/src/ATen/native/cpu/ScatterGatherKernel.cpp,scatter_scalar_reduce_stub,scatter_scalar_reduce_cpu_kernel,1200,aten_scatter_scalar_reduce_cpu,EXTRACTED
aten/src/ATen/native/cpu/ScatterGatherKernel.cpp,scatter_reduce_two_stub,scatter_reduce_two_cpu_kernel,1201,aten_scatter_reduce_two_cpu,EXTRACTED
aten/src/ATen/native/cpu/ScatterGatherKernel.cpp,scatter_add_expanded_index_stub,scatter_add_expanded_index_kernel,1204,aten_scatter_add_expanded_index_cpu,EXTRACTED
aten/src/ATen/native/cpu/ScatterGatherKernel.cpp,scatter_reduce_expanded_index_stub,scatter_reduce_expanded_index_kernel,1205,aten_scatter_reduce_expanded_index_cpu,EXTRACTED
aten/src/ATen/native/cpu/ScatterGatherKernel.cpp,gather_expanded_index_stub,gather_expanded_index_kernel,1206,aten_gather_expanded_index_cpu,EXTRACTED
aten/src/ATen/native/cpu/SoftMaxKernel.cpp,softmax_lastdim_kernel,softmax_lastdim_kernel_impl,1059,aten_softmax,EXTRACTED
aten/src/ATen/native/cpu/SoftMaxKernel.cpp,log_softmax_lastdim_kernel,log_softmax_lastdim_kernel_impl,1060,aten_softmax,EXTRACTED
aten/src/ATen/native/cpu/SoftMaxKernel.cpp,softmax_backward_lastdim_kernel,softmax_backward_lastdim_kernel_impl,1061,aten_softmax,EXTRACTED
aten/src/ATen/native/cpu/SoftMaxKernel.cpp,log_softmax_backward_lastdim_kernel,log_softmax_backward_lastdim_kernel_impl,1064,aten_softmax,EXTRACTED
aten/src/ATen/native/cpu/SoftMaxKernel.cpp,softmax_kernel,softmax_kernel_impl,1068,aten_softmax,EXTRACTED
aten/src/ATen/native/cpu/SoftMaxKernel.cpp,log_softmax_kernel,log_softmax_kernel_impl,1069,aten_softmax,EXTRACTED
aten/src/ATen/native/cpu/SoftMaxKernel.cpp,softmax_backward_kernel,softmax_backward_kernel_impl,1070,aten_softmax,EXTRACTED
aten/src/ATen/native/cpu/SoftMaxKernel.cpp,log_softmax_backward_kernel,log_softmax_backward_kernel_impl,1071,aten_softmax,EXTRACTED
aten/src/ATen/native/cpu/SortingKernel.cpp,sort_stub,sort_kernel,267,aten_sort_cpu,EXTRACTED
aten/src/ATen/native/cpu/SortingKernel.cpp,topk_stub,topk_kernel,268,aten_topk_cpu,EXTRACTED
aten/src/ATen/native/cpu/SparseFactories.cpp,spdiags_kernel_stub,_spdiags_kernel_cpu,63,aten_spdiags_cpu,EXTRACTED
aten/src/ATen/native/cpu/SpmmReduceKernel.cpp,spmm_reduce_stub,spmm_reduce_kernel,558,aten_spmm_reduce_cpu,EXTRACTED
aten/src/ATen/native/cpu/SpmmReduceKernel.cpp,spmm_reduce_arg_stub,spmm_reduce_arg_kernel,559,aten_spmm_reduce_arg_cpu,EXTRACTED
aten/src/ATen/native/cpu/SpmmReduceKernel.cpp,spmm_reduce_backward_input_stub,spmm_reduce_backward_input_kernel,560,aten_spmm_reduce_backward_input_cpu,EXTRACTED
aten/src/ATen/native/cpu/SpmmReduceKernel.cpp,spmm_reduce_backward_input_arg_stub,spmm_reduce_backward_input_arg_kernel,561,aten_spmm_reduce_backward_input_arg_cpu,EXTRACTED
aten/src/ATen/native/cpu/SpmmReduceKernel.cpp,spmm_reduce_backward_other_stub,spmm_reduce_backward_other_kernel,562,aten_spmm_reduce_backward_other_cpu,EXTRACTED
aten/src/ATen/native/cpu/SpmmReduceKernel.cpp,spmm_reduce_backward_other_arg_stub,spmm_reduce_backward_other_arg_kernel,563,aten_spmm_reduce_backward_other_arg_cpu,EXTRACTED
aten/src/ATen/native/cpu/StackKernel.cpp,stack_serial_stub,stack_serial_kernel,22,aten_stack_serial_cpu,EXTRACTED
aten/src/ATen/native/cpu/SumKernel.cpp,nansum_stub,nansum_kernel_impl,643,"aten_nansum_cpu,aten_sum_cpu_backend",EXTRACTED
aten/src/ATen/native/cpu/SumKernel.cpp,sum_stub,sum_kernel_impl,644,"aten_nansum_cpu,aten_sum_cpu_backend",EXTRACTED
aten/src/ATen/native/cpu/TensorCompareKernel.cpp,max_stub,max_kernel_impl,404,aten_max_reduce_cpu,EXTRACTED
aten/src/ATen/native/cpu/TensorCompareKernel.cpp,min_stub,min_kernel_impl,405,aten_min_reduce_cpu,EXTRACTED
aten/src/ATen/native/cpu/TensorCompareKernel.cpp,aminmax_stub,aminmax_kernel,406,aten_aminmax_cpu,EXTRACTED
aten/src/ATen/native/cpu/TensorCompareKernel.cpp,where_kernel,where_kernel_impl,407,aten_where_cpu,EXTRACTED
aten/src/ATen/native/cpu/TensorCompareKernel.cpp,isposinf_stub,isposinf_kernel_impl,408,aten_isposinf,EXTRACTED
aten/src/ATen/native/cpu/TensorCompareKernel.cpp,isneginf_stub,isneginf_kernel_impl,409,aten_isneginf,EXTRACTED
aten/src/ATen/native/cpu/TensorCompareKernel.cpp,mode_stub,mode_kernel_impl,410,aten_mode_cpu,EXTRACTED
aten/src/ATen/native/cpu/TensorCompareKernel.cpp,clamp_stub,clamp_kernel_impl,411,aten_clamp_cpu,EXTRACTED
aten/src/ATen/native/cpu/TensorCompareKernel.cpp,clamp_scalar_stub,clamp_scalar_kernel_impl,412,aten_clamp_scalar_cpu,EXTRACTED
aten/src/ATen/native/cpu/TensorCompareKernel.cpp,clamp_min_scalar_stub,clamp_min_scalar_kernel_impl,413,aten_clamp_min_scalar_cpu,EXTRACTED
aten/src/ATen/native/cpu/TensorCompareKernel.cpp,clamp_max_scalar_stub,clamp_max_scalar_kernel_impl,414,aten_clamp_max_scalar_cpu,EXTRACTED
aten/src/ATen/native/cpu/TensorCompareKernel.cpp,isin_default_stub,isin_default_kernel_cpu,415,aten_isin_default_cpu,EXTRACTED
aten/src/ATen/native/cpu/UnaryOpsKernel.cpp,round_decimals_stub,round_decimals_kernel,818,aten_round_decimals,EXTRACTED
aten/src/ATen/native/cpu/UnaryOpsKernel.cpp,abs_stub,abs_kernel,819,aten_abs,EXTRACTED
aten/src/ATen/native/cpu/UnaryOpsKernel.cpp,angle_stub,angle_kernel,820,"aten_angle_complex_scalarized,aten_angle_real",EXTRACTED
aten/src/ATen/native/cpu/UnaryOpsKernel.cpp,neg_stub,neg_kernel,821,aten_neg,EXTRACTED
aten/src/ATen/native/cpu/UnaryOpsKernel.cpp,signbit_stub,signbit_kernel,822,aten_signbit,EXTRACTED
aten/src/ATen/native/cpu/UnaryOpsKernel.cpp,sinc_stub,sinc_kernel,823,aten_sinc,EXTRACTED
aten/src/ATen/native/cpu/UnaryOpsKernel.cpp,bitwise_not_stub,bitwise_not_kernel,824,aten_bitwise_not_i32,EXTRACTED
aten/src/ATen/native/cpu/UnaryOpsKernel.cpp,logical_not_stub,logical_not_kernel,825,aten_logical_not_f32,EXTRACTED
aten/src/ATen/native/cpu/UnaryOpsKernel.cpp,nan_to_num_stub,nan_to_num_kernel,826,aten_nan_to_num,EXTRACTED
aten/src/ATen/native/cpu/UnaryOpsKernel.cpp,conj_physical_stub,conj_kernel,827,aten_conj_complex_scalarized,EXTRACTED
aten/src/ATen/native/cpu/UnaryOpsKernel.cpp,rsqrt_stub,rsqrt_kernel,828,"aten_rsqrt,aten_sqrt",EXTRACTED
aten/src/ATen/native/cpu/UnaryOpsKernel.cpp,frac_stub,frac_kernel,829,aten_frac,EXTRACTED
aten/src/ATen/native/cpu/UnaryOpsKernel.cpp,special_entr_stub,entr_kernel,830,aten_entr,EXTRACTED
aten/src/ATen/native/cpu/UnaryOpsKernel.cpp,special_i0e_stub,i0e_kernel,831,aten_i0e,EXTRACTED
aten/src/ATen/native/cpu/UnaryOpsKernel.cpp,special_ndtri_stub,ndtri_kernel,832,aten_ndtri,EXTRACTED
aten/src/ATen/native/cpu/UnaryOpsKernel.cpp,special_modified_bessel_k0_stub,modified_bessel_k0_kernel,833,aten_modified_bessel_k0,EXTRACTED
aten/src/ATen/native/cpu/UnaryOpsKernel.cpp,special_modified_bessel_k1_stub,modified_bessel_k1_kernel,834,aten_modified_bessel_k1,EXTRACTED
aten/src/ATen/native/cpu/UnaryOpsKernel.cpp,sign_stub,sign_kernel,847,aten_sign,EXTRACTED
aten/src/ATen/native/cpu/UnaryOpsKernel.cpp,sgn_stub,sgn_kernel,848,aten_sgn_complex_scalarized,EXTRACTED
aten/src/ATen/native/cpu/UnaryOpsKernel.cpp,reciprocal_stub,reciprocal_kernel,849,aten_reciprocal,EXTRACTED
aten/src/ATen/native/cpu/UnaryOpsKernel.cpp,exp2_stub,exp2_kernel,850,aten_exp2,EXTRACTED
aten/src/ATen/native/cpu/UnaryOpsKernel.cpp,sigmoid_stub,sigmoid_kernel,851,aten_sigmoid,EXTRACTED
aten/src/ATen/native/cpu/UnaryOpsKernel.cpp,logit_stub,logit_kernel,852,aten_logit,EXTRACTED
aten/src/ATen/native/cpu/UnaryOpsKernel.cpp,sinh_stub,sinh_kernel,853,"aten_asinh,aten_sinh",EXTRACTED
aten/src/ATen/native/cpu/UnaryOpsKernel.cpp,cosh_stub,cosh_kernel,854,"aten_acosh,aten_cosh",EXTRACTED
aten/src/ATen/native/cpu/UnaryOpsKernel.cpp,atanh_stub,atanh_kernel,855,"aten_atanh,aten_tanh",EXTRACTED
aten/src/ATen/native/cpu/UnaryOpsKernel.cpp,acosh_stub,acosh_kernel,858,"aten_acosh,aten_cosh",EXTRACTED
aten/src/ATen/native/cpu/UnaryOpsKernel.cpp,asinh_stub,asinh_kernel,859,"aten_asinh,aten_sinh",EXTRACTED
aten/src/ATen/native/cpu/UnaryOpsKernel.cpp,digamma_stub,digamma_kernel,860,aten_digamma,EXTRACTED
aten/src/ATen/native/cpu/UnaryOpsKernel.cpp,trigamma_stub,trigamma_kernel,861,aten_trigamma,EXTRACTED
aten/src/ATen/native/cpu/UnaryOpsKernel.cpp,polygamma_stub,polygamma_kernel,862,aten_polygamma,EXTRACTED
aten/src/ATen/native/cpu/UnaryOpsKernel.cpp,kaiser_window_stub,kaiser_window_kernel,863,aten_kaiser_window,EXTRACTED
aten/src/ATen/native/cpu/UnaryOpsKernel.cpp,frexp_stub,frexp_kernel,864,aten_exp,EXTRACTED
aten/src/ATen/native/cpu/UnaryOpsKernel.cpp,special_log_ndtr_stub,log_ndtr_kernel,865,aten_log_ndtr,EXTRACTED
aten/src/ATen/native/cpu/UnaryOpsKernel.cpp,special_i1_stub,i1_kernel,866,"aten_i1,aten_modified_bessel_i1",EXTRACTED
aten/src/ATen/native/cpu/UnaryOpsKernel.cpp,special_i1e_stub,i1e_kernel,867,aten_i1e,EXTRACTED
aten/src/ATen/native/cpu/UnaryOpsKernel.cpp,special_erfcx_stub,erfcx_kernel,868,aten_erfcx,EXTRACTED
aten/src/ATen/native/cpu/UnaryOpsKernel.cpp,special_bessel_j0_stub,bessel_j0_kernel,869,aten_bessel_j0,EXTRACTED
aten/src/ATen/native/cpu/UnaryOpsKernel.cpp,special_bessel_j1_stub,bessel_j1_kernel,870,aten_bessel_j1,EXTRACTED
aten/src/ATen/native/cpu/UnaryOpsKernel.cpp,special_bessel_y0_stub,bessel_y0_kernel,871,aten_bessel_y0,EXTRACTED
aten/src/ATen/native/cpu/UnaryOpsKernel.cpp,special_bessel_y1_stub,bessel_y1_kernel,872,aten_bessel_y1,EXTRACTED
aten/src/ATen/native/cpu/UnaryOpsKernel.cpp,special_modified_bessel_i0_stub,modified_bessel_i0_kernel,873,"aten_i0,aten_modified_bessel_i0",EXTRACTED
aten/src/ATen/native/cpu/UnaryOpsKernel.cpp,special_modified_bessel_i1_stub,modified_bessel_i1_kernel,874,"aten_i1,aten_modified_bessel_i1",EXTRACTED
aten/src/ATen/native/cpu/UnaryOpsKernel.cpp,ceil_stub,ceil_kernel,835,aten_ceil,EXTRACTED
aten/src/ATen/native/cpu/UnaryOpsKernel.cpp,floor_stub,floor_kernel,836,aten_floor,EXTRACTED
aten/src/ATen/native/cpu/UnaryOpsKernel.cpp,round_stub,round_kernel,837,aten_round,EXTRACTED
aten/src/ATen/native/cpu/UnaryOpsKernel.cpp,sqrt_stub,sqrt_kernel,838,"aten_rsqrt,aten_sqrt",EXTRACTED
aten/src/ATen/native/cpu/UnaryOpsKernel.cpp,trunc_stub,trunc_kernel,839,aten_trunc,EXTRACTED
aten/src/ATen/native/cpu/UnaryOpsKernel.cpp,i0_stub,i0_kernel,840,"aten_i0,aten_modified_bessel_i0",EXTRACTED
aten/src/ATen/native/cpu/UnaryOpsKernel.cpp,sin_stub,sin_kernel,841,"aten_asin,aten_sin",EXTRACTED
aten/src/ATen/native/cpu/UnaryOpsKernel.cpp,cos_stub,cos_kernel,842,"aten_acos,aten_cos",EXTRACTED
aten/src/ATen/native/cpu/UnaryOpsKernel.cpp,tan_stub,tan_kernel,843,"aten_atan,aten_tan",EXTRACTED
aten/src/ATen/native/cpu/UnaryOpsKernel.cpp,acos_stub,acos_kernel,876,"aten_acos,aten_cos",EXTRACTED
aten/src/ATen/native/cpu/UnaryOpsKernel.cpp,asin_stub,asin_kernel,877,"aten_asin,aten_sin",EXTRACTED
aten/src/ATen/native/cpu/UnaryOpsKernel.cpp,atan_stub,atan_kernel,878,"aten_atan,aten_tan",EXTRACTED
aten/src/ATen/native/cpu/UnaryOpsKernel.cpp,erf_stub,erf_kernel,879,aten_erf,EXTRACTED
aten/src/ATen/native/cpu/UnaryOpsKernel.cpp,erfc_stub,erfc_kernel,880,aten_erfc,EXTRACTED
aten/src/ATen/native/cpu/UnaryOpsKernel.cpp,erfinv_stub,erfinv_kernel,881,aten_erfinv,EXTRACTED
aten/src/ATen/native/cpu/UnaryOpsKernel.cpp,exp_stub,exp_kernel,882,aten_exp,EXTRACTED
aten/src/ATen/native/cpu/UnaryOpsKernel.cpp,expm1_stub,expm1_kernel,883,aten_expm1,EXTRACTED
aten/src/ATen/native/cpu/UnaryOpsKernel.cpp,log_stub,log_kernel,884,aten_log,EXTRACTED
aten/src/ATen/native/cpu/UnaryOpsKernel.cpp,log10_stub,log10_kernel,885,aten_log10,EXTRACTED
aten/src/ATen/native/cpu/UnaryOpsKernel.cpp,log1p_stub,log1p_kernel,886,aten_log1p,EXTRACTED
aten/src/ATen/native/cpu/UnaryOpsKernel.cpp,log2_stub,log2_kernel,887,aten_log2,EXTRACTED
aten/src/ATen/native/cpu/UnaryOpsKernel.cpp,tanh_stub,tanh_kernel,888,"aten_atanh,aten_tanh",EXTRACTED
aten/src/ATen/native/cpu/UnaryOpsKernel.cpp,lgamma_stub,lgamma_kernel,889,aten_lgamma,EXTRACTED
aten/src/ATen/native/cpu/Unfold2d.cpp,unfolded2d_copy_stub,unfolded2d_copy_kernel,442,aten_unfolded2d_copy_cpu,EXTRACTED
aten/src/ATen/native/cpu/Unfold2d.cpp,unfolded2d_acc_stub,unfolded2d_acc_kernel,443,aten_unfolded2d_acc_cpu,EXTRACTED
aten/src/ATen/native/cpu/UnfoldBackwardKernel.cpp,unfold_backward_stub,unfold_backward_cpu_kernel,150,aten_unfold_backward_cpu,EXTRACTED
aten/src/ATen/native/cpu/UpSampleKernel.cpp,upsample_nearest1d_kernel,upsample_nearest1d_kernel_impl,2207,aten_upsample_nearest1d_cpu,EXTRACTED
aten/src/ATen/native/cpu/UpSampleKernel.cpp,_upsample_nearest_exact1d_kernel,_upsample_nearest_exact1d_kernel_impl,2208,aten_upsample_nearest_exact1d_cpu,EXTRACTED
aten/src/ATen/native/cpu/UpSampleKernel.cpp,upsample_nearest2d_kernel,upsample_nearest2d_kernel_impl,2209,aten_upsample_nearest2d_cpu,EXTRACTED
aten/src/ATen/native/cpu/UpSampleKernel.cpp,_upsample_nearest_exact2d_kernel,_upsample_nearest_exact2d_kernel_impl,2210,aten_upsample_nearest_exact2d_cpu,EXTRACTED
aten/src/ATen/native/cpu/UpSampleKernel.cpp,upsample_nearest3d_kernel,upsample_nearest3d_kernel_impl,2211,aten_upsample_nearest3d_cpu,EXTRACTED
aten/src/ATen/native/cpu/UpSampleKernel.cpp,_upsample_nearest_exact3d_kernel,_upsample_nearest_exact3d_kernel_impl,2212,aten_upsample_nearest_exact3d_cpu,EXTRACTED
aten/src/ATen/native/cpu/UpSampleKernel.cpp,upsample_linear1d_kernel,upsample_linear1d_kernel_impl,2214,aten_upsample_linear1d_cpu,EXTRACTED
aten/src/ATen/native/cpu/UpSampleKernel.cpp,upsample_bilinear2d_kernel,upsample_bilinear2d_kernel_impl,2215,aten_upsample_bilinear2d_cpu,EXTRACTED
aten/src/ATen/native/cpu/UpSampleKernel.cpp,_upsample_bilinear2d_aa_kernel,upsample_bilinear2d_aa_kernel_impl,2216,aten_upsample_bilinear2d_aa_cpu,EXTRACTED
aten/src/ATen/native/cpu/UpSampleKernel.cpp,_upsample_bilinear2d_aa_backward_kernel,upsample_bilinear2d_aa_backward_kernel_impl,2217,aten_upsample_bilinear2d_aa_backward_cpu,EXTRACTED
aten/src/ATen/native/cpu/UpSampleKernel.cpp,upsample_trilinear3d_kernel,upsample_trilinear3d_kernel_impl,2218,aten_upsample_trilinear3d_cpu,EXTRACTED
aten/src/ATen/native/cpu/UpSampleKernel.cpp,upsample_bicubic2d_kernel,upsample_bicubic2d_kernel_impl,2220,aten_upsample_bicubic2d_cpu,EXTRACTED
aten/src/ATen/native/cpu/UpSampleKernel.cpp,_upsample_bicubic2d_aa_kernel,upsample_bicubic2d_aa_kernel_impl,2221,aten_upsample_bicubic2d_aa_cpu,EXTRACTED
aten/src/ATen/native/cpu/UpSampleKernel.cpp,_upsample_bicubic2d_aa_backward_kernel,upsample_bicubic2d_aa_backward_kernel_impl,2222,aten_upsample_bicubic2d_aa_backward_cpu,EXTRACTED
aten/src/ATen/native/cpu/UpSampleKernel.cpp,_upsample_lanczos2d_aa_kernel,upsample_lanczos2d_aa_kernel_impl,2224,aten_upsample_lanczos2d_aa_cpu,EXTRACTED
aten/src/ATen/native/cpu/UpSampleKernel.cpp,_upsample_lanczos2d_aa_backward_kernel,upsample_lanczos2d_aa_backward_kernel_impl,2225,aten_upsample_lanczos2d_aa_backward_cpu,EXTRACTED
aten/src/ATen/native/cpu/UpSampleMoreKernel.cpp,upsample_nearest1d_backward_kernel,upsample_nearest1d_backward_kernel_impl,786,aten_upsample_nearest1d_backward_cpu,EXTRACTED
aten/src/ATen/native/cpu/UpSampleMoreKernel.cpp,_upsample_nearest_exact1d_backward_kernel,_upsample_nearest_exact1d_backward_kernel_impl,787,aten_upsample_nearest_exact1d_backward_cpu,EXTRACTED
aten/src/ATen/native/cpu/UpSampleMoreKernel.cpp,upsample_nearest2d_backward_kernel,upsample_nearest2d_backward_kernel_impl,788,aten_upsample_nearest2d_backward_cpu,EXTRACTED
aten/src/ATen/native/cpu/UpSampleMoreKernel.cpp,_upsample_nearest_exact2d_backward_kernel,_upsample_nearest_exact2d_backward_kernel_impl,789,aten_upsample_nearest_exact2d_backward_cpu,EXTRACTED
aten/src/ATen/native/cpu/UpSampleMoreKernel.cpp,upsample_nearest3d_backward_kernel,upsample_nearest3d_backward_kernel_impl,790,aten_upsample_nearest3d_backward_cpu,EXTRACTED
aten/src/ATen/native/cpu/UpSampleMoreKernel.cpp,_upsample_nearest_exact3d_backward_kernel,_upsample_nearest_exact3d_backward_kernel_impl,791,aten_upsample_nearest_exact3d_backward_cpu,EXTRACTED
aten/src/ATen/native/cpu/UpSampleMoreKernel.cpp,upsample_linear1d_backward_kernel,upsample_linear1d_backward_kernel_impl,793,aten_upsample_linear1d_backward_cpu,EXTRACTED
aten/src/ATen/native/cpu/UpSampleMoreKernel.cpp,upsample_bilinear2d_backward_kernel,upsample_bilinear2d_backward_kernel_impl,794,aten_upsample_bilinear2d_backward_cpu,EXTRACTED
aten/src/ATen/native/cpu/UpSampleMoreKernel.cpp,upsample_trilinear3d_backward_kernel,upsample_trilinear3d_backward_kernel_impl,795,aten_upsample_trilinear3d_backward_cpu,EXTRACTED
aten/src/ATen/native/cpu/WeightNormKernel.cpp,weight_norm_stub,weight_norm_kernel,452,aten_weight_norm_cpu,EXTRACTED
aten/src/ATen/native/cpu/WeightNormKernel.cpp,weight_norm_backward_stub,weight_norm_backward_kernel,453,aten_weight_norm_backward_cpu,EXTRACTED
aten/src/ATen/native/cpu/airy_ai.cpp,special_airy_ai_stub,airy_ai_kernel,23,aten_airy_ai,EXTRACTED
aten/src/ATen/native/cpu/batch_norm_kernel.cpp,batch_norm_cpu_stub,batch_norm_cpu_kernel,1399,aten_batch_norm,EXTRACTED
aten/src/ATen/native/cpu/batch_norm_kernel.cpp,batch_norm_cpu_collect_stats_stub,batch_norm_cpu_collect_stats_kernel,1400,aten_batch_norm_collect_stats_cpu,EXTRACTED
aten/src/ATen/native/cpu/batch_norm_kernel.cpp,batch_norm_cpu_backward_stub,batch_norm_cpu_backward_kernel,1401,aten_batch_norm_backward_cpu,EXTRACTED
aten/src/ATen/native/cpu/group_norm_kernel.cpp,GroupNormKernel,GroupNormKernelImpl,1588,aten_group_norm_cpu,EXTRACTED
aten/src/ATen/native/cpu/group_norm_kernel.cpp,GroupNormBackwardKernel,GroupNormBackwardKernelImpl,1589,aten_group_norm_backward_cpu,EXTRACTED
aten/src/ATen/native/cpu/int4mm_kernel.cpp,weight_to_int4pack_stub,weight_to_int4pack_kernel,1381,aten_weight_to_int4pack_cpu,EXTRACTED
aten/src/ATen/native/cpu/int4mm_kernel.cpp,int4pack_mm_stub,int4pack_mm_kernel,1382,aten_int4pack_mm_cpu,EXTRACTED
aten/src/ATen/native/cpu/int4mm_kernel.cpp,dyn_quant_pack_4bit_weight_stub,dyn_quant_pack_4bit_weight_kernel,1383,aten_dyn_quant_pack_4bit_weight_cpu,EXTRACTED
aten/src/ATen/native/cpu/int4mm_kernel.cpp,dyn_quant_matmul_4bit_stub,dyn_quant_matmul_4bit_kernel,1384,aten_dyn_quant_matmul_4bit_cpu,EXTRACTED
aten/src/ATen/native/cpu/int8mm_kernel.cpp,int8pack_mm_stub,int8pack_mm_kernel,436,aten_int8pack_mm_cpu,EXTRACTED
aten/src/ATen/native/cpu/layer_norm_kernel.cpp,LayerNormKernel,LayerNormKernelImpl,630,aten_layer_norm_cpu_backend,EXTRACTED
aten/src/ATen/native/cpu/layer_norm_kernel.cpp,LayerNormBackwardKernel,LayerNormBackwardKernelImpl,631,aten_layer_norm_backward_cpu,EXTRACTED
aten/src/ATen/native/cpu/scaled_modified_bessel_k0.cpp,special_scaled_modified_bessel_k0_stub,scaled_modified_bessel_k0_kernel,23,aten_scaled_modified_bessel_k0,EXTRACTED
aten/src/ATen/native/cpu/scaled_modified_bessel_k1.cpp,special_scaled_modified_bessel_k1_stub,scaled_modified_bessel_k1_kernel,23,aten_scaled_modified_bessel_k1,EXTRACTED
aten/src/ATen/native/cpu/spherical_bessel_j0.cpp,special_spherical_bessel_j0_stub,spherical_bessel_j0_kernel,23,aten_spherical_bessel_j0,EXTRACTED
