source,classification,existing_fixtures,textual_loops,cpu_kernel_sites,dispatch_sites,tensor_iterator_mentions,lines,reason
aten/src/ATen/native/Activation.cpp,HAS_EXTRACTION,"aten_gelu,aten_hardtanh,aten_relu,aten_silu",1,0,21,16,849,one or more standalone-C fixtures exist
aten/src/ATen/native/AdaptiveAveragePooling.cpp,HAS_EXTRACTION,aten_adaptive_avg_pool2d,1,0,0,0,151,one or more standalone-C fixtures exist
aten/src/ATen/native/AdaptiveAveragePooling3d.cpp,HAS_EXTRACTION,aten_adaptive_avg_pool3d,17,0,4,0,349,one or more standalone-C fixtures exist
aten/src/ATen/native/AdaptiveMaxPooling2d.cpp,ACCOUNTED_NON_STANDALONE,,1,0,2,0,91,loop validates non-batch output dimensions; arithmetic dispatches to a registered kernel
aten/src/ATen/native/AdaptiveMaxPooling3d.cpp,HAS_EXTRACTION,"aten_adaptive_max_pool3d_legacy_backward_cpu,aten_adaptive_max_pool3d_legacy_cpu",14,0,6,0,446,one or more standalone-C fixtures exist
aten/src/ATen/native/AffineGridGenerator.cpp,NO_LOCAL_NUMERICAL_BODY,,0,0,0,0,146,no local loop or TensorIterator kernel body
aten/src/ATen/native/AmpKernels.cpp,NO_LOCAL_NUMERICAL_BODY,,0,0,0,0,41,no local loop or TensorIterator kernel body
aten/src/ATen/native/AutogradComposite.cpp,ACCOUNTED_NON_STANDALONE,,1,0,0,0,109,"all named iterative bodies are proven helper/composite, external delegation, non-numerical plumbing, or parser artifact"
aten/src/ATen/native/AveragePool2d.cpp,HAS_EXTRACTION,aten_avg_pool2d,0,0,2,0,223,one or more standalone-C fixtures exist
aten/src/ATen/native/AveragePool3d.cpp,HAS_EXTRACTION,aten_avg_pool3d,18,0,6,0,510,one or more standalone-C fixtures exist
aten/src/ATen/native/BatchLinearAlgebra.cpp,ACCOUNTED_NON_STANDALONE,,1,0,15,1,4045,"all named iterative bodies are proven helper/composite, external delegation, non-numerical plumbing, or parser artifact"
aten/src/ATen/native/BatchLinearAlgebraKernel.cpp,HAS_EXTRACTION,"aten_eig_complex_vectors_cpu,aten_reflect_conj_tri_cpu,aten_unpack_pivots_cpu",23,0,15,1,1244,one or more standalone-C fixtures exist
aten/src/ATen/native/BinaryOps.cpp,DISPATCH_ONLY,,0,0,29,18,1658,dispatch/registration wrapper with no local scalar loop body
aten/src/ATen/native/Blas.cpp,HAS_EXTRACTION,"aten_dot,aten_mv",0,0,4,0,232,one or more standalone-C fixtures exist
aten/src/ATen/native/BlasKernel.cpp,HAS_EXTRACTION,"aten_blas_dot_naive_cpu,aten_blas_gemv_generic_cpu,aten_fp16_gemv_f16arith_cpu,aten_fp16_gemv_f32arith_cpu,aten_fp16_gemv_notrans_cpu",17,0,0,0,790,one or more standalone-C fixtures exist
aten/src/ATen/native/Bucketization.cpp,HAS_EXTRACTION,"aten_lower_bound_cpu,aten_searchsorted_cpu,aten_upper_bound_cpu",3,0,2,0,246,one or more standalone-C fixtures exist
aten/src/ATen/native/CPUBlas.cpp,HAS_EXTRACTION,"aten_add,aten_cpu_blas_gemm_batched_cpu,aten_cpu_blas_gemm_cpu,aten_cpu_blas_gemm_strided_batched_cpu",12,0,0,0,1515,one or more standalone-C fixtures exist
aten/src/ATen/native/CPUFallback.cpp,ACCOUNTED_NON_STANDALONE,,16,0,0,0,343,"all named iterative bodies are proven helper/composite, external delegation, non-numerical plumbing, or parser artifact"
aten/src/ATen/native/ChanelShuffle.cpp,HAS_EXTRACTION,aten_channel_shuffle,0,0,0,0,106,one or more standalone-C fixtures exist
aten/src/ATen/native/Col2Im.cpp,HAS_EXTRACTION,aten_col2im_cpu,1,0,1,0,217,one or more standalone-C fixtures exist
aten/src/ATen/native/ComparisonUtils.cpp,NO_LOCAL_NUMERICAL_BODY,,0,0,0,0,72,no local loop or TensorIterator kernel body
aten/src/ATen/native/Constraints.cpp,NO_LOCAL_NUMERICAL_BODY,,0,0,0,0,90,no local loop or TensorIterator kernel body
aten/src/ATen/native/Convolution.cpp,HAS_EXTRACTION,"aten_conv1d,aten_conv3d",14,0,0,0,2366,one or more standalone-C fixtures exist
aten/src/ATen/native/ConvolutionMM2d.cpp,HAS_EXTRACTION,"aten_conv2d,aten_conv2d_columns_cpu",5,0,4,0,753,one or more standalone-C fixtures exist
aten/src/ATen/native/ConvolutionMM3d.cpp,HAS_EXTRACTION,"aten_conv3d_columns_cpu,aten_slow_conv3d_backward_input_cpu,aten_slow_conv3d_backward_weight_cpu,aten_slow_conv3d_forward_cpu",4,0,4,0,863,one or more standalone-C fixtures exist
aten/src/ATen/native/ConvolutionTBC.cpp,HAS_EXTRACTION,"aten_conv_tbc_backward_cpu,aten_conv_tbc_cpu",3,0,0,0,121,one or more standalone-C fixtures exist
aten/src/ATen/native/Copy.cpp,ACCOUNTED_NON_STANDALONE,,7,0,2,3,388,"all named iterative bodies are proven helper/composite, external delegation, non-numerical plumbing, or parser artifact"
aten/src/ATen/native/Correlation.cpp,NO_LOCAL_NUMERICAL_BODY,,0,0,0,0,189,no local loop or TensorIterator kernel body
aten/src/ATen/native/Cross.cpp,HAS_EXTRACTION,aten_cross,1,0,1,0,92,one or more standalone-C fixtures exist
aten/src/ATen/native/DilatedMaxPool2d.cpp,DISPATCH_ONLY,,0,0,2,0,211,dispatch/registration wrapper with no local scalar loop body
aten/src/ATen/native/DilatedMaxPool3d.cpp,NO_LOCAL_NUMERICAL_BODY,,0,0,0,0,293,no local loop or TensorIterator kernel body
aten/src/ATen/native/DispatchStub.cpp,NO_LOCAL_NUMERICAL_BODY,,0,0,0,0,432,no local loop or TensorIterator kernel body
aten/src/ATen/native/Distance.cpp,NO_LOCAL_NUMERICAL_BODY,,0,0,0,0,340,no local loop or TensorIterator kernel body
aten/src/ATen/native/Distributions.cpp,HAS_EXTRACTION,"aten_binomial_transform_cpu,aten_dirichlet_grad_cpu,aten_dirichlet_transform_cpu,aten_gamma_transform_cpu,aten_poisson_transform_cpu,aten_sample_poisson_transform_cpu,aten_standard_gamma_grad_cpu",2,7,6,17,645,one or more standalone-C fixtures exist
aten/src/ATen/native/Dropout.cpp,HAS_EXTRACTION,aten_dropout_feature_noise_cpu,1,0,0,0,172,one or more standalone-C fixtures exist
aten/src/ATen/native/Embedding.cpp,HAS_EXTRACTION,aten_embedding,5,0,2,3,215,one or more standalone-C fixtures exist
aten/src/ATen/native/EmbeddingBag.cpp,HAS_EXTRACTION,"aten_embedding_bag_backward_max_cpu,aten_embedding_bag_backward_sum_cpu,aten_embedding_bag_counts_cpu,aten_embedding_bag_counts_uniq_cpu,aten_embedding_bag_max_cpu,aten_embedding_bag_per_sample_backward_cpu",33,0,9,0,1779,one or more standalone-C fixtures exist
aten/src/ATen/native/Fill.cpp,HAS_EXTRACTION,aten_fill_diagonal_cpu,2,0,0,2,164,one or more standalone-C fixtures exist
aten/src/ATen/native/ForeachOpsKernels.cpp,ACCOUNTED_NON_STANDALONE,,30,0,0,0,575,"all named iterative bodies are proven helper/composite, external delegation, non-numerical plumbing, or parser artifact"
aten/src/ATen/native/FractionalMaxPool2d.cpp,HAS_EXTRACTION,"aten_fractional_max_pool2d_backward_cpu,aten_fractional_max_pool2d_cpu",11,0,4,0,396,one or more standalone-C fixtures exist
aten/src/ATen/native/FractionalMaxPool3d.cpp,HAS_EXTRACTION,"aten_fractional_max_pool3d_backward_cpu,aten_fractional_max_pool3d_cpu",14,0,3,0,424,one or more standalone-C fixtures exist
aten/src/ATen/native/FunctionOfAMatrixUtils.cpp,DISPATCH_ONLY,,0,0,0,2,118,dispatch/registration wrapper with no local scalar loop body
aten/src/ATen/native/FusedAdagrad.cpp,ACCOUNTED_NON_STANDALONE,,1,0,0,0,83,"all named iterative bodies are proven helper/composite, external delegation, non-numerical plumbing, or parser artifact"
aten/src/ATen/native/FusedAdam.cpp,ACCOUNTED_NON_STANDALONE,,2,0,0,0,174,"all named iterative bodies are proven helper/composite, external delegation, non-numerical plumbing, or parser artifact"
aten/src/ATen/native/FusedSGD.cpp,ACCOUNTED_NON_STANDALONE,,1,0,0,0,85,"all named iterative bodies are proven helper/composite, external delegation, non-numerical plumbing, or parser artifact"
aten/src/ATen/native/GatedLinearUnit.cpp,DISPATCH_ONLY,,0,0,1,3,158,dispatch/registration wrapper with no local scalar loop body
aten/src/ATen/native/GridSampler.cpp,HAS_EXTRACTION,"aten_grid_sampler_2d_fallback_cpu,aten_grid_sampler_2d_quantized_cpu,aten_grid_sampler_3d_backward_cpu,aten_grid_sampler_3d_cpu",31,0,2,0,1068,one or more standalone-C fixtures exist
aten/src/ATen/native/Histogram.cpp,ACCOUNTED_NON_STANDALONE,,8,0,0,0,480,"all named iterative bodies are proven helper/composite, external delegation, non-numerical plumbing, or parser artifact"
aten/src/ATen/native/Im2Col.cpp,HAS_EXTRACTION,aten_im2col,1,0,1,0,156,one or more standalone-C fixtures exist
aten/src/ATen/native/IndexingUtils.cpp,ACCOUNTED_NON_STANDALONE,,1,0,0,0,33,"all named iterative bodies are proven helper/composite, external delegation, non-numerical plumbing, or parser artifact"
aten/src/ATen/native/Integration.cpp,ACCOUNTED_NON_STANDALONE,,1,0,0,1,171,"all named iterative bodies are proven helper/composite, external delegation, non-numerical plumbing, or parser artifact"
aten/src/ATen/native/Itertools.cpp,HAS_EXTRACTION,"aten_cartesian_prod_cpu,aten_combinations_cpu,aten_triu_mask_cpu",5,0,0,0,75,one or more standalone-C fixtures exist
aten/src/ATen/native/LegacyBatching.cpp,ACCOUNTED_NON_STANDALONE,,1,0,0,0,122,"all named iterative bodies are proven helper/composite, external delegation, non-numerical plumbing, or parser artifact"
aten/src/ATen/native/Lerp.cpp,DISPATCH_ONLY,,0,0,2,2,59,dispatch/registration wrapper with no local scalar loop body
aten/src/ATen/native/Linear.cpp,HAS_EXTRACTION,"aten_bilinear_cpu,aten_flatten_nd_linear_cpu,aten_sumproduct_pair_cpu,aten_trilinear_cpu",34,0,0,0,923,one or more standalone-C fixtures exist
aten/src/ATen/native/LinearAlgebra.cpp,HAS_EXTRACTION,"aten_addmm,aten_bmm,aten_int_mm_out_cpu,aten_kron_impl_cpu,aten_kron_out_cpu,aten_linalg_powsum_cpu,aten_mm,aten_outer,aten_vector_norm_out_cpu",27,0,14,3,3812,one or more standalone-C fixtures exist
aten/src/ATen/native/Loss.cpp,HAS_EXTRACTION,"aten_binary_cross_entropy,aten_l1_loss,aten_mse_loss",0,2,4,12,503,one or more standalone-C fixtures exist
aten/src/ATen/native/LossCTC.cpp,HAS_EXTRACTION,"aten_ctc_loss_backward_cpu,aten_ctc_loss_cpu",14,0,3,5,595,one or more standalone-C fixtures exist
aten/src/ATen/native/LossMultiLabelMargin.cpp,HAS_EXTRACTION,"aten_multilabel_margin_loss_backward_cpu,aten_multilabel_margin_loss_forward_cpu",11,0,2,0,329,one or more standalone-C fixtures exist
aten/src/ATen/native/LossMultiMargin.cpp,HAS_EXTRACTION,"aten_multi_margin_loss_backward_cpu,aten_multi_margin_loss_cpu",8,0,2,0,334,one or more standalone-C fixtures exist
aten/src/ATen/native/LossNLL.cpp,HAS_EXTRACTION,"aten_nll_loss_backward_cpu,aten_nll_loss_forward_cpu",5,0,4,0,756,one or more standalone-C fixtures exist
aten/src/ATen/native/LossNLL2d.cpp,HAS_EXTRACTION,"aten_nll_loss2d_backward_cpu,aten_nll_loss2d_forward_cpu",11,0,2,0,490,one or more standalone-C fixtures exist
aten/src/ATen/native/MaxPooling.cpp,NO_LOCAL_NUMERICAL_BODY,,0,0,0,0,93,no local loop or TensorIterator kernel body
aten/src/ATen/native/MaxUnpooling.cpp,ACCOUNTED_NON_STANDALONE,,2,0,0,0,227,"all named iterative bodies are proven helper/composite, external delegation, non-numerical plumbing, or parser artifact"
aten/src/ATen/native/Memory.cpp,NO_LOCAL_NUMERICAL_BODY,,0,0,0,0,75,no local loop or TensorIterator kernel body
aten/src/ATen/native/MetaTensor.cpp,NO_LOCAL_NUMERICAL_BODY,,0,0,0,0,43,no local loop or TensorIterator kernel body
aten/src/ATen/native/NNPACK.cpp,ACCOUNTED_NON_STANDALONE,,1,0,0,0,315,"all named iterative bodies are proven helper/composite, external delegation, non-numerical plumbing, or parser artifact"
aten/src/ATen/native/NaiveConvolutionTranspose2d.cpp,HAS_EXTRACTION,aten_conv_transpose2d,3,0,4,0,877,one or more standalone-C fixtures exist
aten/src/ATen/native/NaiveConvolutionTranspose3d.cpp,HAS_EXTRACTION,"aten_conv_transpose3d_backward_cpu,aten_conv_transpose3d_cpu,aten_conv_transpose3d_grad_weight_cpu",3,0,3,0,946,one or more standalone-C fixtures exist
aten/src/ATen/native/NaiveDilatedConvolution.cpp,HAS_EXTRACTION,aten_dilated_convolution_cpu,2,0,1,0,747,one or more standalone-C fixtures exist
aten/src/ATen/native/NegateFallback.cpp,NO_LOCAL_NUMERICAL_BODY,,0,0,0,0,50,no local loop or TensorIterator kernel body
aten/src/ATen/native/Normalization.cpp,HAS_EXTRACTION,"aten_batch_norm_backward_template_cpu,aten_batch_norm_cpu_entry,aten_batch_norm_stats_cpu,aten_batch_norm_transform_cpu",6,6,4,13,1030,one or more standalone-C fixtures exist
aten/src/ATen/native/Onehot.cpp,NO_LOCAL_NUMERICAL_BODY,,0,0,0,0,75,no local loop or TensorIterator kernel body
aten/src/ATen/native/PackedSequence.cpp,ACCOUNTED_NON_STANDALONE,,7,0,0,0,244,"all named iterative bodies are proven helper/composite, external delegation, non-numerical plumbing, or parser artifact"
aten/src/ATen/native/PadNd.cpp,HAS_EXTRACTION,"aten_circular_pad_cpu,aten_constant_pad_nd_cpu",8,0,0,0,271,one or more standalone-C fixtures exist
aten/src/ATen/native/PixelShuffle.cpp,HAS_EXTRACTION,aten_pixel_shuffle,0,0,0,0,160,one or more standalone-C fixtures exist
aten/src/ATen/native/PointwiseOps.cpp,DISPATCH_ONLY,,0,0,2,1,78,dispatch/registration wrapper with no local scalar loop body
aten/src/ATen/native/Pooling.cpp,HAS_EXTRACTION,aten_adaptive_max_pool1d_cpu,1,0,0,0,182,one or more standalone-C fixtures exist
aten/src/ATen/native/Pow.cpp,DISPATCH_ONLY,,0,0,3,1,138,dispatch/registration wrapper with no local scalar loop body
aten/src/ATen/native/QuantizedLinear.cpp,HAS_EXTRACTION,"aten_quant_col_offsets_cpu,aten_quant_saturation_cpu",4,0,0,0,636,one or more standalone-C fixtures exist
aten/src/ATen/native/RNN.cpp,ACCOUNTED_NON_STANDALONE,,19,0,0,0,2025,"all named iterative bodies are proven helper/composite, external delegation, non-numerical plumbing, or parser artifact"
aten/src/ATen/native/RangeFactories.cpp,HAS_EXTRACTION,"aten_logspace_cpu,aten_range_out_cpu",3,0,4,3,225,one or more standalone-C fixtures exist
aten/src/ATen/native/ReduceAllOps.cpp,NO_LOCAL_NUMERICAL_BODY,,0,0,0,0,76,no local loop or TensorIterator kernel body
aten/src/ATen/native/ReduceOps.cpp,HAS_EXTRACTION,"aten_allany_dims_cpu,aten_cummax_cummin_cpu,aten_cumprod_backward_cpu,aten_diff_cpu,aten_equal_cpu,aten_gradient_cpu,aten_gradient_float_cpu,aten_mean,aten_std_var_all_cpu,aten_sum,aten_trace_cpu",18,0,25,13,2360,one or more standalone-C fixtures exist
aten/src/ATen/native/ReflectionPad.cpp,HAS_EXTRACTION,aten_reflection_pad2d,0,0,4,0,404,one or more standalone-C fixtures exist
aten/src/ATen/native/Repeat.cpp,HAS_EXTRACTION,aten_repeat_compute_cpu,2,0,1,0,143,one or more standalone-C fixtures exist
aten/src/ATen/native/ReplicationPadding.cpp,HAS_EXTRACTION,aten_replication_pad2d,0,0,4,0,376,one or more standalone-C fixtures exist
aten/src/ATen/native/Resize.cpp,NO_LOCAL_NUMERICAL_BODY,,0,0,0,0,314,no local loop or TensorIterator kernel body
aten/src/ATen/native/RowwisePrune.cpp,HAS_EXTRACTION,aten_rowwise_prune_cpu,2,0,1,0,115,one or more standalone-C fixtures exist
aten/src/ATen/native/Scalar.cpp,DISPATCH_ONLY,,0,0,1,0,60,dispatch/registration wrapper with no local scalar loop body
aten/src/ATen/native/ScaledBlas.cpp,HAS_EXTRACTION,aten_joint_scaling_cpu,1,0,2,0,531,one or more standalone-C fixtures exist
aten/src/ATen/native/ScaledBlasUtils.cpp,NO_LOCAL_NUMERICAL_BODY,,0,0,0,0,518,no local loop or TensorIterator kernel body
aten/src/ATen/native/SegmentReduce.cpp,HAS_EXTRACTION,"aten_segment_reduce_lengths_backward_cpu,aten_segment_reduce_lengths_cpu",17,0,6,1,520,one or more standalone-C fixtures exist
aten/src/ATen/native/ShallowCopyData.cpp,NO_LOCAL_NUMERICAL_BODY,,0,0,0,0,64,no local loop or TensorIterator kernel body
aten/src/ATen/native/SobolEngineOps.cpp,HAS_EXTRACTION,"aten_sobol_draw_cpu,aten_sobol_fast_forward_cpu,aten_sobol_initialize_cpu,aten_sobol_scramble_cpu",13,0,1,0,189,one or more standalone-C fixtures exist
aten/src/ATen/native/SobolEngineOpsUtils.cpp,NO_LOCAL_NUMERICAL_BODY,,0,0,0,0,42459,no local loop or TensorIterator kernel body
aten/src/ATen/native/SoftMax.cpp,HAS_EXTRACTION,"aten_host_softmax_backward_cpu,aten_host_softmax_cpu",11,0,6,1,613,one or more standalone-C fixtures exist
aten/src/ATen/native/Sorting.cpp,HAS_EXTRACTION,"aten_kthvalue_cpu,aten_median_indices_cpu,aten_quick_select_cpu",7,0,5,3,956,one or more standalone-C fixtures exist
aten/src/ATen/native/SparseTensorUtils.cpp,HAS_EXTRACTION,"aten_sparse_coo_to_csr_cpu,aten_sparse_flatten_indices_cpu,aten_sparse_full_coo_indices_cpu",5,0,0,0,143,one or more standalone-C fixtures exist
aten/src/ATen/native/SpectralOps.cpp,HAS_EXTRACTION,"aten_as_complex_cpu,aten_fft_conjugate_symmetry_cpu,aten_fftshift_cpu,aten_ifftshift_cpu",11,0,0,6,1322,one or more standalone-C fixtures exist
aten/src/ATen/native/SummaryOps.cpp,HAS_EXTRACTION,aten_bincount_cpu,2,0,1,0,98,one or more standalone-C fixtures exist
aten/src/ATen/native/TensorAdvancedIndexing.cpp,HAS_EXTRACTION,"aten_count_nonzero_cpu,aten_count_nonzero_impl_cpu,aten_index_put_impl_cpu,aten_index_reduce_impl_cpu,aten_index_select_dim1_cpu,aten_index_select_out_cpu,aten_masked_scatter_backward_cpu,aten_nonzero_out_cpu,aten_unsafe_index_cpu",44,0,30,37,3158,one or more standalone-C fixtures exist
aten/src/ATen/native/TensorCompare.cpp,HAS_EXTRACTION,aten_clamp,1,0,15,2,1008,one or more standalone-C fixtures exist
aten/src/ATen/native/TensorConversions.cpp,HAS_EXTRACTION,"aten_compressed_block_convert_cpu,aten_convert_coo_to_csr_cpu,aten_convert_csr_to_coo_cpu",17,0,11,0,2511,one or more standalone-C fixtures exist
aten/src/ATen/native/TensorFactories.cpp,HAS_EXTRACTION,"aten_eye_cpu,aten_randperm_cpu,aten_tril_indices_cpu,aten_triu_indices_cpu,aten_zeros_cpu",9,0,5,3,2277,one or more standalone-C fixtures exist
aten/src/ATen/native/TensorIteratorReduce.cpp,ACCOUNTED_NON_STANDALONE,,3,0,0,19,195,"all named iterative bodies are proven helper/composite, external delegation, non-numerical plumbing, or parser artifact"
aten/src/ATen/native/TensorProperties.cpp,ACCOUNTED_NON_STANDALONE,,1,0,0,0,163,"all named iterative bodies are proven helper/composite, external delegation, non-numerical plumbing, or parser artifact"
aten/src/ATen/native/TensorShape.cpp,HAS_EXTRACTION,"aten_block_diag_cpu,aten_cat_sparse_cpu,aten_copy_tensor_array_cpu,aten_fast_cat_dim0_cpu,aten_index_select_sparse_cpu,aten_narrow_copy_dense_cpu,aten_permute_sparse_coo_cpu,aten_repeat_tensor_shape_cpu,aten_split_copy_cpu,aten_transpose_copy,aten_unbind_copy_cpu",68,0,5,3,4890,one or more standalone-C fixtures exist
aten/src/ATen/native/TensorTransformations.cpp,HAS_EXTRACTION,aten_flip_tensor_transform_cpu,2,0,0,2,258,one or more standalone-C fixtures exist
aten/src/ATen/native/TestOps.cpp,ACCOUNTED_NON_STANDALONE,,2,0,0,0,142,"all named iterative bodies are proven helper/composite, external delegation, non-numerical plumbing, or parser artifact"
aten/src/ATen/native/TriangularOps.cpp,HAS_EXTRACTION,"aten_triu_tril_batch_cpu,aten_triu_tril_single_cpu",7,0,3,0,202,one or more standalone-C fixtures exist
aten/src/ATen/native/TypeProperties.cpp,ACCOUNTED_NON_STANDALONE,,1,0,0,0,191,"all named iterative bodies are proven helper/composite, external delegation, non-numerical plumbing, or parser artifact"
aten/src/ATen/native/UnaryOps.cpp,DISPATCH_ONLY,,0,0,6,12,1044,dispatch/registration wrapper with no local scalar loop body
aten/src/ATen/native/Unfold2d.cpp,NO_LOCAL_NUMERICAL_BODY,,0,0,0,0,9,no local loop or TensorIterator kernel body
aten/src/ATen/native/Unfold3d.cpp,HAS_EXTRACTION,"aten_unfold3d_acc_cpu,aten_unfold3d_copy_cpu,aten_unfold3d_zero_acc_cpu,aten_unfold3d_zero_copy_cpu",27,0,2,0,531,one or more standalone-C fixtures exist
aten/src/ATen/native/UnfoldBackward.cpp,NO_LOCAL_NUMERICAL_BODY,,0,0,0,0,42,no local loop or TensorIterator kernel body
aten/src/ATen/native/Unique.cpp,HAS_EXTRACTION,"aten_unique_bool_cpu,aten_unique_consecutive_cpu,aten_unique_dim_impl_cpu,aten_unique_dim_template_cpu,aten_unique_sorted_cpu",10,0,5,1,501,one or more standalone-C fixtures exist
aten/src/ATen/native/UpSample.cpp,ACCOUNTED_NON_STANDALONE,,1,0,0,0,33,"all named iterative bodies are proven helper/composite, external delegation, non-numerical plumbing, or parser artifact"
aten/src/ATen/native/UpSampleBicubic2d.cpp,HAS_EXTRACTION,aten_upsample_bicubic2d_backward_cpu,7,0,5,0,303,one or more standalone-C fixtures exist
aten/src/ATen/native/UpSampleBilinear2d.cpp,HAS_EXTRACTION,aten_upsample_bilinear2d,2,0,4,0,187,one or more standalone-C fixtures exist
aten/src/ATen/native/UpSampleLanczos2d.cpp,ACCOUNTED_NON_STANDALONE,,1,0,2,0,102,loop validates scale factors; resampling arithmetic is in extracted dispatch kernels
aten/src/ATen/native/UpSampleLinear1d.cpp,DISPATCH_ONLY,,0,0,2,0,104,dispatch/registration wrapper with no local scalar loop body
aten/src/ATen/native/UpSampleNearest1d.cpp,DISPATCH_ONLY,,0,0,4,0,148,dispatch/registration wrapper with no local scalar loop body
aten/src/ATen/native/UpSampleNearest2d.cpp,HAS_EXTRACTION,aten_upsample_nearest2d,2,0,4,0,174,one or more standalone-C fixtures exist
aten/src/ATen/native/UpSampleNearest3d.cpp,ACCOUNTED_NON_STANDALONE,,2,0,4,0,191,loops validate five-dimensional shape/scale metadata; arithmetic is dispatched
aten/src/ATen/native/UpSampleTrilinear3d.cpp,ACCOUNTED_NON_STANDALONE,,1,0,2,0,116,loop validates five-dimensional scale metadata; arithmetic is dispatched
aten/src/ATen/native/VariableMethodStubs.cpp,NO_LOCAL_NUMERICAL_BODY,,0,0,0,0,75,no local loop or TensorIterator kernel body
aten/src/ATen/native/WeightNorm.cpp,NO_LOCAL_NUMERICAL_BODY,,0,0,0,0,159,no local loop or TensorIterator kernel body
aten/src/ATen/native/cpu/Activation.cpp,HAS_EXTRACTION,"aten_elu,aten_elu_backward,aten_gelu_backward_cpu_exact,aten_gelu_backward_cpu_tanh,aten_gelu_cpu_exact,aten_gelu_cpu_tanh,aten_glu,aten_glu_backward,aten_glu_jvp,aten_hardshrink,aten_hardsigmoid,aten_hardsigmoid_backward,aten_hardswish,aten_hardswish_backward,aten_hardtanh_backward,aten_leaky_relu,aten_log_sigmoid_backward_cpu,aten_log_sigmoid_cpu,aten_mish,aten_mish_backward,aten_shrink_backward,aten_silu_backward,aten_silu_cpu,aten_softplus,aten_softplus_backward,aten_softshrink,aten_threshold_backward",2,51,65,28,1344,one or more standalone-C fixtures exist
aten/src/ATen/native/cpu/AdaptiveAvgPoolKernel.cpp,HAS_EXTRACTION,"aten_adaptive_avg_pool2d_backward_cpu,aten_adaptive_avg_pool2d_cpu,aten_adaptive_avg_pool3d_backward_cpu,aten_adaptive_avg_pool3d_cpu",78,0,12,0,862,one or more standalone-C fixtures exist
aten/src/ATen/native/cpu/AdaptiveMaxPoolKernel.cpp,HAS_EXTRACTION,"aten_adaptive_max_pool2d_backward_cpu,aten_adaptive_max_pool2d_cpu,aten_adaptive_max_pool3d_backward_cpu,aten_adaptive_max_pool3d_cpu",62,0,12,0,988,one or more standalone-C fixtures exist
aten/src/ATen/native/cpu/AmpGradScalerKernels.cpp,HAS_EXTRACTION,"aten_amp_update_scale_cpu,aten_masked_scale",1,2,4,2,198,one or more standalone-C fixtures exist
aten/src/ATen/native/cpu/AvgPoolKernel.cpp,HAS_EXTRACTION,"aten_avg_pool2d_backward_cpu,aten_avg_pool2d_cpu,aten_avg_pool3d_backward_cpu,aten_avg_pool3d_cpu",75,0,12,0,1138,one or more standalone-C fixtures exist
aten/src/ATen/native/cpu/BinaryOpsKernel.cpp,HAS_EXTRACTION,"aten_add_clamp,aten_atan2,aten_bitwise_and_i32,aten_bitwise_or_i32,aten_bitwise_xor_i32,aten_chebyshev_polynomial_t,aten_chebyshev_polynomial_u,aten_chebyshev_polynomial_v,aten_chebyshev_polynomial_w,aten_copysign,aten_div,aten_div_floor,aten_div_trunc,aten_eq,aten_fmax,aten_fmin,aten_fmod,aten_gcd_i32,aten_ge,aten_gt,aten_heaviside,aten_hermite_polynomial_h,aten_hermite_polynomial_he,aten_huber_elementwise,aten_hypot,aten_igamma,aten_igammac,aten_laguerre_polynomial_l,aten_lcm_i32,aten_ldexp,aten_le,aten_legendre_polynomial_p,aten_logaddexp,aten_logaddexp2,aten_logical_and,aten_logical_or,aten_logical_xor,aten_logit_backward,aten_lshift_i32,aten_lt,aten_maximum,aten_minimum,aten_mse_elementwise,aten_mul,aten_ne,aten_nextafter,aten_remainder,aten_rshift_i32,aten_sigmoid_backward,aten_smooth_l1_elementwise,aten_tanh_backward,aten_xlog1py,aten_xlogy,aten_zeta",0,96,135,71,1516,one or more standalone-C fixtures exist
aten/src/ATen/native/cpu/BlasKernel.cpp,HAS_EXTRACTION,"aten_blas_axpy_cpu,aten_blas_copy_cpu,aten_blas_scale_cpu,aten_blas_sum_cpu,aten_gemm_notrans_cpu,aten_gemm_transa_cpu,aten_gemm_transab_cpu,aten_gemm_transb_cpu",38,0,8,0,561,one or more standalone-C fixtures exist
aten/src/ATen/native/cpu/CatKernel.cpp,HAS_EXTRACTION,aten_cat_serial_cpu,5,0,2,0,83,one or more standalone-C fixtures exist
aten/src/ATen/native/cpu/ChannelShuffleKernel.cpp,HAS_EXTRACTION,aten_channel_shuffle_cpu,4,0,3,0,116,one or more standalone-C fixtures exist
aten/src/ATen/native/cpu/ComplexKernel.cpp,HAS_EXTRACTION,"aten_complex_scalarized,aten_polar_scalarized",0,2,3,3,31,one or more standalone-C fixtures exist
aten/src/ATen/native/cpu/CopyKernel.cpp,HAS_EXTRACTION,aten_copy_cpu,6,8,11,9,330,one or more standalone-C fixtures exist
aten/src/ATen/native/cpu/CrossKernel.cpp,HAS_EXTRACTION,aten_cross_cpu_backend,3,0,2,1,81,one or more standalone-C fixtures exist
aten/src/ATen/native/cpu/DepthwiseConvKernel.cpp,HAS_EXTRACTION,aten_depthwise_conv3x3_cpu,23,0,0,0,546,one or more standalone-C fixtures exist
aten/src/ATen/native/cpu/DistanceOpsKernel.cpp,HAS_EXTRACTION,"aten_cdist_backward_cpu,aten_cdist_cpu,aten_pdist_backward_cpu,aten_pdist_forward_cpu",10,0,8,1,450,one or more standalone-C fixtures exist
aten/src/ATen/native/cpu/DistributionKernels.cpp,HAS_EXTRACTION,"aten_bernoulli_scalar_cpu,aten_bernoulli_tensor_cpu,aten_cauchy_cpu,aten_exponential_cpu,aten_geometric_cpu,aten_log_normal_cpu,aten_normal_cpu,aten_random_cpu,aten_random_from_to_cpu,aten_random_full_64_bits_range_cpu,aten_uniform_cpu",0,0,13,10,253,one or more standalone-C fixtures exist
aten/src/ATen/native/cpu/FillKernel.cpp,HAS_EXTRACTION,aten_fill,0,1,2,4,75,one or more standalone-C fixtures exist
aten/src/ATen/native/cpu/FlashAttentionKernel.cpp,HAS_EXTRACTION,"aten_flash_attention_backward_cpu,aten_flash_attention_cpu",38,0,6,0,1277,one or more standalone-C fixtures exist
aten/src/ATen/native/cpu/FunctionOfAMatrixUtilsKernel.cpp,HAS_EXTRACTION,aten_linear_combination_cpu,2,0,2,2,57,one or more standalone-C fixtures exist
aten/src/ATen/native/cpu/FusedAdagradKernel.cpp,HAS_EXTRACTION,aten_fused_adagrad_cpu,4,0,2,0,218,one or more standalone-C fixtures exist
aten/src/ATen/native/cpu/FusedAdamKernel.cpp,HAS_EXTRACTION,aten_fused_adam_cpu,4,0,2,0,368,one or more standalone-C fixtures exist
aten/src/ATen/native/cpu/FusedSGDKernel.cpp,HAS_EXTRACTION,aten_fused_sgd_cpu,4,0,2,0,268,one or more standalone-C fixtures exist
aten/src/ATen/native/cpu/GridSamplerKernel.cpp,HAS_EXTRACTION,"aten_grid_sampler_2d_backward_cpu,aten_grid_sampler_2d_cpu",18,0,4,1,1329,one or more standalone-C fixtures exist
aten/src/ATen/native/cpu/HistogramKernel.cpp,HAS_EXTRACTION,"aten_histogram_select_outer_bin_edges_cpu,aten_histogramdd_cpu,aten_histogramdd_linear_cpu",6,0,5,0,314,one or more standalone-C fixtures exist
aten/src/ATen/native/cpu/IndexKernel.cpp,HAS_EXTRACTION,"aten_flip_cpu,aten_index_copy_cpu,aten_index_cpu,aten_index_fill_cpu,aten_index_put_cpu,aten_masked_fill_cpu,aten_masked_scatter_cpu,aten_masked_select_cpu,aten_masked_select_serial_cpu,aten_put_cpu,aten_take_cpu",21,3,25,20,830,one or more standalone-C fixtures exist
aten/src/ATen/native/cpu/LerpKernel.cpp,HAS_EXTRACTION,"aten_lerp,aten_lerp_scalar,aten_lerp_scalar_cpu,aten_lerp_tensor_cpu",1,6,4,3,165,one or more standalone-C fixtures exist
aten/src/ATen/native/cpu/LinearAlgebraKernel.cpp,HAS_EXTRACTION,aten_addr_elementwise,0,4,2,2,89,one or more standalone-C fixtures exist
aten/src/ATen/native/cpu/MaxPoolKernel.cpp,HAS_EXTRACTION,"aten_max_pool2d,aten_max_pool3d_backward_cpu,aten_max_pool3d_cpu",39,0,14,0,747,one or more standalone-C fixtures exist
aten/src/ATen/native/cpu/MaxPooling.cpp,HAS_EXTRACTION,aten_max_pool1d_cpu,3,0,2,0,64,one or more standalone-C fixtures exist
aten/src/ATen/native/cpu/MaxUnpoolKernel.cpp,HAS_EXTRACTION,"aten_max_unpool2d_cpu,aten_max_unpool3d_cpu,aten_max_unpool_backward_cpu",4,0,5,0,278,one or more standalone-C fixtures exist
aten/src/ATen/native/cpu/MultinomialKernel.cpp,HAS_EXTRACTION,aten_multinomial_with_replacement_cpu,10,0,2,1,229,one or more standalone-C fixtures exist
aten/src/ATen/native/cpu/NativeMultiheadAttnKernel.cpp,HAS_EXTRACTION,aten_transform_bias_rescale_qkv_cpu,1,0,2,1,111,one or more standalone-C fixtures exist
aten/src/ATen/native/cpu/PaddingKernel.cpp,HAS_EXTRACTION,"aten_reflection_pad1d_backward_cpu,aten_reflection_pad1d_cpu,aten_reflection_pad2d_backward_cpu,aten_reflection_pad2d_cpu,aten_reflection_pad3d_backward_cpu,aten_reflection_pad3d_cpu,aten_replication_pad1d_backward_cpu,aten_replication_pad1d_cpu,aten_replication_pad2d_backward_cpu,aten_replication_pad2d_cpu,aten_replication_pad3d_backward_cpu,aten_replication_pad3d_cpu",30,0,34,0,729,one or more standalone-C fixtures exist
aten/src/ATen/native/cpu/PixelShuffleKernel.cpp,HAS_EXTRACTION,"aten_pixel_shuffle_cpu_backend,aten_pixel_unshuffle_cpu_backend",8,0,6,0,253,one or more standalone-C fixtures exist
aten/src/ATen/native/cpu/PointwiseOpsKernel.cpp,HAS_EXTRACTION,"aten_addcdiv,aten_addcmul,aten_huber_backward,aten_mse_backward,aten_smooth_l1_backward",0,8,13,6,246,one or more standalone-C fixtures exist
aten/src/ATen/native/cpu/PowKernel.cpp,HAS_EXTRACTION,"aten_pow,aten_pow_tensor_scalar",0,8,6,4,153,one or more standalone-C fixtures exist
aten/src/ATen/native/cpu/RangeFactoriesKernel.cpp,HAS_EXTRACTION,"aten_arange_cpu,aten_linspace",0,1,4,5,77,one or more standalone-C fixtures exist
aten/src/ATen/native/cpu/ReduceAllOpsKernel.cpp,HAS_EXTRACTION,"aten_aminmax_allreduce_cpu,aten_max_all_cpu,aten_min_all_cpu",2,3,6,7,227,one or more standalone-C fixtures exist
aten/src/ATen/native/cpu/ReduceOpsKernel.cpp,HAS_EXTRACTION,"aten_and_reduce_cpu,aten_argmax_cpu,aten_argmin_cpu,aten_cumprod_cpu,aten_cumsum,aten_logcumsumexp_cpu,aten_max_values_cpu,aten_min_values_cpu,aten_norm_cpu,aten_or_reduce_cpu,aten_powsum_cpu,aten_prod,aten_std_var_cpu,aten_xor_sum_cpu",14,0,29,15,567,one or more standalone-C fixtures exist
aten/src/ATen/native/cpu/ReducedPrecisionFloatGemvFastPathKernel.cpp,HAS_EXTRACTION,"aten_bf16_dot_cpu,aten_bf16_gemv_trans_cpu,aten_fp16_dot_cpu,aten_fp16_gemv_trans_cpu",16,0,4,0,502,one or more standalone-C fixtures exist
aten/src/ATen/native/cpu/RenormKernel.cpp,HAS_EXTRACTION,aten_renorm_scale_factor,0,1,2,2,38,one or more standalone-C fixtures exist
aten/src/ATen/native/cpu/SampledAddmmKernel.cpp,HAS_EXTRACTION,aten_sampled_addmm_sparse_csr_cpu,3,0,3,0,99,one or more standalone-C fixtures exist
aten/src/ATen/native/cpu/ScatterGatherKernel.cpp,HAS_EXTRACTION,"aten_gather_cpu,aten_gather_expanded_index_cpu,aten_scatter_add_cpu,aten_scatter_add_expanded_index_cpu,aten_scatter_cpu,aten_scatter_fill_cpu,aten_scatter_reduce_cpu,aten_scatter_reduce_expanded_index_cpu,aten_scatter_reduce_two_cpu,aten_scatter_scalar_reduce_cpu",34,0,19,17,1208,one or more standalone-C fixtures exist
aten/src/ATen/native/cpu/SoftMaxKernel.cpp,HAS_EXTRACTION,aten_softmax,67,0,8,1,1074,one or more standalone-C fixtures exist
aten/src/ATen/native/cpu/SortingKernel.cpp,HAS_EXTRACTION,"aten_sort_cpu,aten_topk_cpu",1,0,5,3,270,one or more standalone-C fixtures exist
aten/src/ATen/native/cpu/SparseFactories.cpp,HAS_EXTRACTION,aten_spdiags_cpu,1,1,2,2,65,one or more standalone-C fixtures exist
aten/src/ATen/native/cpu/SpmmReduceKernel.cpp,HAS_EXTRACTION,"aten_spmm_reduce_arg_cpu,aten_spmm_reduce_backward_input_arg_cpu,aten_spmm_reduce_backward_input_cpu,aten_spmm_reduce_backward_other_arg_cpu,aten_spmm_reduce_backward_other_cpu,aten_spmm_reduce_cpu",18,0,21,0,565,one or more standalone-C fixtures exist
aten/src/ATen/native/cpu/StackKernel.cpp,HAS_EXTRACTION,aten_stack_serial_cpu,0,0,2,0,24,one or more standalone-C fixtures exist
aten/src/ATen/native/cpu/SumKernel.cpp,HAS_EXTRACTION,"aten_nansum_cpu,aten_sum_cpu_backend",28,0,5,4,646,one or more standalone-C fixtures exist
aten/src/ATen/native/cpu/TensorCompareKernel.cpp,HAS_EXTRACTION,"aten_aminmax_cpu,aten_clamp_cpu,aten_clamp_max_scalar_cpu,aten_clamp_min_scalar_cpu,aten_clamp_scalar_cpu,aten_isin_default_cpu,aten_isneginf,aten_isposinf,aten_max_reduce_cpu,aten_min_reduce_cpu,aten_mode_cpu,aten_where_cpu",8,7,24,11,417,one or more standalone-C fixtures exist
aten/src/ATen/native/cpu/UnaryOpsKernel.cpp,HAS_EXTRACTION,"aten_abs,aten_acos,aten_acosh,aten_angle_complex_scalarized,aten_angle_real,aten_asin,aten_asinh,aten_atan,aten_atanh,aten_bessel_j0,aten_bessel_j1,aten_bessel_y0,aten_bessel_y1,aten_bitwise_not_i32,aten_ceil,aten_conj_complex_scalarized,aten_cos,aten_cosh,aten_digamma,aten_entr,aten_erf,aten_erfc,aten_erfcx,aten_erfinv,aten_exp,aten_exp2,aten_expm1,aten_floor,aten_frac,aten_i0,aten_i0e,aten_i1,aten_i1e,aten_kaiser_window,aten_lgamma,aten_log,aten_log10,aten_log1p,aten_log2,aten_log_ndtr,aten_logical_not_f32,aten_logit,aten_modified_bessel_i0,aten_modified_bessel_i1,aten_modified_bessel_k0,aten_modified_bessel_k1,aten_nan_to_num,aten_ndtri,aten_neg,aten_polygamma,aten_reciprocal,aten_round,aten_round_decimals,aten_rsqrt,aten_sgn_complex_scalarized,aten_sigmoid,aten_sign,aten_signbit,aten_sin,aten_sinc,aten_sinh,aten_sqrt,aten_square,aten_tan,aten_tanh,aten_trigamma,aten_trunc",6,49,90,57,891,one or more standalone-C fixtures exist
aten/src/ATen/native/cpu/Unfold2d.cpp,HAS_EXTRACTION,"aten_unfolded2d_acc_cpu,aten_unfolded2d_copy_cpu",23,0,6,0,445,one or more standalone-C fixtures exist
aten/src/ATen/native/cpu/UnfoldBackwardKernel.cpp,HAS_EXTRACTION,aten_unfold_backward_cpu,2,0,2,2,152,one or more standalone-C fixtures exist
aten/src/ATen/native/cpu/UpSampleKernel.cpp,HAS_EXTRACTION,"aten_upsample_bicubic2d_aa_backward_cpu,aten_upsample_bicubic2d_aa_cpu,aten_upsample_bicubic2d_cpu,aten_upsample_bilinear2d_aa_backward_cpu,aten_upsample_bilinear2d_aa_cpu,aten_upsample_bilinear2d_cpu,aten_upsample_lanczos2d_aa_backward_cpu,aten_upsample_lanczos2d_aa_cpu,aten_upsample_linear1d_cpu,aten_upsample_nearest1d_cpu,aten_upsample_nearest2d_cpu,aten_upsample_nearest3d_cpu,aten_upsample_nearest_exact1d_cpu,aten_upsample_nearest_exact2d_cpu,aten_upsample_nearest_exact3d_cpu,aten_upsample_trilinear3d_cpu",58,0,35,9,2226,one or more standalone-C fixtures exist
aten/src/ATen/native/cpu/UpSampleMoreKernel.cpp,HAS_EXTRACTION,"aten_upsample_bilinear2d_backward_cpu,aten_upsample_linear1d_backward_cpu,aten_upsample_nearest1d_backward_cpu,aten_upsample_nearest2d_backward_cpu,aten_upsample_nearest3d_backward_cpu,aten_upsample_nearest_exact1d_backward_cpu,aten_upsample_nearest_exact2d_backward_cpu,aten_upsample_nearest_exact3d_backward_cpu,aten_upsample_trilinear3d_backward_cpu",40,0,24,1,797,one or more standalone-C fixtures exist
aten/src/ATen/native/cpu/WeightNormKernel.cpp,HAS_EXTRACTION,"aten_weight_norm_backward_cpu,aten_weight_norm_cpu",19,0,4,0,455,one or more standalone-C fixtures exist
aten/src/ATen/native/cpu/airy_ai.cpp,HAS_EXTRACTION,aten_airy_ai,0,1,2,3,24,one or more standalone-C fixtures exist
aten/src/ATen/native/cpu/batch_norm_kernel.cpp,HAS_EXTRACTION,"aten_batch_norm,aten_batch_norm_backward_cpu,aten_batch_norm_collect_stats_cpu",81,0,9,1,1403,one or more standalone-C fixtures exist
aten/src/ATen/native/cpu/group_norm_kernel.cpp,HAS_EXTRACTION,"aten_group_norm_backward_cpu,aten_group_norm_cpu",71,0,6,0,1591,one or more standalone-C fixtures exist
aten/src/ATen/native/cpu/int4mm_kernel.cpp,HAS_EXTRACTION,"aten_dyn_quant_matmul_4bit_cpu,aten_dyn_quant_pack_4bit_weight_cpu,aten_int4pack_mm_cpu,aten_weight_to_int4pack_cpu",35,0,2,0,1386,one or more standalone-C fixtures exist
aten/src/ATen/native/cpu/int8mm_kernel.cpp,HAS_EXTRACTION,aten_int8pack_mm_cpu,8,0,0,0,438,one or more standalone-C fixtures exist
aten/src/ATen/native/cpu/layer_norm_kernel.cpp,HAS_EXTRACTION,"aten_layer_norm_backward_cpu,aten_layer_norm_cpu_backend",18,0,5,0,633,one or more standalone-C fixtures exist
aten/src/ATen/native/cpu/scaled_modified_bessel_k0.cpp,HAS_EXTRACTION,aten_scaled_modified_bessel_k0,0,1,2,3,24,one or more standalone-C fixtures exist
aten/src/ATen/native/cpu/scaled_modified_bessel_k1.cpp,HAS_EXTRACTION,aten_scaled_modified_bessel_k1,0,1,2,3,24,one or more standalone-C fixtures exist
aten/src/ATen/native/cpu/spherical_bessel_j0.cpp,HAS_EXTRACTION,aten_spherical_bessel_j0,0,1,2,3,24,one or more standalone-C fixtures exist
aten/src/ATen/native/group_norm.cpp,NO_LOCAL_NUMERICAL_BODY,,0,0,0,0,249,no local loop or TensorIterator kernel body
aten/src/ATen/native/layer_norm.cpp,HAS_EXTRACTION,"aten_layer_norm,aten_rms_norm",5,0,1,0,370,one or more standalone-C fixtures exist
aten/src/ATen/native/nested/NestedTensorAliases.cpp,NO_LOCAL_NUMERICAL_BODY,,0,0,0,0,14,no local loop or TensorIterator kernel body
aten/src/ATen/native/nested/NestedTensorBackward.cpp,HAS_EXTRACTION,"aten_nested_softmax_backward_cpu,aten_nested_sum_backward_cpu",4,0,1,0,287,one or more standalone-C fixtures exist
aten/src/ATen/native/nested/NestedTensorBinaryOps.cpp,ACCOUNTED_NON_STANDALONE,,2,0,0,0,332,"all named iterative bodies are proven helper/composite, external delegation, non-numerical plumbing, or parser artifact"
aten/src/ATen/native/nested/NestedTensorFactories.cpp,HAS_EXTRACTION,aten_nested_clone_cpu,2,0,0,0,246,one or more standalone-C fixtures exist
aten/src/ATen/native/nested/NestedTensorMath.cpp,HAS_EXTRACTION,"aten_nested_all_cpu,aten_nested_from_padded_cpu,aten_nested_pad_cpu,aten_nested_select_cpu,aten_nested_softmax_cpu,aten_nested_squeeze_cpu,aten_nested_sum_dim_cpu,aten_nested_to_padded_cpu",33,0,1,0,1102,one or more standalone-C fixtures exist
aten/src/ATen/native/nested/NestedTensorMatmul.cpp,HAS_EXTRACTION,"aten_nested_bmm_cpu,aten_nested_matmul_broadcast_cpu",7,0,0,0,330,one or more standalone-C fixtures exist
aten/src/ATen/native/nested/NestedTensorTransformerFunctions.cpp,HAS_EXTRACTION,"aten_jagged_to_padded_cpu,aten_nested_batch_offsets_cpu,aten_nested_softmax_dropout_cpu,aten_nested_to_mask_cpu,aten_padded_to_jagged_cpu",7,0,1,2,361,one or more standalone-C fixtures exist
aten/src/ATen/native/nested/NestedTensorUnaryOps.cpp,HAS_EXTRACTION,"aten_nested_where_cpu,aten_nested_where_out_cpu",2,0,0,0,199,one or more standalone-C fixtures exist
aten/src/ATen/native/nested/NestedTensorUtils.cpp,ACCOUNTED_NON_STANDALONE,,7,0,0,0,181,"all named iterative bodies are proven helper/composite, external delegation, non-numerical plumbing, or parser artifact"
aten/src/ATen/native/prim_native_functions.cpp,NO_LOCAL_NUMERICAL_BODY,,0,0,0,0,46,no local loop or TensorIterator kernel body
aten/src/ATen/native/sparse/FlattenIndicesKernel.cpp,HAS_EXTRACTION,aten_flatten_indices_launch_cpu,0,1,0,2,27,one or more standalone-C fixtures exist
aten/src/ATen/native/sparse/ParamUtils.cpp,NO_LOCAL_NUMERICAL_BODY,,0,0,0,0,55,no local loop or TensorIterator kernel body
aten/src/ATen/native/sparse/SoftMax.cpp,HAS_EXTRACTION,"aten_sparse_coo_softmax_backward_cpu,aten_sparse_coo_softmax_cpu,aten_sparse_softmax_offsets_cpu,aten_sparse_softmax_pools_cpu",21,0,4,0,636,one or more standalone-C fixtures exist
aten/src/ATen/native/sparse/SparseBinaryOpIntersectionKernel.cpp,HAS_EXTRACTION,"aten_sparse_intersection_apply_cpu,aten_sparse_intersection_launch_cpu",2,1,1,1,161,one or more standalone-C fixtures exist
aten/src/ATen/native/sparse/SparseBlas.cpp,NO_LOCAL_NUMERICAL_BODY,,0,0,0,0,269,no local loop or TensorIterator kernel body
aten/src/ATen/native/sparse/SparseBlasImpl.cpp,HAS_EXTRACTION,"aten_sparse_addmv_bsr_cpu,aten_sparse_addmv_csr_cpu",5,0,2,0,476,one or more standalone-C fixtures exist
aten/src/ATen/native/sparse/SparseCsrTensor.cpp,ACCOUNTED_NON_STANDALONE,,2,0,29,0,1294,"all named iterative bodies are proven helper/composite, external delegation, non-numerical plumbing, or parser artifact"
aten/src/ATen/native/sparse/SparseCsrTensorMath.cpp,HAS_EXTRACTION,"aten_sparse_csr_add_dense_cpu,aten_sparse_csr_addmm_cpu,aten_sparse_csr_reduce_all_cpu,aten_sparse_csr_reduce_dim0_cpu,aten_sparse_csr_reduce_dim1_cpu",10,0,18,0,1508,one or more standalone-C fixtures exist
aten/src/ATen/native/sparse/SparseFactories.cpp,DISPATCH_ONLY,,0,0,0,2,102,dispatch/registration wrapper with no local scalar loop body
aten/src/ATen/native/sparse/SparseMatMul.cpp,HAS_EXTRACTION,"aten_sparse_matmul_cpu,aten_sparse_matmul_csr_to_coo_cpu,aten_sparse_matmul_maxnnz_cpu",9,0,1,0,289,one or more standalone-C fixtures exist
aten/src/ATen/native/sparse/SparseTensor.cpp,HAS_EXTRACTION,aten_coalesce_sparse_cpu,6,0,1,0,947,one or more standalone-C fixtures exist
aten/src/ATen/native/sparse/SparseTensorMath.cpp,HAS_EXTRACTION,"aten_binary_search_strided_rightmost_cpu,aten_dense_sparse_add_cpu,aten_hspmm_cpu,aten_sparse_add_values_cpu,aten_sparse_addmm_cpu,aten_sparse_bmm_cpu,aten_sparse_dense_intersection_cpu,aten_sparse_mul_cpu,aten_sparse_norm_cpu,aten_sparse_sum_backward_cpu,aten_sparse_sum_cpu,aten_sspaddmm_cpu",43,0,9,2,2067,one or more standalone-C fixtures exist
aten/src/ATen/native/sparse/SparseUnaryOps.cpp,NO_LOCAL_NUMERICAL_BODY,,0,0,0,0,285,no local loop or TensorIterator kernel body
aten/src/ATen/native/sparse/ValidateCompressedIndicesKernel.cpp,ACCOUNTED_NON_STANDALONE,,0,2,0,3,49,"all named iterative bodies are proven helper/composite, external delegation, non-numerical plumbing, or parser artifact"
aten/src/ATen/native/sparse/eigen/SparseBlasImpl.cpp,DISPATCH_ONLY,,0,0,7,0,329,dispatch/registration wrapper with no local scalar loop body
aten/src/ATen/native/transformers/attention.cpp,ACCOUNTED_NON_STANDALONE,,2,0,0,0,1148,"all named iterative bodies are proven helper/composite, external delegation, non-numerical plumbing, or parser artifact"
aten/src/ATen/native/transformers/sdp_utils_cpp.cpp,ACCOUNTED_NON_STANDALONE,,2,0,0,0,104,"all named iterative bodies are proven helper/composite, external delegation, non-numerical plumbing, or parser artifact"
aten/src/ATen/native/transformers/transformer.cpp,NO_LOCAL_NUMERICAL_BODY,,0,0,0,0,148,no local loop or TensorIterator kernel body
aten/src/ATen/native/utils/Factory.cpp,NO_LOCAL_NUMERICAL_BODY,,0,0,0,0,57,no local loop or TensorIterator kernel body
aten/src/ATen/native/verbose_wrapper.cpp,NO_LOCAL_NUMERICAL_BODY,,0,0,0,0,35,no local loop or TensorIterator kernel body
