kernel,batch,cohort_basis,comparability,shape,dtype,recipe_fingerprint,cpu_runner,native_gpu_runner,raised_gpu_runner,input_alignment,current_protocol_state,cpu_samples,cpu_median_us,cpu_errors,native_gpu_samples,native_gpu_median_us,native_gpu_errors,raised_samples,raised_median_us,raised_errors,three_way_status
aten_abs,1,WHOLE_OPERATION_OR_BOUNDED_DOMAIN,EXACT_ATEN_OPERATION,N=4194304,f32,6f2fbd84283a7177,torch_recipe,aten_cpp_harness,polygeist_resident,PENDING,PENDING,"1760.832,1718.272,1832.864,1757.312,1777.344",1760.832000,,"231.264000,230.720000,223.296000,225.344000,224.416000",225.344000,0,"1668.544006,1711.647995,1670.751999,1684.543991,1746.048004",1684.543991,0,PENDING
aten_acos,1,WHOLE_OPERATION_OR_BOUNDED_DOMAIN,EXACT_ATEN_OPERATION,N=4194304,f32,85bb3f1c3c6b8549,torch_recipe,aten_cpp_harness,polygeist_resident,PENDING,PENDING,"24511.424,24503.424,24465.536,24569.408,24514.144",24511.424000,,"228.032000,229.056000,224.512000,227.072000,223.648000",227.072000,0,"1286.688004,1307.871994,1288.223999,1266.176010,1291.519989",1288.223999,0,PENDING
aten_acosh,1,WHOLE_OPERATION_OR_BOUNDED_DOMAIN,EXACT_ATEN_OPERATION,N=4194304,f32,ed8691f0d04228f3,torch_recipe,aten_cpp_harness,polygeist_resident,PENDING,PENDING,"56507.680,56385.152,56416.224,56474.656,56438.304",56438.304000,,"228.000000,229.216000,226.240000,225.568000,222.592000",226.240000,0,"1366.815994,1407.520004,1365.087997,1342.431992,1370.239990",1366.815994,0,PENDING
aten_adaptive_avg_pool2d,1,WHOLE_OPERATION_OR_BOUNDED_DOMAIN,EXACT_ATEN_OPERATION,B=4_C=32_H=256_W=256_OH=128_OW=128,f32,1a91e610dab8183b,torch_recipe,aten_cpp_harness,polygeist_resident,PENDING,PENDING,"19438.976,19250.336,19267.040,19141.280,19072.000",19250.336000,,"395.744000,398.336000,397.504000,398.112000,397.376000",397.504000,0,,,,PENDING
aten_adaptive_avg_pool3d,1,WHOLE_OPERATION_OR_BOUNDED_DOMAIN,EXACT_ATEN_OPERATION,B=2_C=3_D=8_H=8_W=8,f32,b3c8e383067677ef,torch_recipe,aten_cpp_harness,polygeist_resident,PENDING,PENDING,"19.712,19.104,17.952,17.696,17.344",17.952000,,"47.040000,47.904000,49.216000,50.944000,50.880000",49.216000,0,,,,PENDING
aten_add,1,WHOLE_OPERATION_OR_BOUNDED_DOMAIN,EXACT_ATEN_OPERATION,B=11_C=46_H=92_W=92,f32,3f848f6bbc668548,torch_recipe,aten_cpp_harness,polygeist_resident,PENDING,PENDING,"3242.208,3214.272,3152.320,3156.704,3269.376",3214.272000,,"326.848000,322.080000,318.944000,321.760000,317.408000",321.760000,0,"320.447998,318.080002,321.791992,319.520004,317.344009",319.520004,0,PENDING
aten_add_clamp,1,WHOLE_AND_EXACT_REGION,EXACT_MATERIALIZED_COMPOSITION,N=4194304,f32,e6061ef1e74be3cd,exact_region_harness,exact_region_harness,polygeist_resident,PENDING,PENDING,"18129.568000,18118.048000,18110.400000,18098.720000,18082.528000",18110.400000,0,"494.048000,495.584000,493.312000,493.088000,497.440000",494.048000,0,"887.328003,887.136002,883.711990,884.832001,897.311996",887.136002,0,PENDING
aten_addcdiv,1,WHOLE_OPERATION_OR_BOUNDED_DOMAIN,EXACT_ATEN_OPERATION,N=4194304,f32,edb482d5b31abdc6,torch_recipe,aten_cpp_harness,polygeist_resident,PENDING,PENDING,"4547.872,4538.528,4629.472,4567.872,4554.720",4554.720000,,"405.312000,406.496000,403.776000,401.152000,403.808000",403.808000,0,"1140.064011,1140.959991,1144.160004,1141.311996,1138.528000",1140.959991,0,PENDING
aten_addcmul,1,WHOLE_OPERATION_OR_BOUNDED_DOMAIN,EXACT_ATEN_OPERATION,N=4194304,f32,28105c017f81cc7d,torch_recipe,aten_cpp_harness,polygeist_resident,PENDING,PENDING,"4517.888,4502.496,4573.024,4500.832,4525.440",4517.888000,,"403.872000,409.440000,405.376000,403.136000,402.720000",403.872000,0,"1142.463989,1144.511993,1147.040009,1143.839996,1142.079987",1143.839996,0,PENDING
aten_addmm,1,WHOLE_OPERATION_OR_BOUNDED_DOMAIN,EXACT_ATEN_OPERATION,M=512_N=512_K=512,f64,ffd39b2736a01291,torch_recipe,aten_cpp_harness,polygeist_resident,PENDING,PENDING,"16889.280,16870.304,16854.688,16826.720,16882.912",16870.304000,,"3854.272000,3846.304000,3849.824000,3844.800000,3853.408000",3849.824000,0,,,,PENDING
aten_allany_dims_cpu,1,EXACT_EXTRACTED_REGION,EXACT_EXTRACTED_FIXTURE,R=131072_C=64,i32,35a61ce54804f951,exact_region_harness,exact_region_harness,polygeist_resident,PENDING,PENDING,"26768.128000,26758.208000,26857.440000,26834.016000,26760.256000",26768.128000,0,"573.664000,570.336000,571.520000,568.736000,562.752000",570.336000,0,,,,PENDING
aten_and_reduce_cpu,1,EXACT_EXTRACTED_REGION,EXACT_EXTRACTED_FIXTURE,R=131072_K=64,i32,0926a61c1f3908b6,exact_region_harness,exact_region_harness,polygeist_resident,PENDING,PENDING,"26689.536000,26676.704000,26662.752000,26655.584000,26660.736000",26662.752000,0,"568.832000,568.832000,575.648000,812.192000,577.984000",575.648000,0,"1923.296005,1916.159988,1922.463989,1912.447998,1923.680008",1922.463989,0,PENDING
aten_angle_complex_scalarized,1,EXACT_EXTRACTED_REGION,EXACT_EXTRACTED_FIXTURE,N=4194304,f32,dea8f1b7b7cfa157,exact_region_harness,exact_region_harness,polygeist_resident,PENDING,PENDING,"41374.048000,41403.008000,41423.584000,41407.584000,41390.560000",41403.008000,0,"313.216000,315.712000,317.760000,314.432000,311.840000",314.432000,0,"906.816010,907.007996,906.335999,911.647995,907.071991",907.007996,0,PENDING
aten_angle_real,1,WHOLE_OPERATION_OR_BOUNDED_DOMAIN,EXACT_ATEN_OPERATION,N=4194304,f32,9f7716be3c155ab8,torch_recipe,aten_cpp_harness,polygeist_resident,PENDING,PENDING,"52886.208,52900.192,52858.208,52959.872,52920.224",52900.192000,,"226.624000,226.048000,229.728000,225.920000,222.432000",226.048000,0,"836.192001,834.591995,830.080002,839.744003,831.936005",834.591995,0,PENDING
aten_argmax_cpu,1,WHOLE_OPERATION_OR_BOUNDED_DOMAIN,EXACT_ATEN_OPERATION,R=131072_K=64,f32,8b87dc0870be83c0,torch_recipe,aten_cpp_harness,polygeist_resident,PENDING,PENDING,"39154.496,39171.968,39160.992,39120.928,39144.864",39154.496000,,"764.256000,764.128000,760.000000,761.056000,762.112000",762.112000,0,,,,PENDING
aten_argmin_cpu,1,WHOLE_OPERATION_OR_BOUNDED_DOMAIN,EXACT_ATEN_OPERATION,R=131072_K=64,f32,927e47c252552e8f,torch_recipe,aten_cpp_harness,polygeist_resident,PENDING,PENDING,"39251.168,39191.808,39214.048,39248.160,39201.248",39214.048000,,"763.616000,764.192000,759.584000,761.984000,760.160000",761.984000,0,,,,PENDING
aten_as_complex_cpu,1,EXACT_EXTRACTED_REGION,EXACT_EXTRACTED_FIXTURE,N=2097151,f32,95d705a24393ccd9,exact_region_harness,exact_region_harness,polygeist_resident,PENDING,PENDING,"2992.320000,3064.736000,3043.584000,3029.728000,3024.960000",3029.728000,0,"320.768000,324.672000,322.048000,319.136000,324.288000",322.048000,0,,,,PENDING
aten_asin,1,WHOLE_OPERATION_OR_BOUNDED_DOMAIN,EXACT_ATEN_OPERATION,N=4194304,f32,4a903a7e272d7c75,torch_recipe,aten_cpp_harness,polygeist_resident,PENDING,PENDING,"21966.400,21832.544,21694.528,21785.152,22024.288",21832.544000,,"226.464000,228.256000,226.432000,223.296000,224.384000",226.432000,0,"1699.552002,1724.960007,1715.839996,1708.384003,1702.272003",1708.384003,0,PENDING
aten_asinh,1,WHOLE_OPERATION_OR_BOUNDED_DOMAIN,EXACT_ATEN_OPERATION,N=4194304,f32,44b2f1000e079033,torch_recipe,aten_cpp_harness,polygeist_resident,PENDING,PENDING,"120240.480,121255.456,121086.144,120439.232,120725.024",120725.024000,,"223.168000,225.440000,221.152000,224.224000,225.152000",224.224000,0,"1779.103989,1769.535995,1779.904007,1731.231995,1370.912003",1769.535995,0,PENDING
aten_atan,1,WHOLE_OPERATION_OR_BOUNDED_DOMAIN,EXACT_ATEN_OPERATION,N=4194304,f32,66b99564041cb6eb,torch_recipe,aten_cpp_harness,polygeist_resident,PENDING,PENDING,"30186.144,30191.552,30201.952,30198.368,30200.288",30198.368000,,"225.184000,223.808000,230.944000,225.856000,223.552000",225.184000,0,"1362.080002,1335.456009,1318.367996,1334.048004,1316.032013",1334.048004,0,PENDING
aten_atan2,1,WHOLE_OPERATION_OR_BOUNDED_DOMAIN,EXACT_ATEN_OPERATION,N=4194304,f32,8397dd293ff562c5,torch_recipe,aten_cpp_harness,polygeist_resident,PENDING,PENDING,"41062.336,41006.080,41021.152,40998.208,41044.032",41021.152000,,"314.080000,313.312000,320.448000,313.696000,314.048000",314.048000,0,"911.199997,913.279999,911.007996,908.192001,906.975998",911.007996,0,PENDING
aten_atanh,1,WHOLE_OPERATION_OR_BOUNDED_DOMAIN,EXACT_ATEN_OPERATION,N=4194304,f32,51c661d010e4b6de,torch_recipe,aten_cpp_harness,polygeist_resident,PENDING,PENDING,"38913.312,38913.472,38976.608,38911.136,38942.208",38913.472000,,"226.144000,225.280000,229.056000,225.152000,228.672000",226.144000,0,"1300.608002,1338.143997,1353.888000,1299.807999,1323.007996",1323.007996,0,PENDING
aten_avg_pool2d,1,WHOLE_OPERATION_OR_BOUNDED_DOMAIN,EXACT_ATEN_OPERATION,B=2_C=4_H=16_W=16,f32,f8994b10d0786ea2,torch_recipe,aten_cpp_harness,polygeist_resident,PENDING,PENDING,"10.656,9.984,9.024,8.128,7.680",9.024000,,"44.960000,42.944000,27.776000,40.960000,22.816000",40.960000,0,"54.623993,49.087997,54.975998,67.423996,61.535995",54.975998,0,PENDING
aten_avg_pool2d_backward_cpu,1,WHOLE_OPERATION_OR_BOUNDED_DOMAIN,EXACT_ATEN_OPERATION,B=1_C=2_I0=6_I1=7,f32,871518045875f207,torch_recipe,aten_cpp_harness,polygeist_resident,PENDING,PENDING,"21.760,20.544,17.440,17.120,16.864",17.440000,,"21.952000,39.296000,25.824000,41.984000,27.552000",27.552000,0,,,,PENDING
aten_avg_pool3d,1,WHOLE_OPERATION_OR_BOUNDED_DOMAIN,EXACT_ATEN_OPERATION,B=2_C=3_D=8_H=8_W=8,f32,64727eb4df598924,torch_recipe,aten_cpp_harness,polygeist_resident,PENDING,PENDING,"10.080,10.560,9.664,8.704,8.480",9.664000,,"28.032000,55.392000,34.592000,48.032000,28.288000",34.592000,0,,,,PENDING
aten_avg_pool3d_backward_cpu,2,WHOLE_OPERATION_OR_BOUNDED_DOMAIN,EXACT_ATEN_OPERATION,B=1_C=2_I0=6_I1=7_I2=8,f32,5be05477d0f38b1d,torch_recipe,aten_cpp_harness,polygeist_resident,PENDING,PENDING,"20.032,20.512,19.840,18.272,17.760",19.840000,,"36.640000,59.808000,62.560000,40.480000,59.072000",59.072000,0,,,,PENDING
aten_batch_norm_cpu_entry,2,EXACT_EXTRACTED_REGION,EXACT_EXTRACTED_FIXTURE,N=4194304,f32,dfec3f0041ccf405,exact_region_harness,exact_region_harness,polygeist_resident,PENDING,PENDING,"6649.792000,6776.768000,6693.024000,6609.760000,6714.976000",6693.024000,0,"796.352000,795.584000,795.680000,796.896000,788.928000",795.680000,0,"633.760010,632.736008,634.080002,642.880005,638.112000",634.080002,0,PENDING
aten_blas_axpy_cpu,2,EXACT_EXTRACTED_REGION,EXACT_EXTRACTED_FIXTURE,N=4194304,f32,6052b858c06bd41d,exact_region_harness,exact_region_harness,polygeist_resident,PENDING,PENDING,"3044.608000,3113.664000,3117.152000,3101.856000,3089.824000",3101.856000,0,"317.856000,313.696000,314.720000,314.592000,314.560000",314.592000,0,"521.087997,518.496002,517.087997,518.399994,521.823990",518.496002,0,PENDING
aten_blas_copy_cpu,2,EXACT_EXTRACTED_REGION,EXACT_EXTRACTED_FIXTURE,N=4194304,f32,360a1fed35fdcb46,exact_region_harness,exact_region_harness,polygeist_resident,PENDING,PENDING,"1753.984000,1707.456000,1713.856000,1698.464000,1700.160000",1707.456000,0,"218.368000,220.768000,215.808000,216.832000,219.712000",218.368000,0,"204.000000,203.488007,208.480011,203.104004,203.360001",203.488007,0,PENDING
aten_blas_scale_cpu,2,EXACT_EXTRACTED_REGION,EXACT_EXTRACTED_FIXTURE,N=4194304,f32,cf3d9e50f32fba45,exact_region_harness,exact_region_harness,polygeist_resident,PENDING,PENDING,"3504.896000,3402.816000,3550.816000,3557.728000,3458.944000",3504.896000,0,"427.200000,429.056000,427.680000,427.968000,427.136000",427.680000,0,"236.031998,234.783997,238.815994,234.879990,234.528000",234.879990,0,PENDING
aten_bmm,2,WHOLE_OPERATION_OR_BOUNDED_DOMAIN,EXACT_ATEN_OPERATION,BATCH=70_K=282_M=141_N=211,f32,c132d6acaaae7ca9,torch_recipe,aten_cpp_harness,polygeist_resident,PENDING,PENDING,"41754.272,41767.776,41678.176,41726.336,41849.824",41754.272000,,"860.928000,862.368000,864.448000,859.488000,859.424000",860.928000,0,,,,PENDING
aten_cat_serial_cpu,2,WHOLE_OPERATION_OR_BOUNDED_DOMAIN,EXACT_ATEN_OPERATION,K=3096_M=581_R=774,f32,8969bf611c743094,torch_recipe,aten_cpp_harness,polygeist_resident,PENDING,PENDING,"1784.576,1807.552,1776.608,1728.736,1793.600",1784.576000,,"234.400000,232.544000,227.392000,233.184000,231.552000",232.544000,0,"257.439987,254.688004,253.151993,253.088013,256.703995",254.688004,0,PENDING
aten_ceil,2,WHOLE_OPERATION_OR_BOUNDED_DOMAIN,EXACT_ATEN_OPERATION,N=4194304,f32,99973374875367c6,torch_recipe,aten_cpp_harness,polygeist_resident,PENDING,PENDING,"1745.504,1751.488,1716.064,1733.088,1701.728",1733.088000,,"218.528000,224.512000,221.568000,219.296000,217.472000",219.296000,0,"1309.888000,1374.880005,1300.000000,1301.888000,1338.207993",1309.888000,0,PENDING
aten_channel_shuffle,2,EXACT_EXTRACTED_REGION,EXACT_EXTRACTED_FIXTURE,B=14_CPG=28_G=14_H=28_W=28,f32,f199c08db2dbc190,exact_region_harness,exact_region_harness,polygeist_resident,PENDING,PENDING,"3991.488000,3910.464000,3909.152000,4045.184000,3967.328000",3967.328000,0,"487.168000,487.392000,486.144000,486.944000,487.872000",487.168000,0,"225.984009,224.352005,225.695999,224.416000,226.399994",225.695999,0,PENDING
aten_channel_shuffle_cpu,2,EXACT_EXTRACTED_REGION,EXACT_EXTRACTED_FIXTURE,B=17_CPG=26_G=34_S=276,f32,9c0f4efa20ff5874,exact_region_harness,exact_region_harness,polygeist_resident,PENDING,PENDING,"5155.200000,5344.000000,5249.888000,5208.000000,5286.944000",5249.888000,0,"478.464000,475.488000,471.968000,476.352000,476.736000",476.352000,0,"245.344009,245.503998,241.759995,244.832001,246.048004",245.344009,0,PENDING
aten_clamp,2,WHOLE_OPERATION_OR_BOUNDED_DOMAIN,EXACT_ATEN_OPERATION,N=4194304,f32,732ae21a30b24a68,torch_recipe,aten_cpp_harness,polygeist_resident,PENDING,PENDING,"1808.416,1778.944,1757.408,1726.208,1739.968",1757.408000,,"228.544000,225.120000,225.536000,230.080000,226.400000",226.400000,0,"637.248001,634.912003,638.751999,640.095993,633.536011",637.248001,0,PENDING
aten_clamp_cpu,2,EXACT_EXTRACTED_REGION,EXACT_EXTRACTED_FIXTURE,N=4194304,f32,3cd8e32878aada7c,exact_region_harness,exact_region_harness,polygeist_resident,VERIFIED,PENDING,"16128.640000,16088.768000,16091.904000,16069.600000,16079.104000",16088.768000,0,"406.784000,403.904000,404.960000,407.072000,413.472000",406.784000,0,"1125.376007,1120.895996,1121.503998,1124.928009,1127.712006",1124.928009,0,COMPLETE
aten_clamp_max_scalar_cpu,2,EXACT_EXTRACTED_REGION,EXACT_EXTRACTED_FIXTURE,N=4194304,f32,20afe51bff9319b3,exact_region_harness,exact_region_harness,polygeist_resident,VERIFIED,PENDING,"1670.560000,1679.040000,1824.032000,1857.760000,1748.256000",1748.256000,0,"224.544000,225.824000,225.952000,229.248000,226.048000",225.952000,0,"629.216003,633.216003,628.959991,628.192001,628.255997",628.959991,0,COMPLETE
aten_clamp_min_scalar_cpu,2,EXACT_EXTRACTED_REGION,EXACT_EXTRACTED_FIXTURE,N=4194304,f32,79cad4471d373dda,exact_region_harness,exact_region_harness,polygeist_resident,VERIFIED,PENDING,"16186.400000,16189.664000,16185.184000,16175.808000,16195.552000",16186.400000,0,"227.232000,226.848000,225.152000,228.480000,224.640000",226.848000,0,"636.031998,637.536011,632.095993,632.320007,630.688004",632.320007,0,COMPLETE
aten_clamp_scalar_cpu,2,EXACT_EXTRACTED_REGION,EXACT_EXTRACTED_FIXTURE,N=4194304,f32,a5b7d49626a84340,exact_region_harness,exact_region_harness,polygeist_resident,VERIFIED,PENDING,"14979.008000,14980.832000,14979.456000,14960.160000,14982.048000",14979.456000,0,"228.832000,226.368000,224.800000,229.984000,225.824000",226.368000,0,"644.960007,632.608002,633.056000,641.151993,632.703995",633.056000,0,COMPLETE
aten_complex_scalarized,2,EXACT_EXTRACTED_REGION,EXACT_EXTRACTED_FIXTURE,N=4194304,f32,4aae25a1eecb3239,exact_region_harness,exact_region_harness,polygeist_resident,PENDING,PENDING,"3537.600000,3445.824000,3461.728000,3472.640000,3560.928000",3472.640000,0,"406.848000,403.008000,402.016000,400.896000,406.080000",403.008000,0,"417.279999,407.264008,411.871994,408.832001,411.968002",411.871994,0,PENDING
aten_compressed_block_convert_cpu,2,EXACT_EXTRACTED_REGION,EXACT_EXTRACTED_FIXTURE,R=2048_C=2048_BR=4_BC=4,f32,5d2934fd76b7e9c2,exact_region_harness,exact_region_harness,polygeist_resident,PENDING,PENDING,"8897.760000,8969.888000,8963.136000,8908.832000,8926.944000",8926.944000,0,"264.352000,263.616000,267.040000,262.560000,264.640000",264.352000,0,,,,PENDING
aten_conj_complex_scalarized,2,EXACT_EXTRACTED_REGION,EXACT_EXTRACTED_FIXTURE,N=4194304,f32,cc9eb5896e00ae5b,exact_region_harness,exact_region_harness,polygeist_resident,PENDING,PENDING,"3494.912000,3454.528000,3468.480000,3501.536000,3546.080000",3494.912000,0,"418.240000,413.824000,422.976000,419.712000,419.392000",419.392000,0,,,,PENDING
aten_conv1d,2,WHOLE_OPERATION_OR_BOUNDED_DOMAIN,EXACT_ATEN_OPERATION,B=32_IC=64_OC=128_W=4096_K=3,f32,a345c29492c9ca0c,torch_recipe,aten_cpp_harness,polygeist_resident,PENDING,PENDING,"310877.280,310906.240,311037.856,311238.752,311185.568",311037.856000,,"5183.392000,5172.288000,5176.928000,5177.216000,5176.960000",5176.960000,0,"4848.671997,4721.215988,4714.207993,4720.544006,4719.552002",4720.544006,0,PENDING
aten_conv2d,2,WHOLE_OPERATION_OR_BOUNDED_DOMAIN,EXACT_ATEN_OPERATION,B=4_IC=16_OC=32_H=128_W=128_KH=3_KW=3,f32,3b3bcbef73116a11,torch_recipe,aten_cpp_harness,polygeist_resident,PENDING,PENDING,"35366.880,35364.608,35307.104,35292.736,35274.528",35307.104000,,"382.048000,382.624000,374.848000,380.928000,384.800000",382.048000,0,"636.703995,631.328003,631.712006,625.472000,628.543991",631.328003,0,PENDING
aten_conv_transpose2d,2,WHOLE_OPERATION_OR_BOUNDED_DOMAIN,EXACT_ATEN_OPERATION,B=2_IC=16_OC=32_H=128_W=128_K=3,f32,c294507cdb3f054e,torch_recipe,aten_cpp_harness,polygeist_resident,PENDING,PENDING,"29902.240,28755.360,28966.304,29222.944,32619.680",29222.944000,,"247.008000,243.648000,245.152000,238.624000,240.960000",243.648000,0,"442.335999,434.240005,417.759995,427.200012,425.951996",427.200012,0,PENDING
aten_conv_transpose3d_cpu,2,WHOLE_OPERATION_OR_BOUNDED_DOMAIN,EXACT_ATEN_OPERATION,C=8_O=16_D=32_H=32_W=32_K=3,f32,cb3ec4a1c6f08eb8,torch_recipe,aten_cpp_harness,polygeist_resident,PENDING,PENDING,"38378.752,38213.696,38252.672,38273.280,38321.152",38273.280000,,"1590.240000,1585.600000,1587.808000,1579.776000,1583.008000",1585.600000,0,"1714.528000,1710.431992,1714.560013,1722.143997,1707.520004",1714.528000,0,PENDING
aten_convert_coo_to_csr_cpu,2,EXACT_EXTRACTED_REGION,EXACT_EXTRACTED_FIXTURE,N=4194304_R=65536,i32,88b6f49f4ce53c69,exact_region_harness,exact_region_harness,polygeist_resident,PENDING,PENDING,"5158.624000,5167.936000,5119.232000,5198.432000,5151.136000",5158.624000,0,"325.984000,326.048000,324.384000,323.200000,326.592000",325.984000,0,,,,PENDING
aten_copy_cpu,2,WHOLE_OPERATION_OR_BOUNDED_DOMAIN,EXACT_ATEN_OPERATION,N=4194304,f32,bfde07a5167fb20d,torch_recipe,aten_cpp_harness,polygeist_resident,PENDING,PENDING,"1695.232,1810.720,1764.256,1753.120,1707.296",1753.120000,,"218.880000,220.864000,221.184000,219.392000,219.968000",219.968000,0,"207.775986,206.783997,209.952011,207.136002,203.584000",207.136002,0,PENDING
aten_copy_tensor_array_cpu,2,WHOLE_OPERATION_OR_BOUNDED_DOMAIN,EXACT_ATEN_OPERATION,B=512_N=8192,f32,763d2776dbad0967,torch_recipe,aten_cpp_harness,polygeist_resident,PENDING,PENDING,"1708.896,1760.256,1797.024,1745.632,1714.720",1745.632000,,"217.088000,218.944000,221.120000,220.064000,223.776000",220.064000,0,"220.127991,219.616013,220.447998,220.159988,225.056000",220.159988,0,PENDING
aten_cos,3,WHOLE_OPERATION_OR_BOUNDED_DOMAIN,EXACT_ATEN_OPERATION,N=4194304,f32,bb94742dcdc246da,torch_recipe,aten_cpp_harness,polygeist_resident,PENDING,PENDING,"22527.328,22523.392,22547.744,22560.800,22549.376",22547.744000,,"224.032000,232.064000,227.936000,497.088000,223.520000",227.936000,0,"1319.200012,1339.391998,1360.928009,1295.648010,1330.175995",1330.175995,0,PENDING
aten_cosh,3,WHOLE_OPERATION_OR_BOUNDED_DOMAIN,EXACT_ATEN_OPERATION,N=4194304,f32,d7e37dcedb3b0e48,torch_recipe,aten_cpp_harness,polygeist_resident,PENDING,PENDING,"35051.520,35057.504,35171.904,35054.368,35043.712",35054.368000,,"232.256000,226.432000,227.616000,222.464000,224.416000",226.432000,0,"1295.232010,1295.199997,1276.096008,1274.912003,1273.824005",1276.096008,0,PENDING
aten_count_nonzero_impl_cpu,3,WHOLE_OPERATION_OR_BOUNDED_DOMAIN,EXACT_ATEN_OPERATION,R=131072_C=64,f32,c958ea502e1138a8,torch_recipe,aten_cpp_harness,polygeist_resident,PENDING,PENDING,"19219.520,19011.968,18894.976,19028.416,18808.192",19011.968000,,"1222.816000,1231.072000,1232.672000,1227.552000,1222.496000",1227.552000,0,"5974.880005,5516.223999,5642.751999,5495.456009,5550.207993",5550.207993,0,PENDING
aten_cpu_blas_gemm_batched_cpu,3,EXACT_EXTRACTED_REGION,EXACT_EXTRACTED_FIXTURE,B=52_K=311_M=208_N=259,f32,57f08d687ae9d16b,exact_region_harness,exact_region_harness,polygeist_resident,PENDING,PENDING,"58548.256000,58634.592000,58538.624000,58529.536000,58544.640000",58544.640000,0,"1021.664000,1019.584000,1024.576000,1021.248000,1019.840000",1021.248000,0,,,,PENDING
aten_cpu_blas_gemm_cpu,3,EXACT_EXTRACTED_REGION,EXACT_EXTRACTED_FIXTURE,K=2290_M=1374_N=1832,f32,acf1ac1e761ae7e6,exact_region_harness,exact_region_harness,polygeist_resident,PENDING,PENDING,"349499.392000,349324.896000,349590.432000,349491.264000,349363.648000",349491.264000,0,"3757.184000,3753.760000,3757.376000,3753.312000,3755.392000",3755.392000,0,,,,PENDING
aten_cpu_blas_gemm_strided_batched_cpu,3,EXACT_EXTRACTED_REGION,EXACT_EXTRACTED_FIXTURE,B=52_K=311_M=208_N=259,f32,eb3e1fa75831476a,exact_region_harness,exact_region_harness,polygeist_resident,PENDING,PENDING,"59003.072000,58620.704000,58937.504000,58610.784000,58762.528000",58762.528000,0,"1024.128000,1023.136000,1024.608000,1021.952000,1020.192000",1023.136000,0,,,,PENDING
aten_cross,3,WHOLE_OPERATION_OR_BOUNDED_DOMAIN,EXACT_ATEN_OPERATION,N=1398101,f32,b42870c4d04b959c,torch_recipe,aten_cpp_harness,polygeist_resident,PENDING,PENDING,"18884.160,18922.368,18885.216,18884.192,18885.568",18885.216000,,"318.752000,309.280000,312.928000,306.208000,306.304000",309.280000,0,,,,PENDING
aten_cross_cpu_backend,3,WHOLE_OPERATION_OR_BOUNDED_DOMAIN,EXACT_ATEN_OPERATION,V=1398101,f32,9291ba8d1ebe364f,torch_recipe,aten_cpp_harness,polygeist_resident,PENDING,PENDING,"18969.184,18948.416,19014.112,19008.512,18964.384",18969.184000,,"311.840000,310.208000,313.792000,312.576000,310.752000",311.840000,0,,,,PENDING
aten_cumprod_cpu,3,WHOLE_OPERATION_OR_BOUNDED_DOMAIN,EXACT_ATEN_OPERATION,K=2897_R=1448,f32,8c78205482ac384d,torch_recipe,aten_cpp_harness,polygeist_resident,PENDING,PENDING,"5815.392,5869.344,5818.912,5867.584,5810.656",5818.912000,,"310.176000,315.424000,308.320000,309.152000,310.912000",310.176000,0,,,,PENDING
aten_diff_cpu,3,EXACT_EXTRACTED_REGION,EXACT_EXTRACTED_FIXTURE,N=16777216,f32,58729da87b52269a,exact_region_harness,exact_region_harness,polygeist_resident,PENDING,PENDING,"6902.880000,7039.808000,6908.832000,7132.608000,6913.600000",6913.600000,0,"769.248000,762.464000,764.768000,761.504000,763.136000",763.136000,0,,,,PENDING
aten_div,3,WHOLE_OPERATION_OR_BOUNDED_DOMAIN,EXACT_ATEN_OPERATION,N=4194304,f32,3a958dcfd03cdc81,torch_recipe,aten_cpp_harness,polygeist_resident,PENDING,PENDING,"3093.376,3087.488,3087.264,3158.368,3128.544",3093.376000,,"333.248000,332.000000,320.224000,318.368000,316.544000",320.224000,0,"871.488007,864.512009,867.199997,867.488007,865.536011",867.199997,0,PENDING
aten_dropout_feature_noise_cpu,3,EXACT_EXTRACTED_REGION,EXACT_EXTRACTED_FIXTURE,B=32_C=64_H=64_W=64,f32,bdd5f8a7dcb35084,exact_region_harness,exact_region_harness,polygeist_resident,PENDING,PENDING,"12470.336000,12506.528000,12508.128000,12447.328000,12609.632000",12506.528000,0,"1167.072000,1171.776000,1165.632000,1169.568000,1167.680000",1167.680000,0,,,,PENDING
aten_elu,3,WHOLE_OPERATION_OR_BOUNDED_DOMAIN,EXACT_ATEN_OPERATION,N=4194304,f32,d81584f45f031a1c,torch_recipe,aten_cpp_harness,polygeist_resident,PENDING,PENDING,"2608.192,2637.920,2609.760,2618.592,2608.192",2609.760000,,"240.736000,230.144000,232.896000,225.984000,223.072000",230.144000,0,"641.503998,644.192001,641.375992,634.623993,636.416000",641.375992,0,PENDING
aten_elu_backward,3,WHOLE_OPERATION_OR_BOUNDED_DOMAIN,EXACT_ATEN_OPERATION,N=4194304,f32,905088a00ae3d786,torch_recipe,aten_cpp_harness,polygeist_resident,PENDING,PENDING,"3193.632,3163.040,3120.800,3117.536,3133.824",3133.824000,,"315.104000,320.064000,315.392000,313.984000,310.944000",315.104000,0,"874.272003,870.528000,868.384003,876.895996,875.231995",874.272003,0,PENDING
aten_erf,3,WHOLE_OPERATION_OR_BOUNDED_DOMAIN,EXACT_ATEN_OPERATION,N=4194304,f32,0dd4b2733f8227cd,torch_recipe,aten_cpp_harness,polygeist_resident,PENDING,PENDING,"27855.104,27842.848,27833.824,27792.192,27820.960",27833.824000,,"223.520000,222.464000,225.728000,221.888000,223.040000",223.040000,0,"642.015991,641.695999,640.832001,642.303986,639.615997",641.695999,0,PENDING
aten_erfc,3,WHOLE_OPERATION_OR_BOUNDED_DOMAIN,EXACT_ATEN_OPERATION,N=4194304,f32,93a3de32a1e78949,torch_recipe,aten_cpp_harness,polygeist_resident,PENDING,PENDING,"84773.824,84680.928,84708.576,84703.072,84663.104",84703.072000,,"218.336000,215.936000,216.032000,215.744000,217.664000",216.032000,0,"641.760010,647.552002,638.335999,640.416000,637.408005",640.416000,0,PENDING
aten_exp,3,WHOLE_OPERATION_OR_BOUNDED_DOMAIN,EXACT_ATEN_OPERATION,N=4194304,f32,5b828abb80778add,torch_recipe,aten_cpp_harness,polygeist_resident,PENDING,PENDING,"11931.136,11913.056,11914.816,11851.008,11906.528",11913.056000,,"252.992000,249.632000,247.168000,247.648000,248.992000",248.992000,0,"1760.895996,1728.192001,1726.400009,1645.087997,1684.768005",1726.400009,0,PENDING
aten_exp2,3,WHOLE_OPERATION_OR_BOUNDED_DOMAIN,EXACT_ATEN_OPERATION,N=4194304,f32,a512ae97ce832704,torch_recipe,aten_cpp_harness,polygeist_resident,PENDING,PENDING,"8567.712,8673.664,8571.392,8563.104,8568.352",8568.352000,,"219.520000,217.600000,217.984000,215.872000,221.056000",217.984000,0,"635.264008,643.072006,638.048004,630.848007,631.007996",635.264008,0,PENDING
aten_expm1,3,WHOLE_OPERATION_OR_BOUNDED_DOMAIN,EXACT_ATEN_OPERATION,N=4194304,f32,b76cfa17275d9f7a,torch_recipe,aten_cpp_harness,polygeist_resident,PENDING,PENDING,"35548.384,35340.480,35513.856,35582.272,35513.056",35513.856000,,"232.960000,229.536000,220.832000,219.584000,221.152000",221.152000,0,"637.024002,642.655991,638.496002,637.407990,635.391998",637.407990,0,PENDING
aten_flatten_nd_linear_cpu,3,EXACT_EXTRACTED_REGION,EXACT_EXTRACTED_FIXTURE,B=80_K=322_M=161_N=241,f32,0b73d0504d7a7d38,exact_region_harness,exact_region_harness,polygeist_resident,PENDING,PENDING,"63570.656000,63604.960000,63579.840000,63638.208000,63566.880000",63579.840000,0,"725.312000,724.448000,730.784000,725.056000,723.616000",725.056000,0,,,,PENDING
aten_floor,3,WHOLE_OPERATION_OR_BOUNDED_DOMAIN,EXACT_ATEN_OPERATION,N=4194304,f32,ee994c992feabd3f,torch_recipe,aten_cpp_harness,polygeist_resident,PENDING,PENDING,"1781.792,1786.880,1759.968,1710.176,1688.544",1759.968000,,"221.888000,226.752000,221.056000,222.400000,220.160000",221.888000,0,"1680.287994,1725.567993,1693.600006,1703.936005,1687.328003",1693.600006,0,PENDING
aten_fmax,3,WHOLE_OPERATION_OR_BOUNDED_DOMAIN,EXACT_ATEN_OPERATION,N=4194304,f32,01b6a5c5d48be296,torch_recipe,aten_cpp_harness,polygeist_resident,PENDING,PENDING,"3113.760,3103.552,3067.488,3179.808,3131.680",3113.760000,,"314.368000,319.616000,314.112000,317.216000,316.128000",316.128000,0,"874.720001,877.343994,874.080002,871.360001,876.319992",874.720001,0,PENDING
aten_fmin,3,WHOLE_OPERATION_OR_BOUNDED_DOMAIN,EXACT_ATEN_OPERATION,N=4194304,f32,cae427b65388ace8,torch_recipe,aten_cpp_harness,polygeist_resident,PENDING,PENDING,"3124.096,3099.168,3047.936,3074.240,3204.160",3099.168000,,"315.936000,321.600000,317.408000,315.744000,315.936000",315.936000,0,"876.895996,879.519989,875.263992,874.719986,871.744003",875.263992,0,PENDING
aten_fmod,3,WHOLE_OPERATION_OR_BOUNDED_DOMAIN,EXACT_ATEN_OPERATION,N=4194304,f32,ebf144712f447640,torch_recipe,aten_cpp_harness,polygeist_resident,PENDING,PENDING,"21416.800,21425.696,21455.264,21416.864,21412.448",21416.864000,,"316.192000,320.512000,316.000000,317.696000,313.856000",316.192000,0,"898.687988,899.776001,899.167999,897.919998,901.791992",899.167999,0,PENDING
aten_frac,3,WHOLE_OPERATION_OR_BOUNDED_DOMAIN,EXACT_ATEN_OPERATION,N=4194304,f32,257b2d03a81cc271,torch_recipe,aten_cpp_harness,polygeist_resident,PENDING,PENDING,"1724.384,1767.232,1787.168,1765.216,1709.024",1765.216000,,"224.160000,241.568000,732.736000,236.960000,230.976000",236.960000,0,"653.792007,659.264008,653.728012,654.112000,656.992004",654.112000,0,PENDING
aten_gelu,4,WHOLE_OPERATION_OR_BOUNDED_DOMAIN,EXACT_ATEN_OPERATION,N=4194304,f32,f457f641f8eed3db,torch_recipe,aten_cpp_harness,polygeist_resident,PENDING,PENDING,"8921.408,8970.912,8931.104,8946.560,8899.520",8931.104000,,"224.768000,221.184000,226.240000,222.848000,223.648000",223.648000,0,"636.159988,635.551987,638.975998,632.320007,632.416000",635.551987,0,PENDING
aten_gelu_backward_cpu_exact,4,WHOLE_OPERATION_OR_BOUNDED_DOMAIN,EXACT_ATEN_OPERATION,N=4194304,f32,71eee55ef62813bd,torch_recipe,aten_cpp_harness,polygeist_resident,PENDING,PENDING,"77224.288,77262.496,77291.552,77341.952,77255.360",77262.496000,,"316.256000,316.416000,318.496000,312.320000,314.112000",316.256000,0,"1129.056000,1129.472000,1123.360001,1128.447998,1124.768005",1128.447998,0,PENDING
aten_gelu_backward_cpu_tanh,4,WHOLE_OPERATION_OR_BOUNDED_DOMAIN,EXACT_ATEN_OPERATION,N=4194304,f32,df5b1482f040c411,torch_recipe,aten_cpp_harness,polygeist_resident,PENDING,PENDING,"51990.304,52037.088,51983.936,52002.720,51952.928",51990.304000,,"313.440000,316.672000,318.976000,314.400000,314.944000",314.944000,0,"5734.912003,5676.671997,6168.095993,5692.607986,6133.311996",5734.912003,0,PENDING
aten_gelu_cpu_exact,4,WHOLE_OPERATION_OR_BOUNDED_DOMAIN,EXACT_ATEN_OPERATION,N=4194304,f32,5b48840c70c886ab,torch_recipe,aten_cpp_harness,polygeist_resident,PENDING,PENDING,"8947.488,8967.680,8991.200,8984.416,8967.712",8967.712000,,"225.536000,225.408000,229.120000,223.552000,223.040000",225.408000,0,"629.791992,627.263992,628.416000,626.463989,626.847992",627.263992,0,PENDING
aten_gelu_cpu_tanh,4,WHOLE_OPERATION_OR_BOUNDED_DOMAIN,EXACT_ATEN_OPERATION,N=4194304,f32,ddbb97ad9ec4d06e,torch_recipe,aten_cpp_harness,polygeist_resident,PENDING,PENDING,"165433.312,165572.064,165666.176,165876.640,165326.752",165572.064000,,"222.976000,223.808000,228.864000,224.224000,223.200000",223.808000,0,"628.544006,631.424011,630.335999,624.480011,627.903992",628.544006,0,PENDING
aten_glu,4,EXACT_EXTRACTED_REGION,EXACT_EXTRACTED_FIXTURE,N=4194304,f32,02a7dcceff8d5d61,exact_region_harness,exact_region_harness,polygeist_resident,PENDING,PENDING,"26649.952000,26684.544000,26676.864000,26650.624000,26667.040000",26667.040000,0,"322.208000,323.616000,320.480000,319.456000,322.304000",322.208000,0,"1073.536011,1067.744003,1064.223999,1064.063995,1068.927994",1067.744003,0,PENDING
aten_glu_backward,4,EXACT_EXTRACTED_REGION,EXACT_EXTRACTED_FIXTURE,N=4194304,f32,eef22b792f3a0e64,exact_region_harness,exact_region_harness,polygeist_resident,PENDING,PENDING,"14148.608000,14206.080000,14134.368000,14200.064000,14147.136000",14148.608000,0,"1415.136000,1409.728000,1406.880000,1407.040000,1405.312000",1407.040000,0,"1430.016006,1429.216003,1419.679993,1436.192001,1438.880005",1430.016006,0,PENDING
aten_glu_jvp,4,EXACT_EXTRACTED_REGION,EXACT_EXTRACTED_FIXTURE,N=4194304,f32,b9b515bd3789a6a2,exact_region_harness,exact_region_harness,polygeist_resident,PENDING,PENDING,"29392.384000,29357.504000,29656.000000,29412.256000,29344.320000",29392.384000,0,"1590.592000,1580.576000,1591.072000,1582.944000,1585.632000",1585.632000,0,"1818.463989,1821.248001,1814.399994,1823.871994,1821.568008",1821.248001,0,PENDING
aten_hardshrink,4,EXACT_EXTRACTED_REGION,EXACT_EXTRACTED_FIXTURE,N=4194304,f32,6b84be6ffbc2f9cd,exact_region_harness,exact_region_harness,polygeist_resident,PENDING,PENDING,"1796.672000,1717.888000,1679.872000,1719.072000,1685.536000",1717.888000,0,"221.696000,220.416000,226.048000,222.592000,223.616000",222.592000,0,"633.695999,634.815994,630.432007,631.456009,634.304001",633.695999,0,PENDING
aten_hardsigmoid,4,WHOLE_OPERATION_OR_BOUNDED_DOMAIN,EXACT_ATEN_OPERATION,N=4194304,f32,edda58d945a51022,torch_recipe,aten_cpp_harness,polygeist_resident,PENDING,PENDING,"2992.864,3002.176,2968.256,3034.144,3027.168",3002.176000,,"225.536000,223.552000,229.344000,222.880000,224.704000",224.704000,0,"637.184006,639.903992,637.791992,631.039993,632.704010",637.184006,0,PENDING
aten_hardsigmoid_backward,4,WHOLE_OPERATION_OR_BOUNDED_DOMAIN,EXACT_ATEN_OPERATION,N=4194304,f32,4c76ee8a69d656ec,torch_recipe,aten_cpp_harness,polygeist_resident,PENDING,PENDING,"3128.224,3069.952,3095.296,3184.832,3114.720",3114.720000,,"319.296000,323.360000,314.592000,313.728000,314.272000",314.592000,0,"874.847992,873.888000,878.112000,873.472000,869.919998",873.888000,0,PENDING
aten_hardswish,4,WHOLE_OPERATION_OR_BOUNDED_DOMAIN,EXACT_ATEN_OPERATION,N=4194304,f32,a69c9eae5e6108ed,torch_recipe,aten_cpp_harness,polygeist_resident,PENDING,PENDING,"3103.680,3089.408,3044.096,3041.408,3112.576",3089.408000,,"223.360000,221.120000,226.592000,223.808000,222.400000",223.360000,0,"634.944000,634.815994,629.248001,630.272003,629.888000",630.272003,0,PENDING
aten_hardswish_backward,4,WHOLE_OPERATION_OR_BOUNDED_DOMAIN,EXACT_ATEN_OPERATION,N=4194304,f32,6d9d2fe503529507,torch_recipe,aten_cpp_harness,polygeist_resident,PENDING,PENDING,"3414.944,3401.120,3384.960,3348.800,3411.232",3401.120000,,"519.488000,510.208000,511.392000,509.248000,507.264000",510.208000,0,"865.855988,868.192001,875.104004,870.208008,869.599991",869.599991,0,PENDING
aten_hardtanh,4,EXACT_EXTRACTED_REGION,EXACT_EXTRACTED_FIXTURE,N=4194304,f32,83fe1f5a9c14ac29,exact_region_harness,exact_region_harness,polygeist_resident,PENDING,PENDING,"14929.280000,14940.224000,14937.632000,14947.104000,14964.064000",14940.224000,0,"221.152000,218.720000,219.296000,221.824000,218.176000",219.296000,0,"634.304001,628.320007,628.255997,632.800003,633.056000",632.800003,0,PENDING
aten_hardtanh_backward,4,EXACT_EXTRACTED_REGION,EXACT_EXTRACTED_FIXTURE,N=4194304,f32,6488125976d74959,exact_region_harness,exact_region_harness,polygeist_resident,PENDING,PENDING,"3122.016000,3108.480000,3108.576000,3080.416000,3086.048000",3108.480000,0,"304.672000,302.368000,311.680000,307.488000,306.784000",306.784000,0,"872.703995,871.871994,868.192001,867.776001,875.360001",871.871994,0,PENDING
aten_huber_backward,4,EXACT_EXTRACTED_REGION,EXACT_EXTRACTED_FIXTURE,N=4194304,f32,b003b17441ada95b,exact_region_harness,exact_region_harness,polygeist_resident,PENDING,PENDING,"4649.024000,4593.728000,4599.392000,4578.592000,4652.352000",4599.392000,0,"387.168000,394.496000,389.632000,389.312000,385.632000",389.312000,0,"867.360001,865.760010,866.751999,867.648010,867.391998",867.360001,0,PENDING
aten_huber_elementwise,4,EXACT_EXTRACTED_REGION,EXACT_EXTRACTED_FIXTURE,N=4194304,f32,40458531c0ed998a,exact_region_harness,exact_region_harness,polygeist_resident,PENDING,PENDING,"3026.592000,3123.616000,3092.320000,3065.792000,3030.816000",3065.792000,0,"315.392000,313.600000,314.816000,309.696000,308.032000",313.600000,0,"869.664001,872.384003,872.544006,871.839996,876.704010",872.384003,0,PENDING
aten_hypot,4,WHOLE_OPERATION_OR_BOUNDED_DOMAIN,EXACT_ATEN_OPERATION,N=4194304,f32,360eac1f010bdb44,torch_recipe,aten_cpp_harness,polygeist_resident,PENDING,PENDING,"31508.960,31405.280,31310.432,31316.768,31378.752",31378.752000,,"332.064000,325.088000,332.320000,332.096000,320.992000",332.064000,0,"878.623993,877.087997,880.447998,882.911987,881.823990",880.447998,0,PENDING
aten_im2col,4,WHOLE_OPERATION_OR_BOUNDED_DOMAIN,EXACT_ATEN_OPERATION,B=4_C=8_H=128_W=128_KH=3_KW=3,f32,a4c2fa550faa122e,torch_recipe,aten_cpp_harness,polygeist_resident,PENDING,PENDING,"2204.064,2298.336,2251.968,2208.032,2037.856",2208.032000,,"227.584000,229.568000,230.624000,227.232000,230.432000",229.568000,0,"171.647995,173.568008,175.007996,175.264008,173.344009",173.568008,0,PENDING
aten_int_mm_out_cpu,4,WHOLE_OPERATION_OR_BOUNDED_DOMAIN,EXACT_ATEN_OPERATION,M=512_N=512_K=1024,f32,2ee5f09162f73db9,torch_recipe,aten_cpp_harness,polygeist_resident,PENDING,PENDING,"706385.536,706466.912,706620.736,706316.000,706569.376",706466.912000,,"101.280000,98.624000,102.944000,97.696000,95.648000",98.624000,0,,,,PENDING
aten_joint_scaling_cpu,4,EXACT_EXTRACTED_REGION,EXACT_EXTRACTED_FIXTURE,N=16777216,f32,0f1d1b10e91e7c68,exact_region_harness,exact_region_harness,polygeist_resident,PENDING,PENDING,"141110.624000,141324.000000,141099.584000,141128.192000,141008.256000",141110.624000,0,"2393.152000,2400.672000,2430.880000,2248.256000,2438.912000",2400.672000,0,,,,PENDING
aten_kron_impl_cpu,4,EXACT_EXTRACTED_REGION,EXACT_EXTRACTED_FIXTURE,A=256_B=128_C=32_D=32,f32,71b58bc9f4730368,exact_region_harness,exact_region_harness,polygeist_resident,PENDING,PENDING,"6643.744000,6700.064000,6737.472000,6738.848000,6677.792000",6700.064000,0,"1107.552000,1106.240000,1104.224000,1108.544000,1100.352000",1106.240000,0,"5996.319992,6005.888000,6015.487991,5999.136002,5961.791992",5999.136002,0,PENDING
aten_kron_out_cpu,4,EXACT_EXTRACTED_REGION,EXACT_EXTRACTED_FIXTURE,A=256_B=128_C=32_D=32,f32,7607a09d96787dbe,exact_region_harness,exact_region_harness,polygeist_resident,PENDING,PENDING,"6684.768000,6677.632000,6706.368000,6742.432000,6654.720000",6684.768000,0,"1105.216000,1103.840000,1101.760000,1106.912000,1102.496000",1103.840000,0,"6112.864014,6035.328003,6019.040009,6008.960007,6208.352005",6035.328003,0,PENDING
aten_leaky_relu,4,WHOLE_OPERATION_OR_BOUNDED_DOMAIN,EXACT_ATEN_OPERATION,N=4194304,f32,f81c45745cd970f2,torch_recipe,aten_cpp_harness,polygeist_resident,PENDING,PENDING,"1699.264,1723.776,1704.576,1787.104,1731.296",1723.776000,,"224.736000,225.696000,230.688000,225.824000,224.736000",225.696000,0,"637.568008,630.623993,628.000000,635.360001,634.400009",634.400009,0,PENDING
aten_lerp,4,EXACT_EXTRACTED_REGION,EXACT_EXTRACTED_FIXTURE,N=4194304,f32,4e802a140a827300,exact_region_harness,exact_region_harness,polygeist_resident,PENDING,PENDING,"4581.696000,4531.200000,4489.472000,4528.448000,4501.792000",4528.448000,0,"403.744000,400.992000,404.640000,400.192000,401.280000",401.280000,0,"1135.520004,1130.399994,1129.343994,1126.464005,1131.200012",1130.399994,0,PENDING
aten_lerp_scalar,5,EXACT_EXTRACTED_REGION,EXACT_EXTRACTED_FIXTURE,N=4194304,f32,3ed458b205f9ff3d,exact_region_harness,exact_region_harness,polygeist_resident,PENDING,PENDING,"3107.936000,3085.216000,3071.200000,3073.920000,3040.320000",3073.920000,0,"334.208000,324.192000,329.760000,317.984000,319.584000",324.192000,0,"875.264008,876.544006,874.112000,875.807999,874.207993",875.264008,0,PENDING
aten_lerp_scalar_cpu,5,EXACT_EXTRACTED_REGION,EXACT_EXTRACTED_FIXTURE,N=4194304,f32,78031c8798b7cb9a,exact_region_harness,exact_region_harness,polygeist_resident,PENDING,PENDING,"3042.048000,3048.000000,3081.920000,3098.080000,3071.360000",3071.360000,0,"315.744000,312.832000,317.824000,313.280000,308.480000",313.280000,0,"870.559998,869.343994,869.984009,873.311996,877.503998",870.559998,0,PENDING
aten_lerp_tensor_cpu,5,WHOLE_OPERATION_OR_BOUNDED_DOMAIN,EXACT_ATEN_OPERATION,N=4194304,f32,1cfee9a904ffc548,torch_recipe,aten_cpp_harness,polygeist_resident,PENDING,PENDING,"4523.936,4552.896,4500.768,4504.736,4505.376",4505.376000,,"695.072000,425.600000,425.760000,414.304000,416.032000",425.600000,0,"1126.271988,1126.847992,1130.687988,1129.087997,1126.720001",1126.847992,0,PENDING
aten_log,5,WHOLE_OPERATION_OR_BOUNDED_DOMAIN,EXACT_ATEN_OPERATION,N=4194304,f32,3de8004fa500429e,torch_recipe,aten_cpp_harness,polygeist_resident,PENDING,PENDING,"22219.104,22224.000,22170.688,22222.336,22224.000",22222.336000,,"236.480000,236.096000,225.248000,223.616000,221.600000",225.248000,0,"1342.272003,1293.408005,1280.863998,1307.552002,1283.200012",1293.408005,0,PENDING
aten_log10,5,WHOLE_OPERATION_OR_BOUNDED_DOMAIN,EXACT_ATEN_OPERATION,N=4194304,f32,16be5501c4b754a0,torch_recipe,aten_cpp_harness,polygeist_resident,PENDING,PENDING,"24148.384,24123.232,24152.192,24127.936,24146.848",24146.848000,,"226.720000,233.248000,226.624000,224.128000,225.696000",226.624000,0,"634.271988,641.727997,635.488007,638.528000,632.639999",635.488007,0,PENDING
aten_log1p,5,WHOLE_OPERATION_OR_BOUNDED_DOMAIN,EXACT_ATEN_OPERATION,N=4194304,f32,e84c88cd8e52d9d7,torch_recipe,aten_cpp_harness,polygeist_resident,PENDING,PENDING,"23693.952,23634.528,23700.992,23660.832,23627.008",23660.832000,,"255.104000,240.384000,232.800000,233.760000,233.984000",233.984000,0,"632.736008,640.031998,633.216003,634.687988,630.143997",633.216003,0,PENDING
aten_log2,5,WHOLE_OPERATION_OR_BOUNDED_DOMAIN,EXACT_ATEN_OPERATION,N=4194304,f32,bb9bfb2fc1e8317e,torch_recipe,aten_cpp_harness,polygeist_resident,PENDING,PENDING,"24636.768,24538.528,24610.048,24568.000,24537.696",24568.000000,,"228.384000,226.400000,223.904000,224.576000,219.648000",224.576000,0,"633.024002,637.856003,633.024002,634.016006,630.176010",633.024002,0,PENDING
aten_log_sigmoid_backward_cpu,5,WHOLE_OPERATION_OR_BOUNDED_DOMAIN,EXACT_ATEN_OPERATION,N=4194304,f32,aab50d8328c1a843,torch_recipe,aten_cpp_harness,polygeist_resident,PENDING,PENDING,"4542.976,4525.152,4597.696,4540.768,4543.840",4542.976000,,"314.656000,313.024000,318.304000,313.184000,313.664000",313.664000,0,"1441.279999,1443.263992,1432.063995,1434.816010,1430.656006",1434.816010,0,PENDING
aten_log_sigmoid_cpu,5,EXACT_EXTRACTED_REGION,EXACT_EXTRACTED_FIXTURE,N=8388608,f32,f5856fc92edb07f6,exact_region_harness,exact_region_harness,polygeist_resident,PENDING,PENDING,"92882.720000,92597.216000,92649.600000,92751.904000,92743.936000",92743.936000,0,"2420.544000,2408.096000,2396.736000,2396.096000,2413.984000",2408.096000,0,,,,PENDING
aten_logaddexp,5,WHOLE_OPERATION_OR_BOUNDED_DOMAIN,EXACT_ATEN_OPERATION,N=4194304,f32,f8780f262412130a,torch_recipe,aten_cpp_harness,polygeist_resident,PENDING,PENDING,"54699.072,54763.456,54722.976,54750.720,54685.888",54722.976000,,"328.352000,318.016000,326.880000,317.376000,317.728000",318.016000,0,"881.407990,883.103989,874.528000,872.416000,872.127991",874.528000,0,PENDING
aten_logaddexp2,5,WHOLE_OPERATION_OR_BOUNDED_DOMAIN,EXACT_ATEN_OPERATION,N=4194304,f32,42ce8060fb0f98d2,torch_recipe,aten_cpp_harness,polygeist_resident,PENDING,PENDING,"46210.688,46198.464,46200.352,46267.936,46196.672",46200.352000,,"316.000000,314.848000,320.032000,316.512000,314.048000",316.000000,0,"876.608002,874.528000,881.216003,876.223999,873.184006",876.223999,0,PENDING
aten_logit,5,EXACT_EXTRACTED_REGION,EXACT_EXTRACTED_FIXTURE,N=4194304,f32,8d961159ef398d33,exact_region_harness,exact_region_harness,polygeist_resident,PENDING,PENDING,"45775.712000,45733.696000,45782.656000,45726.240000,45751.904000",45751.904000,0,"222.144000,220.032000,226.592000,219.680000,221.120000",221.120000,0,"638.624008,638.848007,635.679993,640.576004,638.144012",638.624008,0,PENDING
aten_logit_backward,5,EXACT_EXTRACTED_REGION,EXACT_EXTRACTED_FIXTURE,N=4194304,f32,9d4fddc2f83a2bdf,exact_region_harness,exact_region_harness,polygeist_resident,PENDING,PENDING,"3252.288000,3244.896000,3234.656000,3231.136000,3246.880000",3244.896000,0,"316.352000,315.264000,319.584000,313.664000,312.704000",315.264000,0,"1077.215988,1077.695999,1095.679993,1077.472000,1079.199997",1077.695999,0,PENDING
aten_masked_scale,5,EXACT_EXTRACTED_REGION,EXACT_EXTRACTED_FIXTURE,N=4194304,f32,f023c7dce84c90d0,exact_region_harness,exact_region_harness,polygeist_resident,VERIFIED,PENDING,"3433.664000,3425.504000,3601.760000,3416.512000,3408.800000",3425.504000,0,"419.168000,421.568000,420.192000,431.680000,418.496000",420.192000,0,"633.152008,640.960007,633.311996,632.639999,632.319992",633.152008,0,COMPLETE
aten_max_pool2d,5,WHOLE_OPERATION_OR_BOUNDED_DOMAIN,EXACT_ATEN_OPERATION,B=16_C=32_H=128_W=128_K=2_S=2,f32,a2ade0d34a8c60b6,torch_recipe,aten_cpp_harness,polygeist_resident,PENDING,PENDING,"52476.864,52152.512,52411.168,52266.112,52241.536",52266.112000,,"378.496000,378.048000,378.784000,375.392000,376.480000",378.048000,0,"366.016006,367.871994,365.023987,367.647995,365.343994",366.016006,0,PENDING
aten_maximum,5,WHOLE_OPERATION_OR_BOUNDED_DOMAIN,EXACT_BENCHMARK_DOMAIN,N=4194304,f32,20b4059e81d20c1b,torch_recipe,aten_cpp_harness,polygeist_resident,PENDING,PENDING,"3124.224,3197.632,3167.136,3088.704,3103.776",3124.224000,,"606.848000,325.536000,326.336000,315.936000,318.144000",325.536000,0,"875.519989,879.679993,876.447998,874.880005,877.343994",876.447998,0,PENDING
aten_minimum,5,WHOLE_OPERATION_OR_BOUNDED_DOMAIN,EXACT_BENCHMARK_DOMAIN,N=4194304,f32,3f5f73c24f2d1d36,torch_recipe,aten_cpp_harness,polygeist_resident,PENDING,PENDING,"3187.840,3134.304,3100.128,3106.016,3117.472",3117.472000,,"315.360000,328.352000,324.640000,309.280000,316.256000",316.256000,0,"873.119995,872.319992,875.552002,877.791992,873.279999",873.279999,0,PENDING
aten_mish,5,WHOLE_OPERATION_OR_BOUNDED_DOMAIN,EXACT_ATEN_OPERATION,N=4194304,f32,ed7cd796ed121579,torch_recipe,aten_cpp_harness,polygeist_resident,PENDING,PENDING,"107883.232,107939.936,108052.928,107967.872,107920.992",107939.936000,,"223.648000,220.832000,224.928000,221.120000,218.816000",221.120000,0,"1338.016006,1370.944000,1334.176010,1327.104004,1343.935989",1338.016006,0,PENDING
aten_mish_backward,5,WHOLE_OPERATION_OR_BOUNDED_DOMAIN,EXACT_ATEN_OPERATION,N=4194304,f32,70bf6cbf89d9ad97,torch_recipe,aten_cpp_harness,polygeist_resident,PENDING,PENDING,"120183.744,120069.952,120222.016,120082.624,120108.960",120108.960000,,"306.592000,305.792000,309.728000,304.960000,304.512000",305.792000,0,"1132.447998,1136.160004,1134.880005,1130.848007,1132.671997",1132.671997,0,PENDING
aten_mm,5,WHOLE_OPERATION_OR_BOUNDED_DOMAIN,EXACT_ATEN_OPERATION,M=512_N=512_K=512,f64,cd8356bf8629a037,torch_recipe,aten_cpp_harness,polygeist_resident,PENDING,PENDING,"16699.008,16734.976,16728.256,16671.840,16647.936",16699.008000,,"3819.424000,3820.256000,3813.600000,3813.664000,3817.696000",3817.696000,0,,,,PENDING
aten_mse_backward,5,EXACT_EXTRACTED_REGION,EXACT_EXTRACTED_FIXTURE,N=4194304,f32,3848b837a6d2bcb9,exact_region_harness,exact_region_harness,polygeist_resident,PENDING,PENDING,"4492.160000,4490.240000,4531.744000,4494.432000,4487.008000",4492.160000,0,"391.584000,397.248000,393.760000,391.968000,391.776000",391.968000,0,"870.239990,869.791992,869.375992,873.408005,881.024002",870.239990,0,PENDING
aten_mse_elementwise,5,WHOLE_OPERATION_OR_BOUNDED_DOMAIN,EXACT_ATEN_OPERATION,N=4194304,f32,4fddb01a5fe09064,torch_recipe,aten_cpp_harness,polygeist_resident,PENDING,PENDING,"3151.680,3212.864,3244.768,3142.528,3146.592",3151.680000,,"314.400000,313.536000,317.792000,312.288000,311.968000",313.536000,0,"880.384003,876.992004,877.759995,878.239990,875.455994",877.759995,0,PENDING
aten_mul,5,WHOLE_OPERATION_OR_BOUNDED_DOMAIN,EXACT_ATEN_OPERATION,N=4194304,f32,9d7b8aeafb805ec3,torch_recipe,aten_cpp_harness,polygeist_resident,PENDING,PENDING,"3140.096,3163.776,3175.232,3133.792,3116.480",3140.096000,,"322.304000,309.472000,315.488000,317.056000,317.184000",317.056000,0,"876.064011,873.375992,870.944000,871.584000,875.168015",873.375992,0,PENDING
aten_nansum_cpu,5,WHOLE_OPERATION_OR_BOUNDED_DOMAIN,EXACT_ATEN_OPERATION,R=131072_K=64,f32,0085284cb82ca0db,torch_recipe,aten_cpp_harness,polygeist_resident,PENDING,PENDING,"2729.952,2728.192,2758.048,2742.048,2733.920",2733.920000,,"433.216000,436.096000,429.280000,435.104000,429.696000",433.216000,0,,,,PENDING
aten_narrow_copy_dense_cpu,5,EXACT_EXTRACTED_REGION,EXACT_EXTRACTED_FIXTURE,C=2897_L=724_R=1448,f32,031841e44ca18076,exact_region_harness,exact_region_harness,polygeist_resident,PENDING,PENDING,"841.856000,842.592000,855.616000,833.120000,831.040000",841.856000,0,"93.024000,95.872000,95.680000,94.528000,96.032000",95.680000,0,"90.528000,89.152008,86.815994,88.448013,86.880005",88.448013,0,PENDING
aten_neg,6,WHOLE_OPERATION_OR_BOUNDED_DOMAIN,EXACT_ATEN_OPERATION,N=4194304,f32,e1c9b3016ab44715,torch_recipe,aten_cpp_harness,polygeist_resident,PENDING,PENDING,"1798.880,1778.016,1723.712,1702.464,1713.568",1723.712000,,"235.936000,229.248000,225.600000,221.696000,222.528000",225.600000,0,"1670.816010,1703.360001,1682.847992,1698.560013,1681.983994",1682.847992,0,PENDING
aten_nested_all_cpu,6,EXACT_EXTRACTED_REGION,EXACT_EXTRACTED_FIXTURE,B=724_N=5793,i32,39273232cbbc40e2,exact_region_harness,exact_region_harness,polygeist_resident,PENDING,PENDING,"16838.144000,17135.136000,16656.960000,17116.192000,16724.896000",16838.144000,0,"410.528000,411.456000,410.400000,408.160000,416.352000",410.528000,0,"1690.816010,1676.671997,1672.672012,1715.391998,1684.928009",1684.928009,0,PENDING
aten_nested_bmm_cpu,6,EXACT_EXTRACTED_REGION,EXACT_EXTRACTED_FIXTURE,B=83_K=248_M=165_N=206,f32,052a884874109c4d,exact_region_harness,exact_region_harness,polygeist_resident,PENDING,PENDING,"48675.712000,48680.576000,48691.680000,48664.064000,48625.088000",48675.712000,0,"871.552000,870.336000,872.064000,867.712000,870.208000",870.336000,0,,,,PENDING
aten_nested_clone_cpu,6,EXACT_EXTRACTED_REGION,EXACT_EXTRACTED_FIXTURE,B=724_N=5793,f32,fe71788a5bee6f5d,exact_region_harness,exact_region_harness,polygeist_resident,PENDING,PENDING,"1685.568000,1796.064000,1695.808000,1680.224000,1686.816000",1686.816000,0,"226.240000,226.432000,224.064000,226.432000,231.584000",226.432000,0,"219.903992,222.112000,221.856003,221.216003,225.920013",221.856003,0,PENDING
aten_nested_matmul_broadcast_cpu,6,EXACT_EXTRACTED_REGION,EXACT_EXTRACTED_FIXTURE,B=89_K=266_M=178_N=222,f32,7a9f8d11436e5a37,exact_region_harness,exact_region_harness,polygeist_resident,PENDING,PENDING,"60855.168000,60888.704000,60835.008000,60707.232000,60795.712000",60835.008000,0,"728.768000,726.272000,732.672000,726.144000,724.576000",726.272000,0,,,,PENDING
aten_nested_squeeze_cpu,6,EXACT_EXTRACTED_REGION,EXACT_EXTRACTED_FIXTURE,B=724_N=5793,f32,f6aafb8065321582,exact_region_harness,exact_region_harness,polygeist_resident,PENDING,PENDING,"1909.280000,1723.264000,1726.272000,1706.944000,1714.080000",1723.264000,0,"228.128000,223.136000,223.776000,225.664000,228.352000",225.664000,0,"223.007996,220.384003,221.983994,228.863998,219.743988",221.983994,0,PENDING
aten_nested_sum_backward_cpu,6,WHOLE_OPERATION_OR_BOUNDED_DOMAIN,EXACT_MATERIALIZED_COMPOSITION,B=724_N=5793,f32,ac753cd95b469a53,torch_recipe,aten_cpp_harness,polygeist_resident,PENDING,PENDING,"621.024,610.848,587.200,586.400,581.312",587.200000,,"413.024000,402.272000,400.512000,399.616000,389.120000",400.512000,0,"669.791992,652.800003,658.751999,661.119995,660.223999",660.223999,0,PENDING
aten_nested_sum_dim_cpu,6,EXACT_EXTRACTED_REGION,EXACT_EXTRACTED_FIXTURE,B=724_N=5793,f32,132e688af89d8697,exact_region_harness,exact_region_harness,polygeist_resident,PENDING,PENDING,"8150.848000,8152.992000,8197.088000,8221.632000,8144.000000",8152.992000,0,"552.544000,548.512000,552.224000,552.192000,552.928000",552.224000,0,"1274.464005,1266.592010,2914.912003,2312.863998,2558.720001",2312.863998,0,PENDING
aten_or_reduce_cpu,6,EXACT_EXTRACTED_REGION,EXACT_EXTRACTED_FIXTURE,K=2897_R=1448,i32,bb8a8744433bfaf3,exact_region_harness,exact_region_harness,polygeist_resident,PENDING,PENDING,"7658.144000,7691.488000,7690.016000,7530.016000,7380.000000",7658.144000,0,"160.384000,158.720000,162.528000,161.600000,154.848000",160.384000,0,"177.120010,171.776001,178.944000,171.040009,178.720001",177.120010,0,PENDING
aten_outer,6,WHOLE_OPERATION_OR_BOUNDED_DOMAIN,EXACT_ATEN_OPERATION,M=2048_N=2048,f64,090827df12946d14,torch_recipe,aten_cpp_harness,polygeist_resident,PENDING,PENDING,"3462.304,3419.264,3406.464,3394.880,3368.672",3406.464000,,"321.088000,305.952000,305.600000,306.208000,294.144000",305.952000,0,,,,PENDING
aten_pixel_shuffle,6,WHOLE_OPERATION_OR_BOUNDED_DOMAIN,EXACT_ATEN_OPERATION,B=9_C=14_H=19_R=9_W=19,f32,387681cd9544c530,torch_recipe,aten_cpp_harness,polygeist_resident,PENDING,PENDING,"8546.592,8573.952,8527.008,8560.672,8536.800",8546.592000,,"481.760000,458.400000,450.816000,462.080000,456.896000",458.400000,0,"246.783997,246.464005,246.048004,247.839996,246.272003",246.464005,0,PENDING
aten_pixel_shuffle_cpu_backend,6,WHOLE_OPERATION_OR_BOUNDED_DOMAIN,EXACT_ATEN_OPERATION,B=4_C=13_H=34_RATIO=9_W=34,f32,72310b3d9814d0ad,torch_recipe,aten_cpp_harness,polygeist_resident,PENDING,PENDING,"11251.520,11295.744,11294.400,11294.016,11247.456",11294.016000,,"628.256000,587.520000,586.528000,588.864000,582.528000",587.520000,0,"324.895996,323.455994,323.519989,320.575989,323.776001",323.519989,0,PENDING
aten_pixel_unshuffle_cpu_backend,6,WHOLE_OPERATION_OR_BOUNDED_DOMAIN,EXACT_ATEN_OPERATION,B=4_C=13_H=34_RATIO=9_W=34,f32,30ac9ab652691610,torch_recipe,aten_cpp_harness,polygeist_resident,PENDING,PENDING,"16133.408,16174.496,17054.688,17041.248,16747.744",16747.744000,,"582.432000,572.896000,579.616000,581.824000,581.568000",581.568000,0,"269.152008,267.552002,268.352005,267.232010,267.647995",267.647995,0,PENDING
aten_polar_scalarized,6,EXACT_EXTRACTED_REGION,EXACT_EXTRACTED_FIXTURE,N=4194304,f32,42696ee2f414f4f7,exact_region_harness,exact_region_harness,polygeist_resident,PENDING,PENDING,"48540.896000,48652.768000,48783.744000,48683.328000,48772.640000",48683.328000,0,"953.312000,954.240000,952.224000,950.976000,951.616000",952.224000,0,"1736.352005,1729.599991,1724.255997,1730.848007,1725.919998",1729.599991,0,PENDING
aten_pow,6,WHOLE_OPERATION_OR_BOUNDED_DOMAIN,EXACT_ATEN_OPERATION,N=4194304,f32,d841f8307bd2c5d4,torch_recipe,aten_cpp_harness,polygeist_resident,PENDING,PENDING,"73507.392,73560.640,73236.768,73330.432,73408.608",73408.608000,,"319.296000,317.664000,316.064000,314.848000,313.056000",316.064000,0,"909.408005,908.447998,907.391998,906.975998,906.367996",907.391998,0,PENDING
aten_pow_tensor_scalar,6,WHOLE_OPERATION_OR_BOUNDED_DOMAIN,EXACT_ATEN_OPERATION,N=4194304,f32,23ca8e68b86e3edf,torch_recipe,aten_cpp_harness,polygeist_resident,PENDING,PENDING,"73636.928,73576.576,73610.080,73594.624,73606.272",73606.272000,,"232.480000,228.672000,254.368000,229.856000,227.680000",229.856000,0,"689.568008,694.432007,685.343994,687.360001,684.992004",687.360001,0,PENDING
aten_reciprocal,6,WHOLE_OPERATION_OR_BOUNDED_DOMAIN,EXACT_ATEN_OPERATION,N=4194304,f32,21e034c59660aef0,torch_recipe,aten_cpp_harness,polygeist_resident,PENDING,PENDING,"2978.496,2929.216,2893.344,2894.624,2898.880",2898.880000,,"228.352000,229.216000,228.384000,225.248000,224.736000",228.352000,0,"1659.519989,1757.151993,1658.048004,1650.528000,1663.839996",1659.519989,0,PENDING
aten_relu,6,WHOLE_OPERATION_OR_BOUNDED_DOMAIN,EXACT_ATEN_OPERATION,N=4194304,f32,2b98a38943814af4,torch_recipe,aten_cpp_harness,polygeist_resident,PENDING,PENDING,"1732.192,1705.536,1756.448,1782.592,1749.984",1749.984000,,"426.880000,428.160000,424.480000,424.160000,424.416000",424.480000,0,"1679.903992,1671.328003,1657.503998,1651.552002,1653.888000",1657.503998,0,PENDING
aten_renorm_scale_factor,6,EXACT_EXTRACTED_REGION,EXACT_EXTRACTED_FIXTURE,N=4194304,f32,e42601bd48d63c94,exact_region_harness,exact_region_harness,polygeist_resident,PENDING,PENDING,"16849.344000,16571.648000,16682.816000,16683.808000,16508.640000",16682.816000,0,"1384.544000,1396.960000,1381.760000,1387.392000,1386.848000",1386.848000,0,"638.751999,636.480011,637.216003,634.751999,633.024002",636.480011,0,PENDING
aten_repeat_compute_cpu,6,WHOLE_OPERATION_OR_BOUNDED_DOMAIN,EXACT_ATEN_OPERATION,N=8192_R=512,f32,8de495d9b009aa55,torch_recipe,aten_cpp_harness,polygeist_resident,PENDING,PENDING,"574.464,574.464,605.920,586.560,577.472",577.472000,,"349.472000,348.832000,339.040000,341.792000,335.520000",341.792000,0,"342.175995,340.959991,348.768005,349.568008,349.664001",348.768005,0,PENDING
aten_repeat_tensor_shape_cpu,6,WHOLE_OPERATION_OR_BOUNDED_DOMAIN,EXACT_ATEN_OPERATION,N=8192_R=512,f32,c950974bab2c20a2,torch_recipe,aten_cpp_harness,polygeist_resident,PENDING,PENDING,"579.264,576.960,576.288,608.736,592.416",579.264000,,"372.928000,361.504000,360.640000,357.120000,355.008000",360.640000,0,"347.936005,345.727997,347.391998,346.016006,345.087997",346.016006,0,PENDING
aten_round,6,EXACT_EXTRACTED_REGION,EXACT_EXTRACTED_FIXTURE,N=4194304,f32,fc33c00aba68ebf8,exact_region_harness,exact_region_harness,polygeist_resident,PENDING,PENDING,"19783.200000,19710.272000,19837.792000,19851.392000,19722.592000",19783.200000,0,"1758.720000,1749.184000,1756.928000,1750.688000,1747.840000",1750.688000,0,"643.871994,637.311996,637.279999,643.680008,635.584000",637.311996,0,PENDING
aten_round_decimals,6,EXACT_EXTRACTED_REGION,EXACT_EXTRACTED_FIXTURE,N=4194304,f32,6a4dc87767ea2f0d,exact_region_harness,exact_region_harness,polygeist_resident,PENDING,PENDING,"26100.704000,25927.872000,26034.496000,25670.112000,26027.584000",26027.584000,0,"2326.432000,2315.648000,2337.408000,2322.752000,2320.832000",2322.752000,0,"643.455994,639.744003,638.656006,642.815994,636.160004",639.744003,0,PENDING
aten_rsqrt,6,WHOLE_OPERATION_OR_BOUNDED_DOMAIN,EXACT_ATEN_OPERATION,N=4194304,f32,698b8433ba6b0c53,torch_recipe,aten_cpp_harness,polygeist_resident,PENDING,PENDING,"6306.208,6279.296,6267.392,6300.832,6262.048",6279.296000,,"231.904000,227.168000,226.400000,225.344000,226.144000",226.400000,0,"644.000000,650.335999,645.152008,642.880005,641.343994",644.000000,0,PENDING
aten_sampled_addmm_sparse_csr_cpu,6,WHOLE_OPERATION_OR_BOUNDED_DOMAIN,EXACT_ATEN_OPERATION,R=4096_K=512_C=4096_NNZ=262144_N=262144,f32,3c077624966ff30d,torch_recipe,aten_cpp_harness,polygeist_resident,PENDING,PENDING,"37823.456,37818.656,37883.616,37890.304,38004.256",37883.616000,,"1805.888000,1815.040000,1808.064000,1813.312000,1803.584000",1808.064000,0,"8290.752014,8205.024002,8235.391998,8247.328003,8394.815994",8247.328003,0,PENDING
aten_shrink_backward,7,EXACT_EXTRACTED_REGION,EXACT_EXTRACTED_FIXTURE,N=4194304,f32,0685394b0abd4c38,exact_region_harness,exact_region_harness,polygeist_resident,PENDING,PENDING,"3136.256000,3115.744000,3074.464000,3173.696000,3132.800000",3132.800000,0,"312.512000,309.984000,334.432000,312.288000,311.168000",312.288000,0,"877.248001,876.416000,881.983994,878.975998,882.751999",878.975998,0,PENDING
aten_sigmoid,7,WHOLE_OPERATION_OR_BOUNDED_DOMAIN,EXACT_ATEN_OPERATION,N=4194304,f32,3aa4c7f67607ce07,torch_recipe,aten_cpp_harness,polygeist_resident,PENDING,PENDING,"14503.168,14419.616,14412.992,14396.512,14399.104",14412.992000,,"242.368000,239.072000,241.664000,232.544000,234.688000",239.072000,0,"1671.039993,1694.880005,1691.199997,1692.351990,1677.023987",1691.199997,0,PENDING
aten_sigmoid_backward,7,WHOLE_OPERATION_OR_BOUNDED_DOMAIN,EXACT_ATEN_OPERATION,N=4194304,f32,1ea31fde0432d020,torch_recipe,aten_cpp_harness,polygeist_resident,PENDING,PENDING,"3182.464,3160.576,3151.616,3105.248,3104.000",3151.616000,,"326.496000,320.320000,326.592000,319.328000,320.160000",320.320000,0,"1083.072006,1086.240005,1088.863998,1088.576004,1090.624008",1088.576004,0,PENDING
aten_silu,7,WHOLE_OPERATION_OR_BOUNDED_DOMAIN,EXACT_ATEN_OPERATION,N=4194304,f32,71d6c728c03d169b,torch_recipe,aten_cpp_harness,polygeist_resident,PENDING,PENDING,"15236.640,15227.296,15228.160,15237.024,15260.416",15236.640000,,"226.400000,229.440000,225.600000,222.528000,223.648000",225.600000,0,"1313.279999,1356.031998,1355.807999,1296.991989,1327.615997",1327.615997,0,PENDING
aten_silu_backward,7,WHOLE_OPERATION_OR_BOUNDED_DOMAIN,EXACT_ATEN_OPERATION,N=4194304,f32,0f3ebf276e2d7c0b,torch_recipe,aten_cpp_harness,polygeist_resident,PENDING,PENDING,"17776.384,17749.216,17728.416,17737.120,17765.312",17749.216000,,"314.976000,319.456000,315.008000,316.448000,313.472000",315.008000,0,"1079.584000,1082.112000,1074.848007,1073.279999,1075.167999",1075.167999,0,PENDING
aten_silu_cpu,7,WHOLE_OPERATION_OR_BOUNDED_DOMAIN,EXACT_ATEN_OPERATION,N=4194304,f32,1fff634b60e4f382,torch_recipe,aten_cpp_harness,polygeist_resident,PENDING,PENDING,"15255.808,15244.192,15233.536,15237.312,15222.816",15237.312000,,"221.824000,228.960000,225.472000,222.880000,224.032000",224.032000,0,"1765.183990,1705.951996,1707.871994,1688.991989,1714.208008",1707.871994,0,PENDING
aten_sin,7,WHOLE_OPERATION_OR_BOUNDED_DOMAIN,EXACT_ATEN_OPERATION,N=4194304,f32,c33c39c26b3496c2,torch_recipe,aten_cpp_harness,polygeist_resident,PENDING,PENDING,"18298.880,18306.912,18328.096,18286.592,18271.008",18298.880000,,"228.224000,230.880000,229.856000,223.776000,218.176000",228.224000,0,"1779.007996,1753.759995,1775.936005,1734.688004,1751.712006",1753.759995,0,PENDING
aten_sinh,7,WHOLE_OPERATION_OR_BOUNDED_DOMAIN,EXACT_ATEN_OPERATION,N=4194304,f32,4314829041c59873,torch_recipe,aten_cpp_harness,polygeist_resident,PENDING,PENDING,"35858.560,35841.536,35828.160,35929.728,35836.512",35841.536000,,"223.392000,229.952000,232.032000,227.968000,223.360000",227.968000,0,"1719.936005,1805.472000,1706.783997,1716.608002,1708.544006",1716.608002,0,PENDING
aten_smooth_l1_backward,7,EXACT_EXTRACTED_REGION,EXACT_EXTRACTED_FIXTURE,N=4194304,f32,50c63ccf860d2434,exact_region_harness,exact_region_harness,polygeist_resident,PENDING,PENDING,"4515.136000,4480.224000,4472.608000,4459.904000,4536.448000",4480.224000,0,"659.712000,395.936000,391.872000,397.472000,403.072000",397.472000,0,"879.679993,880.000000,879.872009,876.192001,877.440002",879.679993,0,PENDING
aten_smooth_l1_elementwise,7,EXACT_EXTRACTED_REGION,EXACT_EXTRACTED_FIXTURE,N=4194304,f32,be81f2aea77eb181,exact_region_harness,exact_region_harness,polygeist_resident,PENDING,PENDING,"3288.768000,3309.152000,3319.616000,3280.704000,3270.496000",3288.768000,0,"348.128000,317.952000,329.408000,324.480000,318.272000",324.480000,0,"877.503998,880.544006,882.751999,879.167999,879.936005",879.936005,0,PENDING
aten_softplus,7,WHOLE_OPERATION_OR_BOUNDED_DOMAIN,EXACT_ATEN_OPERATION,N=8388608,f32,57b1e51c04e2b589,torch_recipe,aten_cpp_harness,polygeist_resident,PENDING,PENDING,"108315.520,108263.008,108266.720,108347.776,108295.584",108295.584000,,"406.144000,407.456000,410.816000,406.784000,415.264000",407.456000,0,"1224.928009,1227.104004,1223.744003,1224.384003,1221.824005",1224.384003,0,PENDING
aten_softplus_backward,7,WHOLE_OPERATION_OR_BOUNDED_DOMAIN,EXACT_ATEN_OPERATION,N=4194304,f32,77ddf49c10f48c36,torch_recipe,aten_cpp_harness,polygeist_resident,PENDING,PENDING,"53030.144,53022.304,53047.584,52991.232,53012.448",53022.304000,,"314.720000,315.936000,320.864000,314.240000,315.008000",315.008000,0,"872.384003,868.384003,866.496002,869.024002,874.208008",869.024002,0,PENDING
aten_softshrink,7,EXACT_EXTRACTED_REGION,EXACT_EXTRACTED_FIXTURE,N=4194304,f32,586089c4ed5789f9,exact_region_harness,exact_region_harness,polygeist_resident,PENDING,PENDING,"1988.384000,1977.408000,1981.152000,1974.912000,2019.200000",1981.152000,0,"228.064000,224.192000,227.904000,224.384000,220.608000",224.384000,0,"638.367996,638.272003,638.944000,637.248001,634.751999",638.272003,0,PENDING
aten_sparse_add_values_cpu,7,EXACT_EXTRACTED_REGION,EXACT_EXTRACTED_STAGE,N=4194304,f32,292b2dfa977dd624,exact_region_harness,exact_region_harness,polygeist_resident,PENDING,PENDING,"3163.968000,3130.720000,3105.760000,3105.280000,3106.080000",3106.080000,0,"318.368000,316.512000,601.984000,315.872000,318.016000",318.016000,0,"872.223999,870.975998,872.000000,865.983994,871.008011",871.008011,0,PENDING
aten_sparse_addmm_cpu,7,WHOLE_OPERATION_OR_BOUNDED_DOMAIN,EXACT_ATEN_OPERATION,R=64_C=4096_N=4096,f32,af6a5bc645cf7bab,torch_recipe,torch_recipe,polygeist_resident,PENDING,PENDING,"4049.632,4104.448,4143.872,4075.520,4012.224",4075.520000,,,,,"107.936005,106.624008,108.095993,106.304001,112.735992",107.936005,0,PENDING
aten_sparse_coo_to_csr_cpu,7,EXACT_EXTRACTED_REGION,EXACT_EXTRACTED_FIXTURE,N=4194304_R=65536,i32,4cda79027c69d4df,exact_region_harness,exact_region_harness,polygeist_resident,PENDING,PENDING,"5160.416000,5175.040000,5133.280000,5184.000000,5150.368000",5160.416000,0,"363.776000,345.152000,339.744000,341.856000,348.928000",345.152000,0,,,,PENDING
aten_sparse_csr_addmm_cpu,7,WHOLE_OPERATION_OR_BOUNDED_DOMAIN,EXACT_ATEN_OPERATION,R=65536_K=65536_C=64_N=4194304,f32,ceb60fb7c03704d8,torch_recipe,aten_cpp_harness,polygeist_resident,PENDING,PENDING,"181091.968,181345.600,181275.136,181516.864,181179.904",181275.136000,,"6768.032000,6768.576000,6760.192000,6758.560000,6760.352000",6760.352000,0,"6848.479996,6859.872009,6855.040009,6858.112000,6856.992004",6856.992004,0,PENDING
aten_sparse_mul_cpu,7,EXACT_EXTRACTED_REGION,EXACT_EXTRACTED_STAGE,N=4194304,f32,cc84c109e16c002e,exact_region_harness,exact_region_harness,polygeist_resident,PENDING,PENDING,"3160.128000,3170.816000,3135.392000,3103.136000,3100.128000",3135.392000,0,"320.192000,318.080000,314.176000,317.536000,315.808000",317.536000,0,"871.936005,872.608002,877.343994,873.088013,876.895996",873.088013,0,PENDING
aten_sparse_norm_cpu,7,EXACT_EXTRACTED_REGION,EXACT_EXTRACTED_FIXTURE,N=2097152,f32,2ed1a182be1a2c6b,exact_region_harness,exact_region_harness,polygeist_resident,PENDING,PENDING,"452.832000,452.960000,449.152000,482.080000,514.752000",452.960000,0,"109.728000,105.856000,103.456000,106.432000,102.112000",105.856000,0,,,,PENDING
aten_sqrt,7,WHOLE_OPERATION_OR_BOUNDED_DOMAIN,EXACT_ATEN_OPERATION,N=4194304,f32,0cede42120fd1ffe,torch_recipe,aten_cpp_harness,polygeist_resident,PENDING,PENDING,"3405.824,3432.064,3419.968,3369.408,3374.208",3405.824000,,"254.496000,247.520000,235.968000,232.320000,229.280000",235.968000,0,"1670.335999,1712.447998,1678.591995,1671.072006,1704.800003",1678.591995,0,PENDING
aten_square,7,WHOLE_OPERATION_OR_BOUNDED_DOMAIN,EXACT_ATEN_OPERATION,N=4194304,f32,d6e39dc56b180446,torch_recipe,aten_cpp_harness,polygeist_resident,PENDING,PENDING,"1786.304,1825.440,1776.736,1736.704,1712.384",1776.736000,,"233.408000,227.136000,232.192000,229.760000,221.376000",229.760000,0,"636.447998,635.264008,636.000000,641.472000,632.000000",636.000000,0,PENDING
aten_stack_serial_cpu,7,EXACT_EXTRACTED_REGION,EXACT_EXTRACTED_FIXTURE,K=405_R=203_T=51,f32,b4586baaae66626e,exact_region_harness,exact_region_harness,polygeist_resident,PENDING,PENDING,"4353.472000,4368.864000,4314.144000,4313.632000,4344.672000",4344.672000,0,"547.168000,266.016000,263.680000,258.688000,257.632000",263.680000,0,"224.832001,224.768005,223.807999,223.871994,226.336014",224.768005,0,PENDING
aten_sum,7,WHOLE_OPERATION_OR_BOUNDED_DOMAIN,EXACT_ATEN_OPERATION,M=65536_N=64,f64,8323a8b552b16506,torch_recipe,aten_cpp_harness,polygeist_resident,PENDING,PENDING,"2565.952,2548.864,2596.576,2557.184,2538.016",2557.184000,,"769.056000,771.904000,766.368000,772.000000,766.368000",769.056000,0,"3083.264008,3084.544006,3080.703995,3078.655991,3078.559998",3080.703995,0,PENDING
aten_sumproduct_pair_cpu,7,EXACT_EXTRACTED_REGION,EXACT_EXTRACTED_FIXTURE,B=70_K=282_M=141_N=211,f32,b1d208ea182a8abc,exact_region_harness,exact_region_harness,polygeist_resident,PENDING,PENDING,"41629.088000,41738.208000,41685.888000,41626.720000,41562.144000",41629.088000,0,"862.208000,860.768000,1150.336000,859.904000,857.152000",860.768000,0,,,,PENDING
aten_tan,7,WHOLE_OPERATION_OR_BOUNDED_DOMAIN,EXACT_ATEN_OPERATION,N=4194304,f32,1ea007f2c8d24860,torch_recipe,aten_cpp_harness,polygeist_resident,PENDING,PENDING,"37720.704,37709.216,37687.296,37645.344,37646.752",37687.296000,,"249.536000,255.840000,240.640000,235.200000,238.144000",240.640000,0,"1415.104004,1371.903992,1360.447998,1363.487991,1364.223999",1364.223999,0,PENDING
aten_tanh,8,WHOLE_OPERATION_OR_BOUNDED_DOMAIN,EXACT_ATEN_OPERATION,N=4194304,f32,4d4284953d7c9011,torch_recipe,aten_cpp_harness,polygeist_resident,PENDING,PENDING,"42651.072,42732.544,42661.408,42654.400,42741.440",42661.408000,,"228.448000,228.224000,524.032000,224.896000,224.992000",228.224000,0,"1729.951996,1721.440002,1705.983994,1690.304001,1703.199997",1705.983994,0,PENDING
aten_tanh_backward,8,WHOLE_OPERATION_OR_BOUNDED_DOMAIN,EXACT_ATEN_OPERATION,N=4194304,f32,4a722ac00ff4eeac,torch_recipe,aten_cpp_harness,polygeist_resident,PENDING,PENDING,"3183.584,3204.480,3158.720,3135.744,3153.856",3158.720000,,"327.776000,322.304000,327.168000,317.792000,318.720000",322.304000,0,"868.351990,872.479996,872.223999,870.304001,873.791992",872.223999,0,PENDING
aten_threshold_backward,8,EXACT_EXTRACTED_REGION,EXACT_EXTRACTED_FIXTURE,N=4194304,f32,c488a87f05701220,exact_region_harness,exact_region_harness,polygeist_resident,PENDING,PENDING,"3091.136000,3036.224000,3134.112000,3123.840000,3104.800000",3104.800000,0,"315.168000,317.504000,321.440000,310.368000,313.984000",315.168000,0,"877.664001,878.720001,874.208008,871.744003,872.863998",874.208008,0,PENDING
aten_transpose_copy,8,WHOLE_OPERATION_OR_BOUNDED_DOMAIN,EXACT_ATEN_OPERATION,M=2365_N=1774,f32,5d0809aea12f7880,torch_recipe,aten_cpp_harness,polygeist_resident,PENDING,PENDING,"9642.688,9575.552,9457.984,9504.640,9347.776",9504.640000,,"649.408000,649.888000,643.200000,649.760000,648.928000",649.408000,0,"295.328003,295.040009,297.087997,299.360001,299.360001",297.087997,0,PENDING
aten_trunc,8,WHOLE_OPERATION_OR_BOUNDED_DOMAIN,EXACT_ATEN_OPERATION,N=4194304,f32,f7864fefa35b9eb9,torch_recipe,aten_cpp_harness,polygeist_resident,PENDING,PENDING,"1718.656,1738.048,1714.688,1697.440,1698.240",1714.688000,,"244.416000,236.928000,229.696000,227.520000,229.248000",229.696000,0,"633.408005,638.400009,637.408005,632.160004,631.136002",633.408005,0,PENDING
aten_unbind_copy_cpu,8,EXACT_EXTRACTED_REGION,EXACT_EXTRACTED_FIXTURE,B=512_N=8192,f32,8eb65b902214f090,exact_region_harness,exact_region_harness,polygeist_resident,PENDING,PENDING,"2812.608000,2836.512000,2792.704000,2797.600000,2833.696000",2812.608000,0,"4011.360000,4056.128000,3982.368000,4002.272000,3983.936000",4002.272000,0,"221.664001,220.128006,220.096008,219.232010,217.664001",220.096008,0,PENDING
aten_zeros_cpu,8,WHOLE_OPERATION_OR_BOUNDED_DOMAIN,EXACT_ATEN_OPERATION,N=4194304,f32,8396a59034c783b2,torch_recipe,aten_cpp_harness,polygeist_resident,PENDING,PENDING,"608.160,580.640,570.272,569.216,568.480",570.272000,,"133.056000,133.984000,131.360000,130.496000,132.896000",132.896000,0,"118.432007,116.384003,120.223999,116.383987,115.231995",116.384003,0,PENDING
