kernel,executable_status,correctness,problem,raised_us,resident_cuda_us,raised_over_resident,baseline,statistic,hardware,notes
aten_abs,EXECUTED,PASS,N=8388608,1500.051236,—,—,cutensorUnary_abs_f32,warm median of process runs 2-4,Jetson Orin sm87 MAXN CUDA 12.6,mapped and cudaMalloc device-resident raised paths correctness-gated
aten_conv1d,EXECUTED,PASS,B=32 IC=64 OC=128 W=4096 K=3,7433.334448,—,—,cudnnConvolution1D_f32_bias,warm mean after 3 warmups over 10 calls,Jetson Orin sm87 MAXN CUDA 12.6,cuDNN valid convolution plus bias add; zero errors
aten_dilated_convolution_cpu,EXECUTED,PASS,C=16 O=32 H=128 W=128 K=3 D=2,904.262354,—,—,cudnnConvolution2D_f32_dilated,warm mean after 3 warmups over 10 calls,Jetson Orin sm87 MAXN CUDA 12.6,affine dilation recovered and lowered to cuDNN; zero errors
aten_batch_norm_transform_cpu,EXECUTED,PASS,N=32 C=64 H=64 W=64,444.064014,—,—,cudnnBatchNormalizationForwardInference,warm mean after 3 warmups over 10 calls,Jetson Orin sm87 MAXN CUDA 12.6,dataflow-bound operand roles lowered to cuDNN inference batchnorm; zero errors
aten_int_mm_out_cpu,EXECUTED,PASS,M=512 N=512 K=1024,110.326416,—,—,cublasGemmEx_i8_i32_tensor,warm mean after 3 warmups over 10 calls,Jetson Orin sm87 MAXN CUDA 12.6,i8 by i8 to i32 cuBLAS GemmEx; zero errors
aten_sparse_norm_cpu,EXECUTED,PASS,N=2097152,363.411200,362.688000,1.001994,cublasSnrm2_f32_memref,median of 5 sequential process warm means and resident best-of-20 timings,Jetson Orin sm87 MAXN CUDA 12.6 cuBLAS,complete scalar sqrt epilogue plus Linalg sum-of-squares reduction recognized as cuBLAS Snrm2; host and device-resident paths errors=0 max_error=0.286011
aten_joint_scaling_cpu,EXECUTED,PASS,N=16777216,2204.358401,1534.688000,1.436356,cublasJointMaxAbsProduct_f32_memref,median of 5 sequential process warm means and resident best-of-20 timings,Jetson Orin sm87 MAXN CUDA 12.6 cuBLAS,complete two-reduction plus scalar-product composition recognized as two cuBLAS Isamax calls; independent dynamic input lengths are preserved; host and device-resident paths errors=0 max_error=0
aten_dropout_feature_noise_cpu,EXECUTED,PASS,B=32 C=64 H=64 W=64,483.071948,—,—,cudnnFeatureMaskScale_f32_tensor,warm mean after 3 warmups over 10 calls,Jetson Orin sm87 MAXN CUDA 12.6,broadcast mask and scale via one cuDNN OpTensor multiply; zero errors
aten_acos,EXECUTED,PASS,N=8388608,1511.315210,—,—,cutensorUnary_acos_f32,warm median of process runs 2-4,Jetson Orin sm87 MAXN CUDA 12.6,mapped and cudaMalloc device-resident raised paths correctness-gated
aten_acosh,EXECUTED,PASS,N=8388608 positive-domain,1577.651175,—,—,cutensorUnary_acosh_f32,warm median of process runs 2-4,Jetson Orin sm87 MAXN CUDA 12.6,mapped and cudaMalloc device-resident raised paths correctness-gated
aten_adaptive_avg_pool2d,EXECUTED,PASS,B=4 C=32 H=256 W=256 OH=128 OW=128,5543.177637,—,—,"cuDNN average pooling (op-tag 4, plan+buffer cached)",warm median of 3 process runs,Jetson Orin sm87 MAXN CUDA 12.6,full 2x2 stride-2 uniform-window match; host-pointer transfers included; errors=0 max_error=0 | 2026-08-28 routed to cudnnAvgPoolWindow_f32 -> cuDNN pooling shim with shape-keyed plan cache; correctness PASS (max_err 5.96e-08); host-ABI data movement now dominates
aten_adaptive_avg_pool2d_cpu,EXECUTED,PASS,B=1 C=2 I=6x7 O=3x3,903.919971,—,—,cuDNN Backend Resample average forward,warm median of 3 process runs,Jetson Orin sm87 MAXN CUDA 12.6,fixed K=2x3 S=2x2 route; host-pointer transfers included; errors=0 max_error=2.38419e-07
aten_adaptive_avg_pool2d_backward_cpu,EXECUTED,PASS,B=1 C=2 I=6x7 O=3x3,678.428784,—,—,cuDNN Backend Resample average backward,warm median of 3 process runs,Jetson Orin sm87 MAXN CUDA 12.6,fixed K=2x3 S=2x2 route; host-pointer transfers included; errors=0 max_error=2.98023e-08
aten_adaptive_avg_pool3d,EXECUTED,PASS,B=2 C=3 D=8 H=8 W=8,13.168000,—,—,cudnnAveragePool_f32_r5,median of 3 process warm means; 10 timed calls/process,Jetson Orin sm87 MAXN CUDA 12.6,current matcher and lowering revalidated 2026-09-05; zero errors; mapped host-pointer GPU execution
aten_adaptive_avg_pool3d_cpu,EXECUTED_HOST_FALLBACK,PASS,B=1 C=2 I=6x7x8 O=3x3x3,4.604785,—,—,exact adaptive-pool semantic fallback,warm median of 3 process runs,Jetson Orin sm87 MAXN CUDA 12.6,variable windows in 7->3 and 8->3 dimensions; no exact cuDNN Resample plan; errors=0
aten_adaptive_avg_pool3d_backward_cpu,EXECUTED_HOST_FALLBACK,PASS,B=1 C=2 I=6x7x8 O=3x3x3,4.598389,—,—,exact adaptive-pool semantic fallback,warm median of 3 process runs,Jetson Orin sm87 MAXN CUDA 12.6,variable windows in 7->3 and 8->3 dimensions; no exact cuDNN Resample plan; errors=0
aten_adaptive_max_pool1d_cpu,EXECUTED_HOST_FALLBACK,PASS,C=4 I=32 O=7,4.124780,—,—,exact adaptive-pool semantic fallback,warm median of 3 process runs,Jetson Orin sm87 MAXN CUDA 12.6,variable 5/6-element windows; ATen absolute int32 indices preserved; errors=0
aten_adaptive_max_pool2d_cpu,EXECUTED_HYBRID,PASS,B=1 C=2 I=6x7 O=3x3,774.025610,—,—,cuDNN Resample max values plus ATen index materialization,warm median of 3 process runs,Jetson Orin sm87 MAXN CUDA 12.6,cuDNN computes fixed-window max values; exact host step emits ATen absolute int32 argmax indices; errors=0
aten_adaptive_max_pool2d_backward_cpu,EXECUTED_HOST_FALLBACK,PASS,B=1 C=2 I=6x7 O=3x3,0.745630,—,—,exact saved-index scatter fallback,warm median of 3 process runs,Jetson Orin sm87 MAXN CUDA 12.6,ATen consumes absolute int32 indices whereas cuDNN consumes its packed private index tensor; errors=0
aten_adaptive_max_pool3d_cpu,EXECUTED_HOST_FALLBACK,PASS,B=1 C=2 I=6x7x8 O=3x3x3,5.078394,—,—,exact adaptive-pool semantic fallback,warm median of 3 process runs,Jetson Orin sm87 MAXN CUDA 12.6,variable windows and ATen absolute int32 indices; errors=0
aten_adaptive_max_pool3d_backward_cpu,EXECUTED_HOST_FALLBACK,PASS,B=1 C=2 I=6x7x8 O=3x3x3,0.969580,—,—,exact saved-index scatter fallback,warm median of 3 process runs,Jetson Orin sm87 MAXN CUDA 12.6,ATen absolute int32 saved-index semantics; errors=0
aten_adaptive_max_pool3d_legacy_cpu,EXECUTED_HOST_FALLBACK,PASS,C=2 I=8x9x10 O=3x4x5,7.030444,—,—,exact adaptive-pool semantic fallback,warm median of 3 process runs,Jetson Orin sm87 MAXN CUDA 12.6,variable windows and ATen absolute int32 indices; errors=0
aten_adaptive_max_pool3d_legacy_backward_cpu,EXECUTED_HOST_FALLBACK,PASS,C=2 I=8x9x10 O=3x4x5,1.388794,—,—,exact saved-index scatter fallback,warm median of 3 process runs,Jetson Orin sm87 MAXN CUDA 12.6,ATen absolute int32 saved-index semantics; errors=0
aten_add,EXECUTED,PASS,B32 C64 H64 W64,955.712004,542.347229,1.762177,cuDNN AddTensor,warm median of process runs 2-4,Jetson Orin sm87 MAXN CUDA 12.6,mapped and cudaMalloc device-resident raised paths correctness-gated
aten_addcdiv,EXECUTED,PASS,N=4194304,8397.996777,—,—,cuDNN Backend pointwise operation graph,median of 3+ processes; 3 warmup + mean of 10 calls per process,Jetson Orin sm87 MAXN CUDA 12.6 cuDNN,full graph; mapped host-pointer ABI; graph active in 3/3 warmed process runs; correctness-gated
aten_addcmul,EXECUTED,PASS,N=4194304,8403.686401,—,—,cuDNN Backend pointwise operation graph,median of 3+ processes; 3 warmup + mean of 10 calls per process,Jetson Orin sm87 MAXN CUDA 12.6 cuDNN,full graph; mapped host-pointer ABI; graph active in 3/3 warmed process runs; correctness-gated
aten_addmm,EXECUTED,PASS,M512 N512 K512,144.114,96.95,1.486478,cuBLAS Sgemm beta=.5 alpha=1.25,warm median of process runs 2-4,Jetson Orin sm87 MAXN CUDA 12.6,mapped and cudaMalloc device-resident raised paths correctness-gated | f32 cublasSgemm/Sgemv silicon re-run 2026-08-28 to match ATen-native f32; warm median runs 2-4
aten_as_complex_cpu,EXECUTED,PASS,N=8388608,49486.598372,27387.167969,1.806926,2x cudaMemcpy2D D2D,warm median of process runs 2-4,Jetson Orin sm87 MAXN CUDA 12.6,mapped and cudaMalloc device-resident raised paths correctness-gated
aten_asin,EXECUTED,PASS,N=8388608,1509.913569,—,—,cutensorUnary_asin_f32,warm median of process runs 2-4,Jetson Orin sm87 MAXN CUDA 12.6,mapped and cudaMalloc device-resident raised paths correctness-gated
aten_asinh,EXECUTED,PASS,N=8388608,1685.119979,—,—,cutensorUnary_asinh_f32,warm median of process runs 2-4,Jetson Orin sm87 MAXN CUDA 12.6,mapped and cudaMalloc device-resident raised paths correctness-gated
aten_atan,EXECUTED,PASS,N=8388608,1510.822400,—,—,cutensorUnary_atan_f32,warm median of process runs 2-4,Jetson Orin sm87 MAXN CUDA 12.6,mapped and cudaMalloc device-resident raised paths correctness-gated
aten_atanh,EXECUTED,PASS,N=8388608 unit-domain,1535.852812,—,—,cutensorUnary_atanh_f32,warm median of process runs 2-4,Jetson Orin sm87 MAXN CUDA 12.6,mapped and cudaMalloc device-resident raised paths correctness-gated
aten_avg_pool2d,EXECUTED,PASS,B=2 C=4 H=16 W=16,10.476800,—,—,cudnnAvgPoolWindow_f32,median of 3 process warm means; 10 timed calls/process,Jetson Orin sm87 MAXN CUDA 12.6,current matcher and lowering revalidated 2026-09-05; zero errors; mapped host-pointer GPU execution
aten_avg_pool2d_cpu,EXECUTED,PASS,B=1 C=2 I=6x7 O=3x3 K=S=2,824.297607,—,—,cuDNN Backend Resample average forward,warm median of 3 process runs,Jetson Orin sm87 MAXN CUDA 12.6,odd trailing column correctly excluded; host-pointer transfers included; errors=0 max_error=1.19209e-07
aten_avg_pool2d_backward_cpu,EXECUTED,PASS,B=1 C=2 I=6x7 O=3x3 K=S=2,233.971200,—,—,cuDNN depthwise ConvolutionBackwardData,median of 3 process warm means; 10 timed calls/process,Jetson Orin sm87 MAXN CUDA 12.6,whole fixed-window algorithm revalidated 2026-09-05; exact trailing-column semantics; zero errors; mapped host-pointer GPU execution
aten_avg_pool3d,EXECUTED,PASS,B=2 C=3 D=8 H=8 W=8,12.803200,—,—,cudnnAveragePool_f32_r5,median of 3 process warm means; 10 timed calls/process,Jetson Orin sm87 MAXN CUDA 12.6,current matcher and lowering revalidated 2026-09-05; zero errors; mapped host-pointer GPU execution
aten_avg_pool3d_cpu,EXECUTED,PASS,B=1 C=2 I=6x7x8 O=3x3x4 K=S=2,895.020801,—,—,cuDNN Backend Resample average forward,warm median of 3 process runs,Jetson Orin sm87 MAXN CUDA 12.6,odd trailing row correctly excluded; errors=0 max_error=5.96046e-08
aten_avg_pool3d_backward_cpu,EXECUTED,PASS,B=1 C=2 I=6x7x8 O=3x3x4 K=S=2,331.433600,—,—,cuDNN depthwise ConvolutionBackwardData,median of 3 process warm means; 10 timed calls/process,Jetson Orin sm87 MAXN CUDA 12.6,whole fixed-window 3D algorithm revalidated 2026-09-05; exact trailing-row semantics; zero errors; mapped host-pointer GPU execution
aten_batch_norm_backward_cpu,EXECUTED,PASS,N=4 C=8 spatial=32,38.444824,—,—,cuDNN BatchNormalizationBackward,warm median of 3 process runs,Jetson Orin sm87 MAXN CUDA 12.6,computes dX dWeight and dBias from saved mean/invstd; errors=0 max_error=1.52588e-05
aten_batch_norm_backward_template_cpu,EXECUTED,PASS,N=8 C=16 spatial=256,37.561621,—,—,cuDNN BatchNormalizationBackward,warm median of 3 process runs,Jetson Orin sm87 MAXN CUDA 12.6,input-gradient-only route uses implicit unit scale and discards parameter gradients; errors=0 max_error=2.68221e-07
aten_batch_norm,EXECUTED,PASS,B32 C64 H64 W64,653.036777,392.196808,1.665074,cuDNN BatchNormalizationForwardInference,warm median of process runs 2-4,Jetson Orin sm87 MAXN CUDA 12.6,mapped and cudaMalloc device-resident raised paths correctness-gated
aten_batch_norm_cpu_entry,EXECUTED,PASS,N=4194304,4380.937549,—,—,cuDNN Backend pointwise operation graph,median of 3+ processes; 3 warmup + mean of 10 calls per process,Jetson Orin sm87 MAXN CUDA 12.6 cuDNN,full graph; mapped host-pointer ABI; graph active in 3/3 warmed process runs; correctness-gated
aten_bf16_dot_cpu,EXECUTED,PASS,K=4194304,6082.048000,—,—,cublasSdot_memref,median of 3 process warm means; 10 timed calls/process,Jetson Orin sm87 MAXN CUDA 12.6,current matcher and lowering revalidated 2026-09-05; zero errors; mapped host-pointer GPU execution
aten_bf16_gemv_trans_cpu,EXECUTED,PASS,M=64 K=128,13.820800,—,—,cublasSgemvTZero_memref,median of 3 process warm means; 10 timed calls/process,Jetson Orin sm87 MAXN CUDA 12.6,current matcher and lowering revalidated 2026-09-05; zero errors; mapped host-pointer GPU execution
aten_binary_cross_entropy,RAISING_INCOMPLETE,—,—,—,—,—,—,—,Jetson Orin sm87 MAXN,external logf leaves one residual loop
aten_blas_axpy_cpu,EXECUTED,PASS,N=16777216,1924.499217,—,—,cublasSaxpby,warm median of process runs 2-4,Jetson Orin sm87 MAXN CUDA 12.6,mapped and cudaMalloc device-resident raised paths correctness-gated
aten_blas_copy_cpu,EXECUTED,PASS,N=16777216,6829.843204,697.302368,9.794665,cudaMemcpy D2D,warm median of process runs 2-4,Jetson Orin sm87 MAXN CUDA 12.6,mapped and cudaMalloc device-resident raised paths correctness-gated
aten_blas_dot_naive_cpu,EXECUTED,PASS,N=K=16777216,858.073588,763.835205,1.123375,cuBLAS Sdot,warm median of process runs 2-4,Jetson Orin sm87 MAXN CUDA 12.6,mapped and cudaMalloc device-resident raised paths correctness-gated
aten_blas_gemv_generic_cpu,EXECUTED,PASS,M=4096 K=8192,884.396816,758.952026,1.165287,cuBLAS Sgemv,warm median of process runs 2-4,Jetson Orin sm87 CUDA 12.6,mapped and cudaMalloc device-resident raised paths correctness-gated
aten_blas_scale_cpu,EXECUTED,PASS,N=16777216,849.414384,—,—,cublasSscal,warm median of process runs 2-4,Jetson Orin sm87 MAXN CUDA 12.6,mapped and cudaMalloc device-resident raised paths correctness-gated
aten_bmm,EXECUTED,PASS,—,5929.100839,—,—,—,warm median of process runs 2-4,Jetson Orin sm87 MAXN,mapped path correctness-gated; cudaMalloc path unavailable because the generated ABI wrapper performs a host memcpy epilogue
aten_cat_serial_cpu,EXECUTED,PASS,R=4096 M=4096 K=2048,6822.777633,701.761597,9.722358,2x cudaMemcpy D2D,warm median of process runs 2-4,Jetson Orin sm87 MAXN CUDA 12.6,mapped and cudaMalloc device-resident raised paths correctness-gated
aten_ceil,EXECUTED,PASS,N=8388608,1492.780773,—,—,cutensorUnary_ceil_f32,warm median of process runs 2-4,Jetson Orin sm87 MAXN CUDA 12.6,mapped and cudaMalloc device-resident raised paths correctness-gated
aten_channel_shuffle,RAISED_NO_LIBRARY_ROUTE,—,—,—,—,—,—,—,Jetson Orin sm87 MAXN,layout transform intentionally rejected as copy
aten_clamp,EXECUTED,PASS,N=4194304,4662.255981,—,—,cuDNN Backend min/max graph,warm mean of 10 calls after 3 warmups,Jetson Orin sm87 MAXN CUDA 12.6 cuDNN,full graph active; exact clamp rewrite; host-pointer transfers included
aten_complex_scalarized,EXECUTED,PASS,N=8388608,6865.696004,700.889587,9.795688,2x cudaMemcpy D2D,warm median of process runs 2-4,Jetson Orin sm87 MAXN CUDA 12.6,mapped and cudaMalloc device-resident raised paths correctness-gated
aten_conj_complex_scalarized,EXECUTED,PASS,N=8388608,5421.215994,—,—,"cudaCopy1D_f32_tensor,cutensorUnary_neg_f32",warm median of process runs 2-4,Jetson Orin sm87 MAXN CUDA 12.6,mapped and cudaMalloc device-resident raised paths correctness-gated
aten_conv1d,RAISED_NO_LIBRARY_ROUTE,—,—,—,—,—,—,—,Jetson Orin sm87 MAXN,2 Linalg ops; no 1D convolution route
aten_conv2d,EXECUTED,PASS,B8 IC32 OC64 H64 W64 KH3 KW3,854.982389,436.988770,1.956532,cuDNN ConvolutionForward,warm median of process runs 2-4,Jetson Orin sm87 MAXN CUDA 12.6,mapped and cudaMalloc device-resident raised paths correctness-gated
aten_conv3d,EXECUTED,PASS,B1 IC8 OC16 D48 H48 W48 K3,884.665595,447.262390,1.977957,cuDNN Conv3D + bias,warm median of process runs 2-4,Jetson Orin sm87 MAXN CUDA 12.6,mapped and cudaMalloc device-resident raised paths correctness-gated
aten_conv_transpose3d_backward_cpu,EXECUTED,PASS,C8 O16 D48 H48 W48 K3,764.467195,449.039978,1.702448,cuDNN Conv3D,warm median of process runs 2-4,Jetson Orin sm87 MAXN CUDA 12.6,mapped and cudaMalloc device-resident raised paths correctness-gated
aten_copy_cpu,EXECUTED,PASS,N=16777216,6786.847999,695.990417,9.751353,cudaMemcpy D2D,warm median of process runs 2-4,Jetson Orin sm87 MAXN CUDA 12.6,mapped and cudaMalloc device-resident raised paths correctness-gated
aten_copy_tensor_array_cpu,EXECUTED,PASS,B=4096 N=4096,6802.419201,697.036743,9.759054,cudaMemcpy D2D,warm median of process runs 2-4,Jetson Orin sm87 MAXN CUDA 12.6,mapped and cudaMalloc device-resident raised paths correctness-gated
aten_cos,EXECUTED,PASS,N=8388608,1520.121610,—,—,cutensorUnary_cos_f32,warm median of process runs 2-4,Jetson Orin sm87 MAXN CUDA 12.6,mapped and cudaMalloc device-resident raised paths correctness-gated
aten_cosh,EXECUTED,PASS,N=8388608,1499.705575,—,—,cutensorUnary_cosh_f32,warm median of process runs 2-4,Jetson Orin sm87 MAXN CUDA 12.6,mapped and cudaMalloc device-resident raised paths correctness-gated
aten_cpu_blas_gemm_batched_cpu,EXECUTED,PASS,B=16 M=256 N=256 K=256,5867.308797,—,—,cublasSgemm_strided_batched_nn_zero,warm median of process runs 2-4,Jetson Orin sm87 MAXN CUDA 12.6,mapped path correctness-gated; cudaMalloc path unavailable because the generated ABI wrapper performs a host memcpy epilogue
aten_cpu_blas_gemm_cpu,EXECUTED,PASS,M=512 N=512 K=512,2000.377607,—,—,cublasSgemm_nn_zero,warm median of process runs 2-4,Jetson Orin sm87 MAXN CUDA 12.6,mapped path correctness-gated; cudaMalloc path unavailable because the generated ABI wrapper performs a host memcpy epilogue
aten_cpu_blas_gemm_strided_batched_cpu,EXECUTED,PASS,B=16 M=256 N=256 K=256,5893.747229,—,—,cublasSgemm_strided_batched_nn_zero,warm median of process runs 2-4,Jetson Orin sm87 MAXN CUDA 12.6,mapped path correctness-gated; cudaMalloc path unavailable because the generated ABI wrapper performs a host memcpy epilogue
aten_cross,EXECUTED,PASS,N=1398101,93251.824048,—,—,cuDNN Backend pointwise operation graph,median of 3+ processes; 3 warmup + mean of 10 calls per process,Jetson Orin sm87 MAXN CUDA 12.6 cuDNN,three graph stages; mapped host-pointer ABI; graph active in 3/3 warmed process runs; correctness-gated
aten_cross_cpu_backend,EXECUTED,PASS,V=1398101,92928.380737,—,—,cuDNN Backend pointwise operation graph,median of 3+ processes; 3 warmup + mean of 10 calls per process,Jetson Orin sm87 MAXN CUDA 12.6 cuDNN,three graph stages; mapped host-pointer ABI; graph active in 3/3 warmed process runs; correctness-gated
aten_cumsum,RAISED_NO_LIBRARY_ROUTE,—,—,—,—,—,—,—,Jetson Orin sm87 MAXN,scan raises to Linalg but has no scan route
aten_dirichlet_transform_cpu,NO_LARGE_SHAPE_GRAPH,—,R=65536 C=64,—,—,—,—,—,Jetson Orin sm87 MAXN CUDA 12.6 cuDNN,partial graph epilogue matched only in canonical small IR; large-shape build emitted zero library launches
aten_div,EXECUTED,PASS,N=4194304,6417.025574,—,—,cuDNN Backend pointwise operation graph,median of 3+ processes; 3 warmup + mean of 10 calls per process,Jetson Orin sm87 MAXN CUDA 12.6 cuDNN,full graph; mapped host-pointer ABI; graph active in 4/4 warmed process runs; correctness-gated
aten_dot,EXECUTED,PASS,N8388608,878.323196,766.452759,1.145959,cuBLAS Ddot,warm median of process runs 2-4,Jetson Orin sm87 MAXN CUDA 12.6,mapped and cudaMalloc device-resident raised paths correctness-gated
aten_elu,EXECUTED,PASS,N=4194304,4712.633643,—,—,cuDNN Backend min/max/exp graph,warm mean of 10 calls after 3 warmups,Jetson Orin sm87 MAXN CUDA 12.6 cuDNN,full graph active; max_error=8.9407e-08; host-pointer transfers included
aten_embedding,RAISING_INCOMPLETE,—,—,—,—,—,—,—,Jetson Orin sm87 MAXN,indexed gather leaves 2 residual loops
aten_exp,EXECUTED,PASS,N=8388608,1505.280007,—,—,cutensorUnary_exp_f32,warm median of process runs 2-4,Jetson Orin sm87 MAXN CUDA 12.6,mapped and cudaMalloc device-resident raised paths correctness-gated
aten_fast_cat_dim0_cpu,EXECUTED,PASS,B=4096 N=4096,6839.865586,696.750366,9.816809,cudaMemcpy D2D,warm median of process runs 2-4,Jetson Orin sm87 MAXN CUDA 12.6,mapped and cudaMalloc device-resident raised paths correctness-gated
aten_flatten_nd_linear_cpu,EXECUTED,PASS,B16 M256 N256 K256,239.180820,177.688004,1.346072,"cuBLAS SgemmStridedBatched, broadcast RHS",warm median of process runs 2-4,Jetson Orin sm87 MAXN CUDA 12.6,mapped and cudaMalloc device-resident raised paths correctness-gated
aten_floor,EXECUTED,PASS,N=8388608,1493.542409,—,—,cutensorUnary_floor_f32,warm median of process runs 2-4,Jetson Orin sm87 MAXN CUDA 12.6,mapped and cudaMalloc device-resident raised paths correctness-gated
aten_fp16_dot_cpu,EXECUTED,PASS,K=16777216 scalarized-f32,857.900782,764.278442,1.122498,cuBLAS Sdot,warm median of process runs 2-4,Jetson Orin sm87 MAXN CUDA 12.6,mapped and cudaMalloc device-resident raised paths correctness-gated
aten_fp16_gemv_f16arith_cpu,EXECUTED,PASS,M=4096 K=8192 scalarized-f32,887.705572,758.612854,1.170169,cuBLAS Sgemv,warm median of process runs 2-4,Jetson Orin sm87 MAXN CUDA 12.6,mapped and cudaMalloc device-resident raised paths correctness-gated
aten_fp16_gemv_f32arith_cpu,EXECUTED,PASS,M=4096 K=8192 scalarized-f32,881.356793,758.652771,1.161739,cuBLAS Sgemv,warm median of process runs 2-4,Jetson Orin sm87 MAXN CUDA 12.6,mapped and cudaMalloc device-resident raised paths correctness-gated
aten_fp16_gemv_notrans_cpu,EXECUTED,PASS,M=4096 K=8192 scalarized-f32,881.727971,758.255981,1.162837,cuBLAS Sgemv,warm median of process runs 2-4,Jetson Orin sm87 MAXN CUDA 12.6,mapped and cudaMalloc device-resident raised paths correctness-gated
aten_fp16_gemv_trans_cpu,EXECUTED,PASS,M=4096 K=8192 scalarized-f32 trans,905.977562,793.486450,1.141768,cuBLAS Sgemv,warm median of process runs 2-4,Jetson Orin sm87 MAXN CUDA 12.6,mapped and cudaMalloc device-resident raised paths correctness-gated
aten_gelu,EXECUTED,PASS,N8388608,13344.268780,437.297546,30.515307,fused CUDA GELU kernel,warm median of process runs 2-4,Jetson Orin sm87 MAXN CUDA 12.6,mapped and cudaMalloc device-resident raised paths correctness-gated
aten_gelu_cpu_tanh,EXECUTED,PASS,N=8388608,13357.612770,437.297546,30.545821,fused CUDA GELU (equivalent prior baseline),warm median of process runs 2-4,Jetson Orin sm87 MAXN CUDA 12.6,mapped and cudaMalloc device-resident raised paths correctness-gated
aten_gemm_notrans_cpu,EXECUTED,PASS,M=512 N=512 K=512,1685.900800,—,—,cublasSgemm_nn,warm median of process runs 2-4,Jetson Orin sm87 MAXN CUDA 12.6,mapped path correctness-gated; cudaMalloc path unavailable because the generated ABI wrapper performs a host memcpy epilogue
aten_gemm_transa_cpu,EXECUTED,PASS,M=512 N=512 K=512 GEMM_TRANS_A,1961.798407,—,—,cublasSgemm_tn,warm median of process runs 2-4,Jetson Orin sm87 MAXN CUDA 12.6,mapped path correctness-gated; cudaMalloc path unavailable because the generated ABI wrapper performs a host memcpy epilogue
aten_gemm_transab_cpu,EXECUTED,PASS,M=512 N=512 K=512 GEMM_TRANS_A/GEMM_TRANS_B,2006.079955,—,—,cublasSgemm_tt,warm median of process runs 2-4,Jetson Orin sm87 MAXN CUDA 12.6,mapped path correctness-gated; cudaMalloc path unavailable because the generated ABI wrapper performs a host memcpy epilogue
aten_gemm_transb_cpu,EXECUTED,PASS,M=512 N=512 K=512 GEMM_TRANS_B,1715.763239,—,—,cublasSgemm_nt,warm median of process runs 2-4,Jetson Orin sm87 MAXN CUDA 12.6,mapped path correctness-gated; cudaMalloc path unavailable because the generated ABI wrapper performs a host memcpy epilogue
aten_glu,EXECUTED,PASS,N=4194304,6633.153614,—,—,cuDNN Backend pointwise operation graph,median of 3+ processes; 3 warmup + mean of 10 calls per process,Jetson Orin sm87 MAXN CUDA 12.6 cuDNN,full graph; mapped host-pointer ABI; graph active in 4/4 warmed process runs; correctness-gated
aten_glu_backward,EXECUTED,PASS,N=4194304,8711.921594,—,—,cuDNN Backend pointwise operation graph,median of 3+ processes; 3 warmup + mean of 10 calls per process,Jetson Orin sm87 MAXN CUDA 12.6 cuDNN,full graph; mapped host-pointer ABI; graph active in 4/4 warmed process runs; correctness-gated
aten_gradient_cpu,EXECUTED,PASS,N=4194304,6528.492847,—,—,cuDNN Backend pointwise operation graph,median of 3 processes; 3 warmup + mean of 10 calls per process,Jetson Orin sm87 MAXN CUDA 12.6 cuDNN,partial graph interior; pre-ABI one-shot bufferization preserves scalar boundary stores; correctness-gated
aten_gradient_float_cpu,EXECUTED,PASS,N=4194304,10366.361597,—,—,cuDNN Backend pointwise operation graph,median of 3 processes; 3 warmup + mean of 10 calls per process,Jetson Orin sm87 MAXN CUDA 12.6 cuDNN,partial graph interior; pre-ABI one-shot bufferization preserves scalar boundary stores; correctness-gated
aten_grid_sampler_2d_backward_cpu,BUILD_FAIL,—,B=2 C=16 IH=128 IW=128 OH=96 OW=96,—,—,—,—,—,Jetson Orin sm87 MAXN CUDA 12.6 cuDNN,large multidimensional shape emitted zero graph launches and retained polygeist.memref2pointer during LLVM lowering
aten_hardsigmoid,RAISED_NO_LIBRARY_ROUTE,—,—,—,—,—,—,—,Jetson Orin sm87 MAXN,1 Linalg op; no whole-kernel library match
aten_hardswish,RAISED_NO_LIBRARY_ROUTE,—,—,—,—,—,—,—,Jetson Orin sm87 MAXN,1 Linalg op; no whole-kernel library match
aten_hardtanh,RAISED_NO_LIBRARY_ROUTE,—,—,—,—,—,—,—,Jetson Orin sm87 MAXN,1 Linalg op; no whole-kernel library match
aten_host_softmax_backward_cpu,NO_LARGE_SHAPE_GRAPH,—,R=65536 K=64,—,—,—,—,—,Jetson Orin sm87 MAXN CUDA 12.6 cuDNN,partial graph epilogue matched only in canonical small IR; large-shape build emitted zero library launches
aten_im2col,RAISED_NO_LIBRARY_ROUTE,—,—,—,—,—,—,—,Jetson Orin sm87 MAXN,window gather intentionally rejected as copy
aten_l1_loss,RAISED_NO_LIBRARY_ROUTE,—,—,—,—,—,—,—,Jetson Orin sm87 MAXN,1 Linalg op; no reduction composition
aten_layer_norm,EXECUTED,PASS,N=4194304,17961.921595,—,—,cuDNN Backend pointwise operation graph,median of 3+ processes; 3 warmup + mean of 10 calls per process,Jetson Orin sm87 MAXN CUDA 12.6 cuDNN,partial graph epilogue; mapped host-pointer ABI; graph active in 4/4 warmed process runs; correctness-gated
aten_leaky_relu,EXECUTED,PASS,N=4194304,4682.860815,—,—,cuDNN Backend min/max/mul graph,warm mean of 10 calls after 3 warmups,Jetson Orin sm87 MAXN CUDA 12.6 cuDNN,full graph active; exact min-max arithmetic rewrite; host-pointer transfers included
aten_lerp,EXECUTED,PASS,N=4194304,8391.043213,—,—,cuDNN Backend pointwise operation graph,median of 3+ processes; 3 warmup + mean of 10 calls per process,Jetson Orin sm87 MAXN CUDA 12.6 cuDNN,full graph; mapped host-pointer ABI; graph active in 4/4 warmed process runs; correctness-gated
aten_lerp_scalar,EXECUTED,PASS,N=4194304,6374.312024,—,—,cuDNN Backend pointwise operation graph,median of 3+ processes; 3 warmup + mean of 10 calls per process,Jetson Orin sm87 MAXN CUDA 12.6 cuDNN,full graph; mapped host-pointer ABI; graph active in 4/4 warmed process runs; correctness-gated
aten_lerp_scalar_cpu,EXECUTED,PASS,N=4194304,6529.977612,—,—,cuDNN Backend pointwise operation graph,median of 3+ processes; 3 warmup + mean of 10 calls per process,Jetson Orin sm87 MAXN CUDA 12.6 cuDNN,full graph; mapped host-pointer ABI; graph active in 4/4 warmed process runs; correctness-gated
aten_lerp_tensor_cpu,EXECUTED,PASS,N=4194304,8510.675208,—,—,cuDNN Backend pointwise operation graph,median of 3+ processes; 3 warmup + mean of 10 calls per process,Jetson Orin sm87 MAXN CUDA 12.6 cuDNN,full graph; mapped host-pointer ABI; graph active in 4/4 warmed process runs; correctness-gated
aten_linear_combination_cpu,EXECUTED,PASS,N=8388608 terms=4,26803.936018,892.532837,30.031316,cuBLAS Sgemv,warm median of process runs 2-4,Jetson Orin sm87 MAXN CUDA 12.6,mapped and cudaMalloc device-resident raised paths correctness-gated
aten_log,EXECUTED,PASS,N=8388608 positive-domain,1508.672023,—,—,cutensorUnary_log_f32,warm median of process runs 2-4,Jetson Orin sm87 MAXN CUDA 12.6,mapped and cudaMalloc device-resident raised paths correctness-gated
aten_log_normal_cpu,EXECUTED,PASS,N=4194304,4496.142395,—,—,cuDNN Backend pointwise operation graph,median of 3+ processes; 3 warmup + mean of 10 calls per process,Jetson Orin sm87 MAXN CUDA 12.6 cuDNN,full graph; mapped host-pointer ABI; graph active in 4/4 warmed process runs; correctness-gated
aten_max_pool2d,EXECUTED,PASS,B=2 C=8 H=16 W=16 K=2 S=2,54.499200,—,—,cudnnMaxPoolFwd_batched,median of 3 process warm means; 10 timed calls/process,Jetson Orin sm87 MAXN CUDA 12.6,current expanded-window composition revalidated 2026-09-05; zero errors; mapped host-pointer GPU execution
aten_mean,RAISED_NO_LIBRARY_ROUTE,—,—,—,—,—,—,—,Jetson Orin sm87 MAXN,1 Linalg op; reduction-plus-scale composition absent
aten_mish,EXECUTED,PASS,N=8388608,1568.364818,—,—,cutensorUnary_mish_f32,warm median of process runs 2-4,Jetson Orin sm87 MAXN CUDA 12.6,mapped and cudaMalloc device-resident raised paths correctness-gated
aten_mm,EXECUTED,PASS,M512 N512 K512,129.072,96.926,1.331655,cuBLAS Sgemm beta=0,warm median of process runs 2-4,Jetson Orin sm87 MAXN CUDA 12.6,mapped and cudaMalloc device-resident raised paths correctness-gated | f32 cublasSgemm/Sgemv silicon re-run 2026-08-28 to match ATen-native f32; warm median runs 2-4
aten_mse_backward,EXECUTED,PASS,N=4194304,6516.175989,—,—,cuDNN Backend pointwise operation graph,median of 3+ processes; 3 warmup + mean of 10 calls per process,Jetson Orin sm87 MAXN CUDA 12.6 cuDNN,full graph; mapped host-pointer ABI; graph active in 4/4 warmed process runs; correctness-gated
aten_mse_elementwise,EXECUTED,PASS,N=4194304,6491.582409,—,—,cuDNN Backend pointwise operation graph,median of 3+ processes; 3 warmup + mean of 10 calls per process,Jetson Orin sm87 MAXN CUDA 12.6 cuDNN,full graph; mapped host-pointer ABI; graph active in 4/4 warmed process runs; correctness-gated
aten_mse_loss,EXECUTED,PASS,N=4194304,10339.659167,—,—,cuDNN Backend pointwise operation graph,median of 3+ processes; 3 warmup + mean of 10 calls per process,Jetson Orin sm87 MAXN CUDA 12.6 cuDNN,partial graph plus reduction; mapped host-pointer ABI; graph active in 4/4 warmed process runs; correctness-gated
aten_mv,EXECUTED,PASS,M4096 K4096,425.219,380.25,1.118262,cuBLAS Sgemv beta=1,warm median of process runs 2-4,Jetson Orin sm87 MAXN CUDA 12.6,mapped and cudaMalloc device-resident raised paths correctness-gated | f32 cublasSgemm/Sgemv silicon re-run 2026-08-28 to match ATen-native f32; warm median runs 2-4
aten_narrow_copy_dense_cpu,EXECUTED,PASS,R=4096 C=4096 S=1024 L=2048,4895.276809,439.467194,11.139118,cudaMemcpy2D D2D,warm median of process runs 2-4,Jetson Orin sm87 MAXN CUDA 12.6,mapped and cudaMalloc device-resident raised paths correctness-gated
aten_neg,EXECUTED,PASS,N=8388608,1489.017624,—,—,cutensorUnary_neg_f32,warm median of process runs 2-4,Jetson Orin sm87 MAXN CUDA 12.6,mapped and cudaMalloc device-resident raised paths correctness-gated
aten_nested_bmm_cpu,EXECUTED,PASS,B=16 M=256 N=256 K=256,5883.724801,—,—,cublasSgemm_strided_batched_nn_zero,warm median of process runs 2-4,Jetson Orin sm87 MAXN CUDA 12.6,mapped path correctness-gated; cudaMalloc path unavailable because the generated ABI wrapper performs a host memcpy epilogue
aten_nested_clone_cpu,EXECUTED,PASS,B=4096 N=4096,6831.084797,695.862427,9.816717,cudaMemcpy D2D,warm median of process runs 2-4,Jetson Orin sm87 MAXN CUDA 12.6,mapped and cudaMalloc device-resident raised paths correctness-gated
aten_nested_matmul_broadcast_cpu,EXECUTED,PASS,B16 M256 N256 K256,240.403228,176.012802,1.365828,"cuBLAS SgemmStridedBatched, broadcast RHS",warm median of process runs 2-4,Jetson Orin sm87 MAXN CUDA 12.6,mapped and cudaMalloc device-resident raised paths correctness-gated
aten_nested_softmax_backward_cpu,NO_LARGE_SHAPE_GRAPH,—,B=65536 N=64,—,—,—,—,—,Jetson Orin sm87 MAXN CUDA 12.6 cuDNN,partial graph epilogue matched only in canonical small IR; large-shape build emitted zero library launches
aten_nested_squeeze_cpu,EXECUTED,PASS,B=4096 N=4096,6792.927999,696.092773,9.758653,cudaMemcpy D2D,warm median of process runs 2-4,Jetson Orin sm87 MAXN CUDA 12.6,mapped and cudaMalloc device-resident raised paths correctness-gated
aten_normal_cpu,EXECUTED,PASS,N=4194304,4605.601587,—,—,cuDNN Backend pointwise operation graph,median of 3+ processes; 3 warmup + mean of 10 calls per process,Jetson Orin sm87 MAXN CUDA 12.6 cuDNN,full graph; mapped host-pointer ABI; graph active in 4/4 warmed process runs; correctness-gated
aten_outer,EXECUTED,PASS,M=4096 N=4096 f32,666.838,376.978,1.768904,cuBLAS Sgemm outer product,warm median of process runs 2-4,Jetson Orin sm87 MAXN CUDA 12.6,mapped and cudaMalloc device-resident raised paths correctness-gated | f32 cublasSgemm/Sgemv silicon re-run 2026-08-28 to match ATen-native f32; warm median runs 2-4
aten_prod,RAISED_NO_LIBRARY_ROUTE,—,—,—,—,—,—,—,Jetson Orin sm87 MAXN,1 Linalg op; no product reduction route
aten_reciprocal,EXECUTED,PASS,N=8388608 positive-domain,1491.999999,—,—,cutensorUnary_reciprocal_f32,warm median of process runs 2-4,Jetson Orin sm87 MAXN CUDA 12.6,mapped and cudaMalloc device-resident raised paths correctness-gated
aten_reflection_pad2d,RAISED_NO_LIBRARY_ROUTE,—,—,—,—,—,—,—,Jetson Orin sm87 MAXN,1 Linalg op; no reflection-padding route
aten_relu,EXECUTED,PASS,—,1489.439979,—,—,—,warm median of process runs 2-4,Jetson Orin sm87 MAXN,mapped and cudaMalloc device-resident raised paths correctness-gated
aten_replication_pad2d,RAISED_NO_LIBRARY_ROUTE,—,—,—,—,—,—,—,Jetson Orin sm87 MAXN,1 Linalg op; no replication-padding route
aten_rms_norm,EXECUTED,PASS,N8388608,13051.795214,841.404785,15.511910,fused CUDA RMSNorm reduction plus scale,warm median of process runs 2-4,Jetson Orin sm87 MAXN CUDA 12.6,mapped and cudaMalloc device-resident raised paths correctness-gated
aten_rsqrt,EXECUTED,PASS,N=4194304,4618.699206,—,—,cuDNN Backend pointwise operation graph,median of 3+ processes; 3 warmup + mean of 10 calls per process,Jetson Orin sm87 MAXN CUDA 12.6 cuDNN,full graph; mapped host-pointer ABI; graph active in 4/4 warmed process runs; correctness-gated
aten_sigmoid,EXECUTED,PASS,—,1492.454391,—,—,—,warm median of process runs 2-4,Jetson Orin sm87 MAXN,mapped and cudaMalloc device-resident raised paths correctness-gated
aten_sigmoid_backward,EXECUTED,PASS,N=4194304,6844.782398,—,—,cuDNN Backend pointwise operation graph,median of 3+ processes; 3 warmup + mean of 10 calls per process,Jetson Orin sm87 MAXN CUDA 12.6 cuDNN,full graph; mapped host-pointer ABI; graph active in 4/4 warmed process runs; correctness-gated
aten_silu,EXECUTED,PASS,—,1512.134401,—,—,—,warm median of process runs 2-4,Jetson Orin sm87 MAXN,mapped and cudaMalloc device-resident raised paths correctness-gated
aten_silu_cpu,EXECUTED,PASS,N=8388608,1535.871997,—,—,cutensorUnary_silu_f32,warm median of process runs 2-4,Jetson Orin sm87 MAXN CUDA 12.6,mapped and cudaMalloc device-resident raised paths correctness-gated
aten_sin,EXECUTED,PASS,N=8388608,1576.147228,—,—,cutensorUnary_sin_f32,warm median of process runs 2-4,Jetson Orin sm87 MAXN CUDA 12.6,mapped and cudaMalloc device-resident raised paths correctness-gated
aten_sinh,EXECUTED,PASS,N=8388608,1522.617601,—,—,cutensorUnary_sinh_f32,warm median of process runs 2-4,Jetson Orin sm87 MAXN CUDA 12.6,mapped and cudaMalloc device-resident raised paths correctness-gated
aten_slow_conv3d_forward_cpu,EXECUTED,PASS,C8 O16 D48 H48 W48 K3,726.438407,364.764832,1.991525,cuDNN Conv3D,warm median of process runs 2-4,Jetson Orin sm87 MAXN CUDA 12.6,mapped and cudaMalloc device-resident raised paths correctness-gated
aten_softmax,EXECUTED,PASS,N8388608,28666.707221,29212.042969,0.981332,cuDNN SoftmaxForward,warm median of process runs 2-4,Jetson Orin sm87 MAXN CUDA 12.6,mapped and cudaMalloc device-resident raised paths correctness-gated
aten_softplus,RAISING_INCOMPLETE,—,—,—,—,—,—,—,Jetson Orin sm87 MAXN,external logf/expf and branch leave one residual loop
aten_sparse_bmm_cpu,EXECUTED,PASS,B=16 M=256 N=256 K=256,5923.987180,—,—,cublasSgemm_strided_batched_nn_zero,warm median of process runs 2-4,Jetson Orin sm87 MAXN CUDA 12.6,mapped path correctness-gated; cudaMalloc path unavailable because the generated ABI wrapper performs a host memcpy epilogue
aten_sparse_coo_softmax_backward_cpu,NO_LARGE_SHAPE_GRAPH,—,R=524288 K=8,—,—,—,—,—,Jetson Orin sm87 MAXN CUDA 12.6 cuDNN,partial graph epilogue matched only in canonical small IR; large-shape build emitted zero library launches
aten_sqrt,EXECUTED,PASS,N=8388608 positive-domain,1509.299176,—,—,cutensorUnary_sqrt_f32,warm median of process runs 2-4,Jetson Orin sm87 MAXN CUDA 12.6,mapped and cudaMalloc device-resident raised paths correctness-gated
aten_square,EXECUTED,PASS,N=4194304,4368.563245,—,—,cuDNN Backend pointwise operation graph,median of 3+ processes; 3 warmup + mean of 10 calls per process,Jetson Orin sm87 MAXN CUDA 12.6 cuDNN,full graph; mapped host-pointer ABI; graph active in 4/4 warmed process runs; correctness-gated
aten_sum,EXECUTED,PASS,M=65536 N=64,22665.804800,—,—,cubSegmentedSum_f64_memref,median of 3 process warm means; 10 timed calls/process,Jetson Orin sm87 MAXN CUDA 12.6 CUB,full scaled segmented reduction revalidated 2026-09-05; errors=0 max_error=1.15463e-14; mapped host-pointer GPU execution
aten_sumproduct_pair_cpu,EXECUTED,PASS,B=16 M=256 N=256 K=256,5917.670391,—,—,cublasSgemm_strided_batched_nn_zero,warm median of process runs 2-4,Jetson Orin sm87 MAXN CUDA 12.6,mapped path correctness-gated; cudaMalloc path unavailable because the generated ABI wrapper performs a host memcpy epilogue
aten_tan,EXECUTED,PASS,N=8388608,1596.230408,—,—,cutensorUnary_tan_f32,warm median of process runs 2-4,Jetson Orin sm87 MAXN CUDA 12.6,mapped and cudaMalloc device-resident raised paths correctness-gated
aten_tanh,EXECUTED,PASS,—,1492.140815,—,—,—,warm median of process runs 2-4,Jetson Orin sm87 MAXN,mapped and cudaMalloc device-resident raised paths correctness-gated
aten_tanh_backward,EXECUTED,PASS,N=4194304,6672.932813,—,—,cuDNN Backend pointwise operation graph,median of 3+ processes; 3 warmup + mean of 10 calls per process,Jetson Orin sm87 MAXN CUDA 12.6 cuDNN,full graph; mapped host-pointer ABI; graph active in 4/4 warmed process runs; correctness-gated
aten_transpose_copy,RAISED_NO_LIBRARY_ROUTE,—,—,—,—,—,—,—,Jetson Orin sm87 MAXN,permuted indexing intentionally rejected as copy
aten_unbind_copy_cpu,EXECUTED,PASS,B=4096 N=4096,6792.947184,702.041626,9.675989,cudaMemcpy D2D,warm median of process runs 2-4,Jetson Orin sm87 MAXN CUDA 12.6,mapped and cudaMalloc device-resident raised paths correctness-gated
aten_uniform_cpu,EXECUTED,PASS,N=4194304,4649.033606,—,—,cuDNN Backend pointwise operation graph,median of 3+ processes; 3 warmup + mean of 10 calls per process,Jetson Orin sm87 MAXN CUDA 12.6 cuDNN,full graph; mapped host-pointer ABI; graph active in 4/4 warmed process runs; correctness-gated
aten_upsample_bilinear2d,RAISED_NO_LIBRARY_ROUTE,—,—,—,—,—,—,—,Jetson Orin sm87 MAXN,1 Linalg op; no bilinear-resampling route
aten_upsample_nearest2d,RAISED_NO_LIBRARY_ROUTE,—,—,—,—,—,—,—,Jetson Orin sm87 MAXN,1 Linalg op; no nearest-neighbor route
aten_zeros_cpu,EXECUTED,PASS,N=16777216,2255.948773,374.880005,6.017789,cudaMemset,warm median of process runs 2-4,Jetson Orin sm87 MAXN CUDA 12.6,mapped and cudaMalloc device-resident raised paths correctness-gated
aten_mul,EXECUTED,PASS,N=4194304,6689.513599,—,—,cuDNN Backend MUL graph,warm mean of 10 calls after 3 warmups,Jetson Orin sm87 MAXN CUDA 12.6 cuDNN,full graph active; host-pointer transfers included
aten_erf,EXECUTED,PASS,N=4194304,4714.627222,—,—,cuDNN Backend ERF graph,warm mean of 10 calls after 3 warmups,Jetson Orin sm87 MAXN CUDA 12.6 cuDNN,full graph active; max_error=5.96046e-08; host-pointer transfers included
aten_exp2,EXECUTED,PASS,N=4194304,4705.878369,—,—,cuDNN Backend MUL+EXP graph,warm mean of 10 calls after 3 warmups,Jetson Orin sm87 MAXN CUDA 12.6 cuDNN,full graph active; max_error=1.19209e-07; host-pointer transfers included
aten_pow,EXECUTED,PASS,N=4194304,6745.651245,—,—,cuDNN Backend POW graph,warm mean of 10 calls after 3 warmups,Jetson Orin sm87 MAXN CUDA 12.6 cuDNN,full graph active; max_error=1.19209e-07; host-pointer transfers included
aten_gelu_backward_cpu_exact,EXECUTED,PASS,N=4194304,8662.476807,—,—,cuDNN Backend 11-node pointwise graph,warm mean of 10 calls after 3 warmups,Jetson Orin sm87 MAXN CUDA 12.6 cuDNN,full exact GELU backward graph active; max_error=1.19209e-07; host-pointer transfers included
aten_erfc,EXECUTED,PASS,N=4194304,4687.900806,—,—,cuDNN Backend ERF+SUB graph,warm mean of 10 calls after 3 warmups,Jetson Orin sm87 MAXN CUDA 12.6 cuDNN,full graph active; max_error=1.19209e-07; host-pointer transfers included
aten_hypot,EXECUTED,PASS,N=4194304,6638.441602,—,—,cuDNN Backend MUL+ADD+SQRT graph,warm mean of 10 calls after 3 warmups,Jetson Orin sm87 MAXN CUDA 12.6 cuDNN,full graph active; max_error=1.19209e-07; host-pointer transfers included
aten_logaddexp,EXECUTED,PASS,N=4194304,6651.606372,—,—,cuDNN Backend stable 8-node graph,warm mean of 10 calls after 3 warmups,Jetson Orin sm87 MAXN CUDA 12.6 cuDNN,full graph active; exact test inputs; host-pointer transfers included
aten_logaddexp2,EXECUTED,PASS,N=4194304,6663.408008,—,—,cuDNN Backend stable 10-node graph,warm mean of 10 calls after 3 warmups,Jetson Orin sm87 MAXN CUDA 12.6 cuDNN,full graph active; exact test inputs; host-pointer transfers included
aten_frac,EXECUTED,PASS,N=4194304,4705.321606,—,—,cuDNN Backend MOD graph,warm mean of 10 calls after 3 warmups,Jetson Orin sm87 MAXN CUDA 12.6 cuDNN,full graph active; exact x-trunc(x) equivalence; host-pointer transfers included
aten_blas_sum_cpu,EXECUTED,PASS,N=8388608,246.425602,—,—,cudnnReduceSum_f32,warm median of 3 process runs; each mean of 10 calls,Jetson Orin sm87 MAXN CUDA 12.6 cuDNN,cuDNN general reduction; mapped host input; scalar tree-reassociation tolerance; process results 245.507201/246.425602/248.783990 us
aten_trace_cpu,EXECUTED,PASS,N=4096 matrix; 4096 diagonal elements,58.339210,—,—,cudnnReduceTrace_f32,warm median of 3 process runs; each mean of 10 calls,Jetson Orin sm87 MAXN CUDA 12.6 cuDNN,cuDNN strided diagonal reduction; no diagonal materialization; process results 68.409601/55.897608/58.339210 us
aten_channel_shuffle,EXECUTED,PASS,B=1 G=8 CPG=128 H=64 W=128 (8388608 outputs),273276.928000,—,—,cutensorPermute_f32,warm median of process runs 2-4,Jetson Orin sm87 MAXN CUDA 12.6 cuTENSOR,rank-reduced input/output slices; device median 2.556960 ms; host-pointer transfers included
aten_channel_shuffle_cpu,EXECUTED,PASS,B=1 G=8 CPG=128 S=8192 (8388608 outputs),274431.456000,—,—,cutensorPermute_f32,warm median of process runs 2-4,Jetson Orin sm87 MAXN CUDA 12.6 cuTENSOR,rank-3 group/channel transpose; device median 2.545280 ms; host-pointer transfers included
aten_pixel_shuffle,EXECUTED,PASS,B=1 C=128 R=2 H=W=128 (8388608 outputs),274212.160000,—,—,cutensorPermute_f32,warm median of process runs 2-4,Jetson Orin sm87 MAXN CUDA 12.6 cuTENSOR,rank-reduced rank-5 permutation; device median 2.897024 ms; host-pointer transfers included
aten_pixel_shuffle_cpu_backend,EXECUTED,PASS,B=1 C=128 H=W=128 R=2 (8388608 outputs),275883.296000,—,—,cutensorPermute_f32,warm median of process runs 2-4,Jetson Orin sm87 MAXN CUDA 12.6 cuTENSOR,reshape-permute stage; device median 2.909504 ms; host-pointer transfers included
aten_pixel_unshuffle_cpu_backend,EXECUTED,PASS,B=1 C=128 H=W=128 R=2 (8388608 outputs),272693.344000,—,—,cutensorPermute_f32,warm median of process runs 2-4,Jetson Orin sm87 MAXN CUDA 12.6 cuTENSOR,inverse reshape-permute stage; device median 2.500608 ms; host-pointer transfers included
aten_transpose_copy,EXECUTED,PASS,M=2048 N=4096 (8388608 outputs),274933.888000,—,—,cutensorPermute_f32,warm median of process runs 2-4,Jetson Orin sm87 MAXN CUDA 12.6 cuTENSOR,rank-2 transpose; device median 2.529920 ms; host-pointer transfers included
aten_stack_serial_cpu,EXECUTED,PASS,T=8 R=128 K=8192 (8388608 outputs),274474.688000,—,—,cutensorPermute_f32,warm median of process runs 2-4,Jetson Orin sm87 MAXN CUDA 12.6 cuTENSOR,rank-3 stack-axis permutation; device median 2.526080 ms; host-pointer transfers included
aten_gelu_backward_cpu_tanh,EXECUTED,PASS,N=4194304,14316.694409,—,—,two cuDNN Backend pointwise operation graphs,warm mean of 10 calls after 3 warmups,Jetson Orin sm87 MAXN CUDA 12.6 cuDNN,18-node scalar DAG partitioned into 6-node and 13-node graphs; both plans active; no CPU fallback; host-pointer intermediate and transfers included
aten_cumsum,EXECUTED,PASS,N=8388608,16616.819238,—,—,CUB DeviceScan InclusiveSum,warm mean of 5 calls after one validation call,Jetson Orin sm87 MAXN CUDA 12.6 CUB,loop-carried scalar plus vector result recognized as inclusive scan; terminal tensor write-back eliminated; host-pointer transfers and CUB allocation included
aten_cumprod_cpu,EXECUTED,PASS,R=32 K=64,150.832000,—,—,cubSegmentedInclusiveProduct2D_f32_tensor,median of 3 process warm means; 10 timed calls/process,Jetson Orin sm87 MAXN CUDA 12.6 CUB,current expanded-final-value composition revalidated 2026-09-05; errors=0 max_error=2.98023e-08; mapped host-pointer GPU execution
aten_nested_batch_offsets_cpu,EXECUTED,PASS,B=4194302,13240.691200,—,—,cubExclusiveSum1D_i32_memref,median of 3 process warm means; 10 timed calls/process,Jetson Orin sm87 MAXN CUDA 12.6,current matcher and lowering revalidated 2026-09-05; zero errors; mapped host-pointer GPU execution
aten_elu_backward,EXECUTED,PASS,N=4194304,8705.961621,—,—,cuDNN Backend pointwise graph,warm mean of 10 calls after 3 warmups,Jetson Orin sm87 MAXN CUDA 12.6 cuDNN,ordered branch lowered through RELU_BWD numeric mask; 8-node plan active; wide inputs exercise both branches
aten_hardshrink,EXECUTED,PASS,N=4194304,4672.086377,—,—,cuDNN Backend pointwise graph,warm mean of 10 calls after 3 warmups,Jetson Orin sm87 MAXN CUDA 12.6 cuDNN,compound predicate lowered through two numeric masks; 8-node plan active; wide inputs exercise all branches
aten_hardswish_backward,EXECUTED,PASS,N=4194304,8546.879956,—,—,cuDNN Backend pointwise graph,warm mean of 10 calls after 3 warmups,Jetson Orin sm87 MAXN CUDA 12.6 cuDNN,nested ordered selects lowered through numeric masks; 11-node plan active; exact -3 and 3 boundaries included
aten_hardtanh_backward,EXECUTED,PASS,N=4194304,6653.488037,—,—,cuDNN Backend pointwise graph,warm mean of 10 calls after 3 warmups,Jetson Orin sm87 MAXN CUDA 12.6 cuDNN,compound predicate lowered through two numeric masks; 8-node plan active
aten_huber_backward,EXECUTED,PASS,N=4194304,6652.921606,—,—,cuDNN Backend pointwise graph,warm mean of 10 calls after 3 warmups,Jetson Orin sm87 MAXN CUDA 12.6 cuDNN,piecewise Huber derivative; 10-node plan active; varied input-target differences exercise all branches
aten_huber_elementwise,EXECUTED,PASS,N=4194304,6673.948804,—,—,cuDNN Backend pointwise graph,warm mean of 10 calls after 3 warmups,Jetson Orin sm87 MAXN CUDA 12.6 cuDNN,piecewise Huber loss; 10-node plan active; varied input-target differences exercise all branches
aten_shrink_backward,EXECUTED,PASS,N=4194304,6626.259180,—,—,cuDNN Backend pointwise graph,warm mean of 10 calls after 3 warmups,Jetson Orin sm87 MAXN CUDA 12.6 cuDNN,compound predicate lowered through two numeric masks; 8-node plan active
aten_smooth_l1_backward,EXECUTED,PASS,N=4194304,6629.321606,—,—,cuDNN Backend pointwise graph,warm mean of 10 calls after 3 warmups,Jetson Orin sm87 MAXN CUDA 12.6 cuDNN,piecewise smooth-L1 derivative; 11-node plan active; varied input-target differences exercise all branches
aten_smooth_l1_elementwise,EXECUTED,PASS,N=4194304,6637.497632,—,—,cuDNN Backend pointwise graph,warm mean of 10 calls after 3 warmups,Jetson Orin sm87 MAXN CUDA 12.6 cuDNN,piecewise smooth-L1 loss; 10-node plan active; varied input-target differences exercise all branches
aten_softplus_backward,EXECUTED,PASS,N=4194304,8552.384033,—,—,cuDNN Backend pointwise graph,warm mean of 10 calls after 3 warmups,Jetson Orin sm87 MAXN CUDA 12.6 cuDNN,softplus derivative plus threshold mask; 10-node plan active; wide inputs exercise both paths
aten_softshrink,EXECUTED,PASS,N=4194304,4672.825562,—,—,cuDNN Backend pointwise graph,warm mean of 10 calls after 3 warmups,Jetson Orin sm87 MAXN CUDA 12.6 cuDNN,nested ordered selects lowered through numeric masks; 10-node plan active; wide inputs exercise all branches
aten_threshold_backward,EXECUTED,PASS,N=4194304,6661.440039,—,—,cuDNN Backend pointwise graph,warm mean of 10 calls after 3 warmups,Jetson Orin sm87 MAXN CUDA 12.6 cuDNN,arbitrary scalar threshold lowered through RELU_BWD numeric mask; 4-node plan active
aten_count_nonzero_cpu,EXECUTED,PASS,N=8388608,2431.248022,—,—,CUB DeviceReduce Sum with transform iterator,warm mean of 10 calls after 3 warmups,Jetson Orin sm87 MAXN CUDA 12.6 CUB,predicate is fused into input iterator; no materialized mask; host-pointer transfers and allocations included
aten_count_nonzero_impl_cpu,EXECUTED,PASS,R=32 C=64,96.384000,—,—,cubSegmentedCountNonzero2D_f32_tensor,median of 3 process warm means; 10 timed calls/process,Jetson Orin sm87 MAXN CUDA 12.6 CUB,current expanded-segment composition revalidated 2026-09-05; zero errors; mapped host-pointer GPU execution
aten_equal_cpu,EXECUTED,PASS,N=8388608,8547.996777,—,—,CUB DeviceReduce Min with transform iterator,warm mean of 10 calls after 3 warmups,Jetson Orin sm87 MAXN CUDA 12.6 CUB,index transform compares two inputs; mismatch case validated; host-pointer transfers and allocations included
aten_allany_dims_cpu,EXECUTED,PASS,R=131072 C=64 (8388608 inputs),16174.080000,7182.464001,2.251885,CUB DeviceSegmentedReduce logical select,median of 5 sequential process warm means and resident best-of-20 timings,Jetson Orin sm87 MAXN CUDA 12.6 CUB,complete runtime-selected all-or-any composition; host and device-resident paths errors=0 max_error=0
aten_and_reduce_cpu,EXECUTED,PASS,R=32 K=64,95.158400,—,—,cubSegmentedLogicalAnd_i32,median of 3 process warm means; 10 timed calls/process,Jetson Orin sm87 MAXN CUDA 12.6 CUB,current expanded-segment composition revalidated 2026-09-05; zero errors; mapped host-pointer GPU execution
aten_argmax_cpu,EXECUTED,PASS,R=131072 K=64 (8388608 inputs),24559.094400,14085.503998,1.743572,CUB DeviceSegmentedReduce transformed value/index pairs,median of 5 sequential process warm means and resident best-of-20 timings,Jetson Orin sm87 MAXN CUDA 12.6 CUB,complete seeded argmax composition; first-index ties and first/later NaNs validated; errors=0 max_error=0
aten_argmin_cpu,EXECUTED,PASS,R=131072 K=64 (8388608 inputs),24712.825601,14041.344002,1.760004,CUB DeviceSegmentedReduce transformed value/index pairs,median of 5 sequential process warm means and resident best-of-20 timings,Jetson Orin sm87 MAXN CUDA 12.6 CUB,complete seeded argmin composition; first-index ties and first/later NaNs validated; errors=0 max_error=0
aten_sinc,EXECUTED,PASS,N=8388608,61557.731128,—,—,cuDNN Backend pointwise graph,warm mean of 10 calls after 3 warmups,Jetson Orin sm87 MAXN CUDA 12.6 cuDNN,five-node normalized sinc graph active; zero errors
aten_conv_transpose2d,EXECUTED,PASS,B=2 IC=16 OC=32 H=128 W=128 K=3,1351.651200,—,—,cuDNN ConvolutionBackwardData,median of 3 process warm means; 10 timed calls/process,Jetson Orin sm87 MAXN CUDA 12.6 cuDNN,expanded-submap whole transposed-convolution composition revalidated 2026-09-05; errors=0 max_error=1.33514e-05; mapped host-pointer GPU execution
aten_depthwise_conv3x3_cpu,EXECUTED,PASS,B=2 C=64 H=256 W=256,6312.688000,—,—,cuDNN grouped ConvolutionForward plus AddTensor bias,median of 3 process warm means; 10 timed calls/process,Jetson Orin sm87 MAXN CUDA 12.6 cuDNN,expanded-batch bias-plus-depthwise composition revalidated 2026-09-05; errors=0 max_error=9.53674e-07; mapped host-pointer GPU execution
aten_kron_impl_cpu,EXECUTED,PASS,A=256 B=128 C=32 D=32 (33554432 outputs),24155.737600,—,—,cuTENSOR mode-based elementwise trinary,median of 3 process warm means; 10 timed calls/process,Jetson Orin sm87 MAXN CUDA 12.6 cuTENSOR,expanded-submap whole Kronecker mapping revalidated 2026-09-05; errors=0; mapped host-pointer GPU execution
aten_kron_out_cpu,EXECUTED,PASS,A=256 B=128 C=32 D=32 (33554432 outputs),23966.643200,—,—,cuTENSOR mode-based elementwise trinary,median of 3 process warm means; 10 timed calls/process,Jetson Orin sm87 MAXN CUDA 12.6 cuTENSOR,expanded-submap whole Kronecker mapping revalidated 2026-09-05; errors=0; mapped host-pointer GPU execution
aten_binary_cross_entropy,EXECUTED,PASS,N=8388608,120604.016000,—,—,cudnnBinaryCrossEntropyMean_f32_memref,median of 3 process warm means; 10 timed calls/process,Jetson Orin sm87 MAXN CUDA 12.6,current matcher and lowering revalidated 2026-09-05; zero errors; mapped host-pointer GPU execution
aten_conv_tbc_cpu,EXECUTED,PASS,T=4096 B=16 I=32 O=64 K=3,5367.219200,—,—,cuDNN TransformTensor plus ConvolutionForward,median of 3 process warm means; 10 timed calls/process,Jetson Orin sm87 MAXN CUDA 12.6 cuDNN,expanded-submap whole TBC composition revalidated 2026-09-05; errors=0 max_error=5.72205e-06; mapped host-pointer GPU execution
aten_transform_bias_rescale_qkv_cpu,EXECUTED,PASS,B=8 S=512 H=16 D=64 (12582912 source elements),2522.108800,—,—,three cuDNN OpTensor add stages,median of 3 process warm means; 10 timed calls/process,Jetson Orin sm87 MAXN CUDA 12.6 cuDNN,expanded-submap three-stage QKV slice plus bias plus BSHD-to-BHSD transform revalidated 2026-09-05; errors=0 max_error=0; Q scale folded into alpha
aten_addr_elementwise,EXECUTED,PASS,N=8388608 beta=0 alpha=0.75,12629.187280,—,—,cuDNN cached pointwise graph,warm mean of 10 calls after 3 warmups,Jetson Orin sm87 MAXN CUDA 12.6 cuDNN,full beta-zero shortcut graph alpha*x*y; zero errors
aten_addr_elementwise,EXECUTED,PASS,N=8388608,21816.220800,—,—,cudnnAddrElementwise_f32_memref,median of 3 process warm means; 10 timed calls/process,Jetson Orin sm87 MAXN CUDA 12.6,current matcher and lowering revalidated 2026-09-05; zero errors; mapped host-pointer GPU execution
aten_log_sigmoid_cpu,EXECUTED,PASS,N=8388608,175506.979200,—,—,cudnnLogSigmoid_f32_memref,median of 3 process warm means; 10 timed calls/process,Jetson Orin sm87 MAXN CUDA 12.6,current matcher and lowering revalidated 2026-09-05; zero errors; mapped host-pointer GPU execution
aten_softplus,EXECUTED,PASS,N=8388608 beta=1.25 threshold=0.5,8733.343970,—,—,cuDNN Backend pointwise graph,warm mean of 10 calls after 3 warmups,Jetson Orin sm87 MAXN CUDA 12.6 cuDNN,generic nine-node graph active; both threshold paths exercised; max error 8.9407e-08
aten_nested_sum_dim_cpu,EXECUTED,PASS,rows=65536 cols=128 irregular lengths,11916.352539,—,—,CUB DeviceSegmentedReduce with per-row end offsets,warm mean of 5 calls after 3 warmups,Jetson Orin sm87 MAXN CUDA 12.6 CUB,full length-bounded segmented sum; zero errors
aten_nested_all_cpu,EXECUTED,PASS,rows=65536 cols=128 irregular lengths,12831.706055,—,—,CUB DeviceSegmentedReduce logical AND with per-row end offsets,warm mean of 5 calls after 3 warmups,Jetson Orin sm87 MAXN CUDA 12.6 CUB,full length-bounded segmented all; zero errors
aten_sum_cpu_backend,EXECUTED,PASS,R=16 K=64,1.270400,—,—,cubSegmentedSum_f32_memref,median of 3 process warm means; 10 timed calls/process,Jetson Orin sm87 MAXN CUDA 12.6,current matcher and lowering revalidated 2026-09-05; zero errors; mapped host-pointer GPU execution
aten_min_values_cpu,EXECUTED,PASS,R=32 K=64,8.313600,—,—,cubSegmentedMin_f32_memref,median of 3 process warm means; 10 timed calls/process,Jetson Orin sm87 MAXN CUDA 12.6,current matcher and lowering revalidated 2026-09-05; zero errors; mapped host-pointer GPU execution
aten_max_values_cpu,EXECUTED,PASS,R=32 K=64,8.361600,—,—,cubSegmentedMax_f32_memref,median of 3 process warm means; 10 timed calls/process,Jetson Orin sm87 MAXN CUDA 12.6,current matcher and lowering revalidated 2026-09-05; zero errors; mapped host-pointer GPU execution
aten_xor_sum_cpu,EXECUTED,PASS,rows=65536 cols=128,11875.987305,—,—,CUB DeviceSegmentedReduce bitwise XOR,warm mean of 5 calls after 3 warmups,Jetson Orin sm87 MAXN CUDA 12.6 CUB,full fixed-width row XOR; zero errors
aten_conv_transpose3d_cpu,EXECUTED,PASS,C=8 O=16 D=32 H=32 W=32 K=3,55289.977600,—,—,cuDNN ConvolutionBackwardData ND,median of 3 process warm means; 10 timed calls/process,Jetson Orin sm87 MAXN CUDA 12.6 cuDNN,expanded-submap whole 3D transposed convolution revalidated 2026-09-05 with FMA math; errors=0 max_error=2.28882e-05; mapped host-pointer GPU execution
aten_slow_conv3d_backward_input_cpu,EXECUTED,PASS,C=8 O=16 D=32 H=32 W=32 K=3,31632.323200,—,—,cuDNN ConvolutionBackwardData ND,median of 3 process warm means; 10 timed calls/process,Jetson Orin sm87 MAXN CUDA 12.6 cuDNN,expanded-submap whole slow-conv3d input gradient revalidated 2026-09-05 with FMA math; errors=0 max_error=2.67029e-05; mapped host-pointer GPU execution
aten_conv_transpose3d_grad_weight_cpu,EXECUTED,PASS,C=8 O=16 D=32 H=32 W=32 K=3,12560.739200,—,—,cuDNN ConvolutionBackwardFilter ND,median of 3 process warm means; 10 timed calls/process,Jetson Orin sm87 MAXN CUDA 12.6 cuDNN,expanded-submap whole transposed-convolution filter gradient revalidated 2026-09-05 with FMA math; errors=0 max_error=0.00254059; reordered semantic operands
aten_slow_conv3d_backward_weight_cpu,EXECUTED,PASS,C=8 O=16 D=32 H=32 W=32 K=3,16694.035200,—,—,cuDNN ConvolutionBackwardFilter ND,median of 3 process warm means; 10 timed calls/process,Jetson Orin sm87 MAXN CUDA 12.6 cuDNN,expanded-submap whole slow-conv3d filter gradient revalidated 2026-09-05 with FMA math; errors=0 max_error=0; mapped host-pointer GPU execution
aten_conv_tbc_backward_cpu,EXECUTED,PASS,T=4094 B=16 I=32 O=64 K=3,18283.571200,—,—,cuDNN TransformTensor plus ConvolutionBackwardData plus TransformTensor,median of 3 process warm means; 10 timed calls/process,Jetson Orin sm87 MAXN CUDA 12.6 cuDNN,expanded-submap whole TBC input gradient revalidated 2026-09-05 with FMA math; errors=0 max_error=3.05176e-05; mapped host-pointer GPU execution
aten_sort_cpu,EXECUTED,PASS,rows=32768 cols=256,171052.859375,—,—,CUB DeviceSegmentedRadixSort SortPairsDescending,warm mean of 5 calls after 3 warmups,Jetson Orin sm87 MAXN CUDA 12.6 CUB,8.39M elements; all values and stable original indices checked including ties; zero errors
aten_topk_cpu,EXECUTED,PASS,rows=32768 cols=256 top=16,147537.656250,—,—,CUB segmented descending radix sort plus prefix gather,warm mean of 5 calls after 3 warmups,Jetson Orin sm87 MAXN CUDA 12.6 CUB,all top-k values and stable original indices checked including ties; zero errors
aten_segment_reduce_lengths_cpu,EXECUTED,PASS,N=8388358 segments=65536,9689.906250,—,—,CUB variable-offset DeviceSegmentedReduce,warm mean across sum mean max and min modes after 3 warmups each,Jetson Orin sm87 MAXN CUDA 12.6 CUB,all four modes and all segment outputs checked; zero errors; maximum absolute error 7.15256e-07
aten_bilinear_cpu,EXECUTED,PASS,B=8 I=16 J=20 O=24,116.534400,—,—,cutensornetNetwork_f32_n3_aten,median of 3 process warm means; 10 timed calls/process,Jetson Orin sm87 MAXN CUDA 12.6,current matcher and lowering revalidated 2026-09-05; zero errors; mapped host-pointer GPU execution
aten_trilinear_cpu,EXECUTED,PASS,B=8 I=16 J=20 K=24,115.299200,—,—,cutensornetNetwork_f32_n3_aten,median of 3 process warm means; 10 timed calls/process,Jetson Orin sm87 MAXN CUDA 12.6,current matcher and lowering revalidated 2026-09-05; zero errors; mapped host-pointer GPU execution
aten_sparse_addmv_csr_cpu,EXECUTED,PASS,R=65536 C=65536 N=4194304,6599.436799,991.200001,6.658027,cusparseSpMV_CSR_f32_memref,median of 3 process warm means and resident best-of-20 timings,Jetson Orin sm87 MAXN CUDA 12.6 cuSPARSE,complete tensorized affine/scf CSR reduction recognized as fixed cuSPARSE SpMV; host and device-resident paths errors=0 max_error=4.76837e-06
aten_sparse_csr_addmm_cpu,EXECUTED,PASS,R=65536 K=65536 C=64 N=4194304,34844.960000,16970.464001,2.053271,cusparseSpMM_CSR_f32_memref,median of 3 process warm means and resident best-of-20 timings,Jetson Orin sm87 MAXN CUDA 12.6 cuSPARSE,complete tensorized affine/scf CSR matrix-dense matrix reduction recognized as fixed cuSPARSE SpMM; host and device-resident paths errors=0 max_error=2.86102e-06
aten_sparse_addmm_cpu,EXECUTED,PASS,R=64 C=4096 N=4096,2061.603200,351.135998,5.871239,cusparseSpMM_COO_f32_memref,median of 3 process warm means and resident best-of-20 timings,Jetson Orin sm87 MAXN CUDA 12.6 cuSPARSE,complete Linalg zero-fill plus tensorized affine COO matrix-dense update recognized as fixed cuSPARSE SpMM; host and device-resident paths errors=0 max_error=6.67572e-06
aten_hspmm_cpu,EXECUTED,PASS,R=64 C=4096 N=4096,2057.155200,353.312000,5.822489,cusparseSpMM_COO_f32_memref,median of 3 process warm means and resident best-of-20 timings,Jetson Orin sm87 MAXN CUDA 12.6 cuSPARSE,complete Linalg zero-fill plus tensorized affine COO matrix-dense update recognized as fixed cuSPARSE SpMM; host and device-resident paths errors=0 max_error=6.67572e-06
aten_sparse_addmv_bsr_cpu,EXECUTED,PASS,R=4096 C=4096 BR=4 BC=4 N=262144,2748.441600,2260.832001,1.215677,cusparseSpMM_BSR_f32_memref,median of 3 process warm means and resident best-of-20 timings,Jetson Orin sm87 MAXN CUDA 12.6 cuSPARSE,complete structured square-BSR block reduction recognized as cuSPARSE BSR SpMM with a one-column dense operand; host and device-resident paths errors=0 max_error=0
aten_sampled_addmm_sparse_csr_cpu,EXECUTED,PASS,R=4096 K=512 C=4096 NNZ=262144,53650.092800,19264.608002,2.784904,cusparseSDDMM_CSR_f32_memref,median of 3 process warm means and resident best-of-20 timings,Jetson Orin sm87 MAXN CUDA 12.6 cuSPARSE,complete affine/scf CSR traversal plus Linalg dot reduction and alpha-beta epilogue recognized as fixed cuSPARSE SDDMM; host and device-resident paths errors=0 max_error=2.86102e-05
aten_convert_coo_to_csr_cpu,EXECUTED,PASS,N=4194304 R=65536,993.958400,963.743999,1.031351,cusparseXcoo2csr_i32_memref,median of 5 sequential process warm means and resident best-of-20 timings,Jetson Orin sm87 MAXN CUDA 12.6 cuSPARSE,complete sorted COO row-index traversal recognized as fixed cuSPARSE COO-to-CSR conversion; host and device-resident paths errors=0 max_error=0
aten_sparse_coo_to_csr_cpu,EXECUTED,PASS,N=4194304 R=65536,956.457600,574.591999,1.664586,cusparseXcoo2csr_i32_memref,median of 5 sequential process warm means and resident best-of-20 timings,Jetson Orin sm87 MAXN CUDA 12.6 cuSPARSE,complete sorted COO row-index traversal recognized as fixed cuSPARSE COO-to-CSR conversion; host and device-resident paths errors=0 max_error=0
aten_convert_csr_to_coo_cpu,EXECUTED,PASS,N=4194304 R=65536,1282.480000,856.863998,1.496714,cusparseXcsr2coo_i32_memref,median of 5 sequential process warm means and resident best-of-20 timings,Jetson Orin sm87 MAXN CUDA 12.6 cuSPARSE,complete CSR row-offset traversal recognized as fixed cuSPARSE CSR-to-COO row-index conversion; host and device-resident paths errors=0 max_error=0
aten_sparse_matmul_csr_to_coo_cpu,EXECUTED,PASS,N=4194304 R=65536,1290.659201,846.688000,1.524362,cusparseXcsr2coo_i32_memref,median of 5 sequential process warm means and resident best-of-20 timings,Jetson Orin sm87 MAXN CUDA 12.6 cuSPARSE,complete CSR row-offset traversal recognized as fixed cuSPARSE CSR-to-COO row-index conversion; host and device-resident paths errors=0 max_error=0
aten_quant_col_offsets_cpu,EXECUTED,PASS,K=1048576 N=48,19265.692801,6488.127998,2.969376,cubQuantColOffsets_i8_i32_memref,median of 5 sequential process warm means and resident best-of-20 timings,Jetson Orin sm87 MAXN CUDA 12.6 CUB,complete three-Linalg signed-i8 column reduction plus zero-point offset recognized as CUB DeviceSegmentedReduce with a transform iterator; host and device-resident paths errors=0 max_error=0
aten_diff_cpu,EXECUTED,PASS,N=16777216,27680.828801,6678.464001,4.144786,cubAdjacentDifference_f32_memref,median of 5 sequential process warm means and resident best-of-20 timings,Jetson Orin sm87 MAXN CUDA 12.6 CUB,complete shifted-slice subtraction recognized as CUB DeviceAdjacentDifference SubtractLeftCopy plus boundary-eliding runtime copy; host and device-resident paths errors=0 max_error=0
aten_embedding_bag_counts_cpu,EXECUTED,PASS,N=16777216 E=65536,21047.926400,7761.439999,2.711858,cubHistogramEvenI32ShiftZero_memref,median of 5 sequential process warm means and resident best-of-20 timings,Jetson Orin sm87 MAXN CUDA 12.6 CUB,complete zero-fill plus tensor-carried indirect count recognized as bounded CUB DeviceHistogram; host and device-resident paths errors=0 max_error=0
aten_upsample_bilinear2d,EXECUTED,PASS,B=4096 C=3 H=4 W=4,6388.454400,5472.800003,1.167310,cudnnBilinearUpsample2x_f32_r4,median of 5 sequential process warm means and resident best-of-20 timings,Jetson Orin sm87 MAXN CUDA 12.6 cuDNN,complete aligned 2x half-pixel edge-clamped interpolation recognized as cuDNN Backend ResampleFwd; NCHW channel planes are legally presented as one-channel NHWC images; host and device-resident paths errors=0 max_error=1.19209e-07
aten_compressed_block_convert_cpu,EXECUTED,PASS,R=2048 C=2048 BR=4 BC=4,2071.513601,2047.680000,1.011639,cutensorPermute_f32_r4_tensor,median of 5 sequential process warm means and resident best-of-20 timings,Jetson Orin sm87 MAXN CUDA 12.6 cuTENSOR,complete dense-to-block-major layout transform recognized as rank-4 cuTENSOR mode permutation over a zero-copy strided reshape; host and device-resident paths errors=0 max_error=0
aten_nansum_cpu,EXECUTED,PASS,R=131072 K=64,15751.030400,6562.591999,2.400123,cubSegmentedNanSum_f32_memref,median of 5 sequential process warm means and resident best-of-20 timings,Jetson Orin sm87 MAXN CUDA 12.6 CUB,complete zero-fill plus NaN-filtered row reduction recognized as CUB DeviceSegmentedReduce with a transform iterator; host and device-resident paths errors=0 max_error=7.62939e-06
