2mm,0,2026-09-05T13:33:42-07:00,2026-09-05T13:33:53-07:00
3mm,0,2026-09-05T13:33:53-07:00,2026-09-05T13:34:08-07:00
adi,3,2026-09-05T13:34:08-07:00,2026-09-05T13:34:08-07:00
atax,0,2026-09-05T13:34:08-07:00,2026-09-05T13:34:09-07:00
bicg,0,2026-09-05T13:34:09-07:00,2026-09-05T13:34:10-07:00
cholesky,0,2026-09-05T13:34:10-07:00,2026-09-05T13:37:11-07:00
correlation,4,2026-09-05T13:37:11-07:00,2026-09-05T13:38:08-07:00
covariance,0,2026-09-05T13:38:08-07:00,2026-09-05T13:38:52-07:00
deriche,0,2026-09-05T13:38:52-07:00,2026-09-05T13:39:22-07:00
doitgen,0,2026-09-05T13:39:22-07:00,2026-09-05T13:39:37-07:00
durbin,3,2026-09-05T13:39:37-07:00,2026-09-05T13:39:37-07:00
fdtd-2d,0,2026-09-05T13:39:37-07:00,2026-09-05T13:39:57-07:00
floyd-warshall,0,2026-09-05T13:39:57-07:00,2026-09-05T13:41:39-07:00
gemver,0,2026-09-05T13:41:39-07:00,2026-09-05T13:41:41-07:00
gesummv,0,2026-09-05T13:41:41-07:00,2026-09-05T13:41:42-07:00
gramschmidt,0,2026-09-05T13:41:42-07:00,2026-09-05T13:42:50-07:00
heat-3d,0,2026-09-05T13:42:50-07:00,2026-09-05T13:43:29-07:00
jacobi-1d,0,2026-09-05T13:43:29-07:00,2026-09-05T13:43:30-07:00
jacobi-2d,0,2026-09-05T13:43:30-07:00,2026-09-05T13:43:42-07:00
lu,0,2026-09-05T13:43:42-07:00,2026-09-05T13:46:43-07:00
ludcmp,3,2026-09-05T13:46:43-07:00,2026-09-05T13:46:43-07:00
mvt,0,2026-09-05T13:46:43-07:00,2026-09-05T13:46:44-07:00
nussinov,3,2026-09-05T13:46:44-07:00,2026-09-05T13:46:45-07:00
seidel-2d,3,2026-09-05T13:46:45-07:00,2026-09-05T13:46:45-07:00
symm,0,2026-09-05T13:46:45-07:00,2026-09-05T13:47:01-07:00
syr2k,0,2026-09-05T13:47:01-07:00,2026-09-05T13:47:28-07:00
syrk,0,2026-09-05T13:47:28-07:00,2026-09-05T13:47:40-07:00
trisolv,0,2026-09-05T13:47:40-07:00,2026-09-05T13:47:41-07:00
trmm,0,2026-09-05T13:47:41-07:00,2026-09-05T13:47:59-07:00
