kernel,base_op,status
aten_abs,abs,covered
aten_acos,acos,covered
aten_acosh,acosh,covered
aten_adaptive_avg_pool2d,adaptive_avg_pool2d,covered
aten_adaptive_avg_pool2d_backward_cpu,adaptive_avg_pool2d,covered
aten_adaptive_avg_pool2d_cpu,adaptive_avg_pool2d,covered
aten_adaptive_avg_pool3d,adaptive_avg_pool3d,missing
aten_adaptive_avg_pool3d_backward_cpu,adaptive_avg_pool3d,missing
aten_adaptive_avg_pool3d_cpu,adaptive_avg_pool3d,missing
aten_adaptive_max_pool2d_backward_cpu,adaptive_max_pool2d,covered
aten_adaptive_max_pool2d_cpu,adaptive_max_pool2d,covered
aten_adaptive_max_pool3d_backward_cpu,adaptive_max_pool3d,covered
aten_adaptive_max_pool3d_cpu,adaptive_max_pool3d,covered
aten_adaptive_max_pool3d_legacy_backward_cpu,adaptive_max_pool3d,covered
aten_adaptive_max_pool3d_legacy_cpu,adaptive_max_pool3d,covered
aten_add,add,covered
aten_add_clamp,add_clamp,covered
aten_addcdiv,addcdiv,covered
aten_addcmul,addcmul,covered
aten_addmm,addmm,covered
aten_addr_elementwise,addr_elementwise,covered
aten_airy_ai,airy_ai,missing
aten_aminmax_allreduce_cpu,aminmax,missing
aten_aminmax_cpu,aminmax,missing
aten_amp_update_scale_cpu,amp_update_scale,covered
aten_angle_complex_scalarized,angle_complex,covered
aten_angle_real,angle_real,covered
aten_arange_cpu,arange,covered
aten_argmax_cpu,argmax,covered
aten_argmin_cpu,argmin,covered
aten_as_complex_cpu,as_complex,covered
aten_asin,asin,covered
aten_asinh,asinh,covered
aten_atan,atan,covered
aten_atan2,atan2,covered
aten_atanh,atanh,covered
aten_avg_pool2d,avg_pool2d,covered
aten_avg_pool2d_backward_cpu,avg_pool2d,covered
aten_avg_pool2d_cpu,avg_pool2d,covered
aten_avg_pool3d,avg_pool3d,missing
aten_avg_pool3d_backward_cpu,avg_pool3d,missing
aten_avg_pool3d_cpu,avg_pool3d,missing
aten_batch_norm,batch_norm,covered
aten_batch_norm_backward_cpu,batch_norm,covered
aten_batch_norm_backward_template_cpu,batch_norm,covered
aten_batch_norm_cpu_entry,batch_norm_cpu_entry,covered
aten_batch_norm_stats_cpu,batch_norm_stats,covered
aten_batch_norm_transform_cpu,batch_norm,covered
aten_bernoulli_scalar_cpu,bernoulli,covered
aten_bernoulli_tensor_cpu,bernoulli,covered
aten_bessel_j0,bessel_j0,covered
aten_bessel_j1,bessel_j1,covered
aten_bessel_y0,bessel_y0,covered
aten_bessel_y1,bessel_y1,covered
aten_bilinear_cpu,bilinear,covered
aten_binary_cross_entropy,binary_cross_entropy,covered
aten_bincount_cpu,bincount,covered
aten_binomial_transform_cpu,binomial,missing
aten_bitwise_and_i32,bitwise_and_i32,covered
aten_bitwise_not_i32,bitwise_not_i32,covered
aten_bitwise_or_i32,bitwise_or_i32,covered
aten_bitwise_xor_i32,bitwise_xor_i32,covered
aten_blas_scale_cpu,blas_scale,covered
aten_blas_sum_cpu,blas_sum,covered
aten_block_diag_cpu,block_diag,covered
aten_bmm,bmm,covered
aten_cauchy_cpu,cauchy,covered
aten_cdist_backward_cpu,cdist,covered
aten_cdist_cpu,cdist,covered
aten_ceil,ceil,covered
aten_chebyshev_polynomial_t,chebyshev_polynomial_t,covered
aten_chebyshev_polynomial_u,chebyshev_polynomial_u,covered
aten_chebyshev_polynomial_v,chebyshev_polynomial_v,covered
aten_chebyshev_polynomial_w,chebyshev_polynomial_w,covered
aten_circular_pad_cpu,circular_pad,covered
aten_clamp,clamp,covered
aten_clamp_cpu,clamp,covered
aten_clamp_max_scalar_cpu,clamp_max,covered
aten_clamp_min_scalar_cpu,clamp_min,covered
aten_clamp_scalar_cpu,clamp,covered
aten_coalesce_sparse_cpu,coalesce_sparse,covered
aten_col2im_cpu,col2im,covered
aten_complex_scalarized,complex,covered
aten_conj_complex_scalarized,conj_complex,covered
aten_constant_pad_nd_cpu,constant_pad_nd,covered
aten_conv1d,conv1d,covered
aten_conv2d,conv2d,covered
aten_conv2d_columns_cpu,conv2d,covered
aten_conv3d,conv3d,covered
aten_conv3d_columns_cpu,conv3d,covered
aten_conv_tbc_backward_cpu,conv_tbc,missing
aten_conv_tbc_cpu,conv_tbc,missing
aten_conv_transpose2d,conv_transpose2d,missing
aten_conv_transpose3d_backward_cpu,conv_transpose3d,missing
aten_conv_transpose3d_cpu,conv_transpose3d,missing
aten_conv_transpose3d_grad_weight_cpu,conv_transpose3d,missing
aten_copy_cpu,copy,covered
aten_copy_tensor_array_cpu,copy_tensor_array,covered
aten_copysign,copysign,covered
aten_cos,cos,covered
aten_cosh,cosh,covered
aten_count_nonzero_cpu,count_nonzero,missing
aten_count_nonzero_impl_cpu,count_nonzero,missing
aten_cross,cross,covered
aten_cross_cpu_backend,cross_cpu_backend,covered
aten_ctc_loss_backward_cpu,ctc_loss,missing
aten_ctc_loss_cpu,ctc_loss,missing
aten_cummax_cummin_cpu,cummax_cummin,covered
aten_cumprod_backward_cpu,cumprod,covered
aten_cumprod_cpu,cumprod,covered
aten_cumsum,cumsum,covered
aten_dense_sparse_add_cpu,dense_sparse_add,covered
aten_depthwise_conv3x3_cpu,depthwise_conv3x3,covered
aten_digamma,digamma,covered
aten_dilated_convolution_cpu,dilated_convolution,covered
aten_dirichlet_grad_cpu,dirichlet_grad,covered
aten_dirichlet_transform_cpu,dirichlet,covered
aten_div,div,covered
aten_div_floor,div_floor,covered
aten_div_trunc,div_trunc,covered
aten_dot,dot,missing
aten_eig_complex_vectors_cpu,eig_complex_vectors,covered
aten_elu,elu,covered
aten_elu_backward,elu,covered
aten_embedding,embedding,covered
aten_embedding_bag_backward_max_cpu,embedding_bag_backward_max,covered
aten_embedding_bag_backward_sum_cpu,embedding_bag_backward_sum,covered
aten_embedding_bag_counts_cpu,embedding_bag_counts,covered
aten_embedding_bag_counts_uniq_cpu,embedding_bag_counts_uniq,covered
aten_embedding_bag_max_cpu,embedding_bag_max,covered
aten_embedding_bag_per_sample_backward_cpu,embedding_bag_per_sample,covered
aten_eq,eq,covered
aten_equal_cpu,equal,covered
aten_erf,erf,covered
aten_erfc,erfc,covered
aten_erfcx,erfcx,covered
aten_erfinv,erfinv,covered
aten_exp,exp,covered
aten_exp2,exp2,covered
aten_expm1,expm1,covered
aten_exponential_cpu,exponential,covered
aten_eye_cpu,eye,covered
aten_fft_conjugate_symmetry_cpu,fft_conjugate_symmetry,covered
aten_fftshift_cpu,fftshift,covered
aten_fill,fill,covered
aten_fill_diagonal_cpu,fill_diagonal,covered
aten_flatten_indices_launch_cpu,flatten_indices_launch,missing
aten_floor,floor,covered
aten_fmax,fmax,covered
aten_fmin,fmin,covered
aten_fmod,fmod,covered
aten_frac,frac,covered
aten_fractional_max_pool2d_backward_cpu,fractional_max_pool2d,covered
aten_fractional_max_pool2d_cpu,fractional_max_pool2d,covered
aten_fractional_max_pool3d_backward_cpu,fractional_max_pool3d,covered
aten_fractional_max_pool3d_cpu,fractional_max_pool3d,covered
aten_fused_adagrad_cpu,fused_adagrad,covered
aten_fused_adam_cpu,fused_adam,covered
aten_fused_sgd_cpu,fused_sgd,covered
aten_gamma_transform_cpu,gamma,covered
aten_gather_cpu,gather,covered
aten_gather_expanded_index_cpu,gather_expanded_index,covered
aten_gcd_i32,gcd_i32,covered
aten_ge,ge,covered
aten_gelu,gelu,covered
aten_gelu_backward_cpu_exact,gelu_backward_cpu_exact,covered
aten_gelu_backward_cpu_tanh,gelu_backward_cpu_tanh,covered
aten_gelu_cpu_exact,gelu_cpu_exact,covered
aten_gelu_cpu_tanh,gelu_cpu_tanh,covered
aten_geometric_cpu,geometric,covered
aten_glu,glu,covered
aten_glu_backward,glu,covered
aten_glu_jvp,glu_jvp,covered
aten_gradient_cpu,gradient,missing
aten_grid_sampler_2d_backward_cpu,grid_sampler_2d,covered
aten_grid_sampler_2d_cpu,grid_sampler_2d,covered
aten_grid_sampler_2d_fallback_cpu,grid_sampler_2d_fallback,covered
aten_grid_sampler_2d_quantized_cpu,grid_sampler_2d_quantized,covered
aten_grid_sampler_3d_backward_cpu,grid_sampler_3d,covered
aten_grid_sampler_3d_cpu,grid_sampler_3d,covered
aten_group_norm_backward_cpu,group_norm,covered
aten_group_norm_cpu,group_norm,covered
aten_gt,gt,covered
aten_hardshrink,hardshrink,covered
aten_hardsigmoid,hardsigmoid,covered
aten_hardsigmoid_backward,hardsigmoid,covered
aten_hardswish,hardswish,covered
aten_hardswish_backward,hardswish,covered
aten_hardtanh,hardtanh,covered
aten_hardtanh_backward,hardtanh,covered
aten_heaviside,heaviside,covered
aten_hermite_polynomial_h,hermite_polynomial_h,covered
aten_hermite_polynomial_he,hermite_polynomial_he,covered
aten_host_softmax_backward_cpu,host_softmax,covered
aten_host_softmax_cpu,host_softmax,covered
aten_hspmm_cpu,hspmm,covered
aten_huber_backward,huber,covered
aten_huber_elementwise,huber_elementwise,covered
aten_hypot,hypot,covered
aten_i0,i0,covered
aten_ifftshift_cpu,ifftshift,covered
aten_igamma,igamma,covered
aten_igammac,igammac,covered
aten_im2col,im2col,covered
aten_index_copy_cpu,index_copy,covered
aten_index_cpu,index,covered
aten_index_fill_cpu,index_fill,covered
aten_index_put_cpu,index_put,covered
aten_index_put_impl_cpu,index_put,covered
aten_index_reduce_impl_cpu,index_reduce,covered
aten_index_select_dim1_cpu,index_select_dim1,covered
aten_index_select_out_cpu,index,covered
aten_index_select_sparse_cpu,index_select_sparse,covered
aten_int4pack_mm_cpu,int4pack_mm,covered
aten_int8pack_mm_cpu,int8pack_mm,covered
aten_int_mm_out_cpu,int_mm,covered
aten_isin_default_cpu,isin_default,covered
aten_isneginf,isneginf,covered
aten_isposinf,isposinf,covered
aten_jagged_to_padded_cpu,jagged_to_padded,covered
aten_kaiser_window,kaiser_window,covered
aten_kthvalue_cpu,kthvalue,missing
aten_laguerre_polynomial_l,laguerre_polynomial_l,covered
aten_layer_norm,layer_norm,covered
aten_layer_norm_backward_cpu,layer_norm,covered
aten_layer_norm_cpu_backend,layer_norm_cpu_backend,covered
aten_lcm_i32,lcm_i32,covered
aten_ldexp,ldexp,covered
aten_le,le,covered
aten_leaky_relu,leaky_relu,covered
aten_legendre_polynomial_p,legendre_polynomial_p,covered
aten_lerp,lerp,covered
aten_lerp_scalar,lerp,covered
aten_lerp_scalar_cpu,lerp,covered
aten_lerp_tensor_cpu,lerp,covered
aten_lgamma,lgamma,covered
aten_linalg_powsum_cpu,linalg_powsum,covered
aten_linear_combination_cpu,linear_combination,covered
aten_linspace,linspace,covered
aten_log,log,covered
aten_log10,log10,covered
aten_log1p,log1p,covered
aten_log2,log2,covered
aten_log_ndtr,log_ndtr,covered
aten_log_normal_cpu,log_normal,covered
aten_log_sigmoid_backward_cpu,log_sigmoid,covered
aten_log_sigmoid_cpu,log_sigmoid,covered
aten_logaddexp,logaddexp,covered
aten_logaddexp2,logaddexp2,covered
aten_logcumsumexp_cpu,logcumsumexp,covered
aten_logical_and,logical_and,covered
aten_logical_not_f32,logical_not_f32,covered
aten_logical_or,logical_or,covered
aten_logical_xor,logical_xor,covered
aten_logit,logit,covered
aten_logit_backward,logit,covered
aten_logspace_cpu,logspace,covered
aten_lower_bound_cpu,lower_bound,missing
aten_lshift_i32,lshift_i32,covered
aten_lt,lt,covered
aten_masked_fill_cpu,masked_fill,covered
aten_masked_scale,masked_scale,covered
aten_masked_scatter_backward_cpu,masked_scatter,covered
aten_masked_scatter_cpu,masked_scatter,covered
aten_masked_select_cpu,masked,covered
aten_masked_select_serial_cpu,masked,covered
aten_max_all_cpu,max_all,covered
aten_max_pool2d,max_pool2d,covered
aten_max_pool3d_backward_cpu,max_pool3d,covered
aten_max_pool3d_cpu,max_pool3d,covered
aten_max_reduce_cpu,max_reduce,missing
aten_max_unpool2d_cpu,max_unpool2d,missing
aten_max_unpool3d_cpu,max_unpool3d,missing
aten_max_unpool_backward_cpu,max_unpool,missing
aten_max_values_cpu,max_values,missing
aten_maximum,maximum,covered
aten_mean,mean,covered
aten_median_indices_cpu,median_indices,missing
aten_min_all_cpu,min_all,covered
aten_min_reduce_cpu,min_reduce,missing
aten_min_values_cpu,min_values,missing
aten_minimum,minimum,covered
aten_mish,mish,covered
aten_mish_backward,mish,covered
aten_mm,mm,covered
aten_mode_cpu,mode,missing
aten_modified_bessel_i0,modified_bessel_i0,covered
aten_modified_bessel_i1,modified_bessel_i1,covered
aten_modified_bessel_k0,modified_bessel_k0,covered
aten_modified_bessel_k1,modified_bessel_k1,covered
aten_mse_backward,mse,covered
aten_mse_elementwise,mse_elementwise,covered
aten_mse_loss,mse_loss,covered
aten_mul,mul,covered
aten_multi_margin_loss_backward_cpu,multi_margin_loss,covered
aten_multi_margin_loss_cpu,multi_margin_loss,covered
aten_multilabel_margin_loss_backward_cpu,multilabel_margin_loss,covered
aten_multilabel_margin_loss_forward_cpu,multilabel_margin_loss,covered
aten_multinomial_with_replacement_cpu,multinomial_with_replacement,covered
aten_mv,mv,covered
aten_nan_to_num,nan_to_num,covered
aten_nansum_cpu,nansum,covered
aten_narrow_copy_dense_cpu,narrow_copy_dense,covered
aten_ndtri,ndtri,covered
aten_ne,ne,covered
aten_neg,neg,covered
aten_nested_clone_cpu,nested_clone,covered
aten_nested_matmul_broadcast_cpu,nested_matmul_broadcast,covered
aten_nested_select_cpu,nested,covered
aten_nested_softmax_cpu,nested_softmax,covered
aten_nested_squeeze_cpu,nested_squeeze,covered
aten_nextafter,nextafter,covered
aten_nll_loss2d_backward_cpu,nll_loss2d,covered
aten_nll_loss2d_forward_cpu,nll_loss2d,covered
aten_nll_loss_backward_cpu,nll_loss,covered
aten_nll_loss_forward_cpu,nll_loss,covered
aten_nonzero_out_cpu,nonzero,missing
aten_norm_cpu,norm,covered
aten_normal_cpu,normal,covered
aten_or_reduce_cpu,or_reduce,missing
aten_outer,outer,missing
aten_padded_to_jagged_cpu,padded_to_jagged,covered
aten_pdist_backward_cpu,pdist,covered
aten_pdist_forward_cpu,pdist,covered
aten_permute_sparse_coo_cpu,permute_sparse_coo,missing
aten_pixel_shuffle,pixel_shuffle,covered
aten_pixel_shuffle_cpu_backend,pixel_shuffle_cpu_backend,covered
aten_pixel_unshuffle_cpu_backend,pixel_unshuffle_cpu_backend,covered
aten_poisson_transform_cpu,poisson,covered
aten_polar_scalarized,polar,covered
aten_polygamma,polygamma,covered
aten_pow,pow,covered
aten_pow_tensor_scalar,pow,covered
aten_powsum_cpu,powsum,covered
aten_prod,prod,covered
aten_put_cpu,put,missing
aten_random_cpu,random,missing
aten_random_from_to_cpu,random,missing
aten_random_full_64_bits_range_cpu,random,missing
aten_randperm_cpu,randperm,missing
aten_range_out_cpu,range,covered
aten_reciprocal,reciprocal,covered
aten_reflection_pad1d_backward_cpu,reflection_pad1d,covered
aten_reflection_pad1d_cpu,reflection_pad1d,covered
aten_reflection_pad2d,reflection_pad2d,covered
aten_reflection_pad2d_backward_cpu,reflection_pad2d,covered
aten_reflection_pad2d_cpu,reflection_pad2d,covered
aten_reflection_pad3d_backward_cpu,reflection_pad3d,covered
aten_reflection_pad3d_cpu,reflection_pad3d,covered
aten_relu,relu,covered
aten_remainder,remainder,covered
aten_renorm_scale_factor,renorm_scale_factor,covered
aten_repeat_compute_cpu,repeat_compute,covered
aten_repeat_tensor_shape_cpu,repeat_tensor_shape,covered
aten_replication_pad1d_backward_cpu,replication_pad1d,covered
aten_replication_pad1d_cpu,replication_pad1d,covered
aten_replication_pad2d,replication_pad2d,covered
aten_replication_pad2d_backward_cpu,replication_pad2d,covered
aten_replication_pad2d_cpu,replication_pad2d,covered
aten_replication_pad3d_backward_cpu,replication_pad3d,covered
aten_replication_pad3d_cpu,replication_pad3d,covered
aten_rms_norm,rms_norm,covered
aten_round,round,covered
aten_round_decimals,round_decimals,covered
aten_rshift_i32,rshift_i32,missing
aten_rsqrt,rsqrt,covered
aten_scaled_modified_bessel_k0,scaled_modified_bessel_k0,covered
aten_scaled_modified_bessel_k1,scaled_modified_bessel_k1,covered
aten_scatter_add_cpu,scatter_add,covered
aten_scatter_add_expanded_index_cpu,scatter_add_expanded_index,covered
aten_scatter_cpu,scatter,covered
aten_scatter_fill_cpu,scatter_fill,covered
aten_scatter_reduce_cpu,scatter_reduce,covered
aten_scatter_reduce_expanded_index_cpu,scatter_reduce_expanded_index,covered
aten_scatter_reduce_two_cpu,scatter_reduce_two,covered
aten_scatter_scalar_reduce_cpu,scatter_scalar_reduce,covered
aten_searchsorted_cpu,searchsorted,covered
aten_segment_reduce_lengths_backward_cpu,segment_reduce_lengths,covered
aten_segment_reduce_lengths_cpu,segment_reduce_lengths,covered
aten_sgn_complex_scalarized,sgn_complex,covered
aten_shrink_backward,shrink,covered
aten_sigmoid,sigmoid,covered
aten_sigmoid_backward,sigmoid,covered
aten_sign,sign,covered
aten_signbit,signbit,covered
aten_silu,silu,covered
aten_silu_backward,silu,covered
aten_silu_cpu,silu,covered
aten_sin,sin,covered
aten_sinc,sinc,covered
aten_sinh,sinh,covered
aten_smooth_l1_backward,smooth_l1,covered
aten_smooth_l1_elementwise,smooth_l1_elementwise,covered
aten_softmax,softmax,covered
aten_softplus,softplus,covered
aten_softplus_backward,softplus,covered
aten_softshrink,softshrink,covered
aten_sort_cpu,sort,covered
aten_sparse_add_values_cpu,sparse_add_values,covered
aten_sparse_addmv_bsr_cpu,sparse_addmv_bsr,covered
aten_sparse_addmv_csr_cpu,sparse_addmv_csr,covered
aten_sparse_csr_add_dense_cpu,sparse_csr_add_dense,covered
aten_sparse_csr_addmm_cpu,sparse_csr_addmm,covered
aten_sparse_full_coo_indices_cpu,sparse_full_coo_indices,missing
aten_sparse_intersection_apply_cpu,sparse_intersection_apply,missing
aten_sparse_intersection_launch_cpu,sparse_intersection_launch,missing
aten_sparse_mul_cpu,sparse_mul,covered
aten_sparse_norm_cpu,sparse_norm,covered
aten_sparse_sum_backward_cpu,sparse_sum,covered
aten_sparse_sum_cpu,sparse_sum,covered
aten_spherical_bessel_j0,spherical_bessel_j0,covered
aten_split_copy_cpu,split_copy,covered
aten_sqrt,sqrt,covered
aten_square,square,missing
aten_sspaddmm_cpu,sspaddmm,covered
aten_stack_serial_cpu,stack,missing
aten_standard_gamma_grad_cpu,standard_gamma_grad,covered
aten_std_var_cpu,std_var,covered
aten_sum,sum,covered
aten_sum_cpu_backend,sum_cpu_backend,covered
aten_tan,tan,missing
aten_tanh,tanh,covered
aten_tanh_backward,tanh,covered
aten_threshold_backward,threshold,covered
aten_topk_cpu,topk,missing
aten_trace_cpu,trace,missing
aten_transpose_copy,transpose_copy,covered
aten_trigamma,trigamma,covered
aten_tril_indices_cpu,tril_indices,covered
aten_trilinear_cpu,trilinear,covered
aten_triu_indices_cpu,triu_indices,covered
aten_triu_mask_cpu,triu_mask,covered
aten_triu_tril_batch_cpu,triu_tril_batch,covered
aten_triu_tril_single_cpu,triu_tril_single,covered
aten_trunc,trunc,covered
aten_unbind_copy_cpu,unbind_copy,covered
aten_unfold3d_acc_cpu,unfold3d_acc,missing
aten_unfold3d_copy_cpu,unfold3d_copy,covered
aten_unfold3d_zero_acc_cpu,unfold3d_zero_acc,missing
aten_unfold3d_zero_copy_cpu,unfold3d_zero_copy,covered
aten_unfold_backward_cpu,unfold,missing
aten_unfolded2d_acc_cpu,unfolded2d_acc,missing
aten_unfolded2d_copy_cpu,unfolded2d_copy,covered
aten_uniform_cpu,uniform,covered
aten_unique_bool_cpu,unique_bool,covered
aten_unique_consecutive_cpu,unique_consecutive,covered
aten_unique_dim_impl_cpu,unique_dim,covered
aten_unique_dim_template_cpu,unique_dim,covered
aten_unpack_pivots_cpu,unpack_pivots,missing
aten_unsafe_index_cpu,unsafe_index,covered
aten_upper_bound_cpu,upper_bound,missing
aten_upsample_bicubic2d_aa_backward_cpu,upsample_bicubic2d_aa,covered
aten_upsample_bicubic2d_aa_cpu,upsample_bicubic2d_aa,covered
aten_upsample_bicubic2d_backward_cpu,upsample_bicubic2d,covered
aten_upsample_bicubic2d_cpu,upsample_bicubic2d,covered
aten_upsample_bilinear2d,upsample_bilinear2d,covered
aten_upsample_bilinear2d_aa_backward_cpu,upsample_bilinear2d_aa,covered
aten_upsample_bilinear2d_aa_cpu,upsample_bilinear2d_aa,covered
aten_upsample_bilinear2d_backward_cpu,upsample_bilinear2d,covered
aten_upsample_bilinear2d_cpu,upsample_bilinear2d,covered
aten_upsample_linear1d_backward_cpu,upsample_linear1d,covered
aten_upsample_linear1d_cpu,upsample_linear1d,covered
aten_upsample_nearest1d_backward_cpu,upsample_nearest1d,covered
aten_upsample_nearest1d_cpu,upsample_nearest1d,covered
aten_upsample_nearest2d,upsample_nearest2d,covered
aten_upsample_nearest2d_backward_cpu,upsample_nearest2d,covered
aten_upsample_nearest2d_cpu,upsample_nearest2d,covered
aten_upsample_nearest3d_backward_cpu,upsample_nearest3d,covered
aten_upsample_nearest3d_cpu,upsample_nearest3d,covered
aten_upsample_nearest_exact1d_backward_cpu,upsample_nearest_exact1d,covered
aten_upsample_nearest_exact1d_cpu,upsample_nearest_exact1d,covered
aten_upsample_nearest_exact2d_backward_cpu,upsample_nearest_exact2d,covered
aten_upsample_nearest_exact2d_cpu,upsample_nearest_exact2d,covered
aten_upsample_nearest_exact3d_backward_cpu,upsample_nearest_exact3d,covered
aten_upsample_nearest_exact3d_cpu,upsample_nearest_exact3d,covered
aten_upsample_trilinear3d_backward_cpu,upsample_trilinear3d,covered
aten_upsample_trilinear3d_cpu,upsample_trilinear3d,covered
aten_vector_norm_out_cpu,vector_norm,covered
aten_weight_norm_backward_cpu,weight_norm,covered
aten_weight_norm_cpu,weight_norm,covered
aten_weight_to_int4pack_cpu,weight_to_int4pack,missing
aten_where_cpu,where,covered
aten_xlog1py,xlog1py,covered
aten_xlogy,xlogy,covered
aten_xor_sum_cpu,xor_sum,covered
aten_zeros_cpu,zeros,missing
