kernel,time_us,status,metric,timing,shape,hardware,framework,date,raw_result
aten_abs,432.096,PASS,torch_cpu_us,sync_wall,N=4194304,Jetson_AGX_Orin_CPU_12_threads,torch_2.8.0+cpu,2026-09-07,kernel=aten_abs torch_cpu_us=432.096 timing=sync_wall shape='N=4194304'
aten_acos,2139.680,PASS,torch_cpu_us,sync_wall,N=4194304,Jetson_AGX_Orin_CPU_12_threads,torch_2.8.0+cpu,2026-09-07,kernel=aten_acos torch_cpu_us=2139.680 timing=sync_wall shape='N=4194304'
aten_acosh,4923.840,PASS,torch_cpu_us,sync_wall,N=4194304,Jetson_AGX_Orin_CPU_12_threads,torch_2.8.0+cpu,2026-09-07,kernel=aten_acosh torch_cpu_us=4923.840 timing=sync_wall shape='N=4194304'
aten_adaptive_avg_pool2d,1655.872,PASS,torch_cpu_us,sync_wall,B=4_C=32_H=256_W=256_OH=128_OW=128,Jetson_AGX_Orin_CPU_12_threads,torch_2.8.0+cpu,2026-09-07,kernel=aten_adaptive_avg_pool2d torch_cpu_us=1655.872 timing=sync_wall shape='B=4_C=32_H=256_W=256_OH=128_OW=128'
aten_adaptive_avg_pool2d_backward_cpu,20.160,PASS,torch_cpu_us,sync_wall,B=1_C=2_I0=6_O0=3_I1=7_O1=3,Jetson_AGX_Orin_CPU_12_threads,torch_2.8.0+cpu,2026-09-07,kernel=aten_adaptive_avg_pool2d_backward_cpu torch_cpu_us=20.160 timing=sync_wall shape='B=1_C=2_I0=6_O0=3_I1=7_O1=3'
aten_adaptive_avg_pool3d,22.592,PASS,torch_cpu_us,sync_wall,B=2_C=3_D=8_H=8_W=8,Jetson_AGX_Orin_CPU_12_threads,torch_2.8.0+cpu,2026-09-07,kernel=aten_adaptive_avg_pool3d torch_cpu_us=22.592 timing=sync_wall shape='B=2_C=3_D=8_H=8_W=8'
aten_adaptive_avg_pool3d_backward_cpu,20.832,PASS,torch_cpu_us,sync_wall,B=1_C=2_I0=6_O0=3_I1=7_O1=3_I2=8_O2=3,Jetson_AGX_Orin_CPU_12_threads,torch_2.8.0+cpu,2026-09-07,kernel=aten_adaptive_avg_pool3d_backward_cpu torch_cpu_us=20.832 timing=sync_wall shape='B=1_C=2_I0=6_O0=3_I1=7_O1=3_I2=8_O2=3'
aten_adaptive_max_pool2d_backward_cpu,20.672,PASS,torch_cpu_us,sync_wall,B=1_C=2_I0=6_O0=3_I1=7_O1=3,Jetson_AGX_Orin_CPU_12_threads,torch_2.8.0+cpu,2026-09-07,kernel=aten_adaptive_max_pool2d_backward_cpu torch_cpu_us=20.672 timing=sync_wall shape='B=1_C=2_I0=6_O0=3_I1=7_O1=3'
aten_add,695.680,PASS,torch_cpu_us,sync_wall,B=11_C=46_H=92_W=92,Jetson_AGX_Orin_CPU_12_threads,torch_2.8.0+cpu,2026-09-07,kernel=aten_add torch_cpu_us=695.680 timing=sync_wall shape='B=11_C=46_H=92_W=92'
aten_add_clamp,1209.952,PASS,torch_cpu_us,sync_wall,N=4194304,Jetson_AGX_Orin_CPU_12_threads,torch_2.8.0+cpu,2026-09-07,kernel=aten_add_clamp torch_cpu_us=1209.952 timing=sync_wall shape='N=4194304'
aten_addcdiv,1008.544,PASS,torch_cpu_us,sync_wall,N=4194304,Jetson_AGX_Orin_CPU_12_threads,torch_2.8.0+cpu,2026-09-07,kernel=aten_addcdiv torch_cpu_us=1008.544 timing=sync_wall shape='N=4194304'
aten_addcmul,1037.312,PASS,torch_cpu_us,sync_wall,N=4194304,Jetson_AGX_Orin_CPU_12_threads,torch_2.8.0+cpu,2026-09-07,kernel=aten_addcmul torch_cpu_us=1037.312 timing=sync_wall shape='N=4194304'
aten_addmm,1640.864,PASS,torch_cpu_us,sync_wall,M=512_N=512_K=512,Jetson_AGX_Orin_CPU_12_threads,torch_2.8.0+cpu,2026-09-07,kernel=aten_addmm torch_cpu_us=1640.864 timing=sync_wall shape='M=512_N=512_K=512'
aten_addr_elementwise,2104.768,PASS,torch_cpu_us,sync_wall,N=8388608,Jetson_AGX_Orin_CPU_12_threads,torch_2.8.0+cpu,2026-09-07,kernel=aten_addr_elementwise torch_cpu_us=2104.768 timing=sync_wall shape='N=8388608'
aten_allany_dims_cpu,,SKIP,torch_cpu_us,unspecified,R=131072_C=64,Jetson_AGX_Orin_CPU_12_threads,torch_2.8.0+cpu,2026-09-07,kernel=aten_allany_dims_cpu torch_cpu_us=SKIP err=build:AttributeError:'NoneType' object has no attribute 'startswith' shape='R=131072_C=64'
aten_aminmax_allreduce_cpu,214.944,PASS,torch_cpu_us,sync_wall,N=4194304,Jetson_AGX_Orin_CPU_12_threads,torch_2.8.0+cpu,2026-09-07,kernel=aten_aminmax_allreduce_cpu torch_cpu_us=214.944 timing=sync_wall shape='N=4194304'
aten_aminmax_cpu,194.944,PASS,torch_cpu_us,sync_wall,N=4194304,Jetson_AGX_Orin_CPU_12_threads,torch_2.8.0+cpu,2026-09-07,kernel=aten_aminmax_cpu torch_cpu_us=194.944 timing=sync_wall shape='N=4194304'
aten_and_reduce_cpu,,SKIP,torch_cpu_us,unspecified,R=131072_K=64,Jetson_AGX_Orin_CPU_12_threads,torch_2.8.0+cpu,2026-09-07,kernel=aten_and_reduce_cpu torch_cpu_us=SKIP err=build:AttributeError:'NoneType' object has no attribute 'startswith' shape='R=131072_K=64'
aten_angle_complex_scalarized,12068.064,PASS,torch_cpu_us,sync_wall,N=4194304,Jetson_AGX_Orin_CPU_12_threads,torch_2.8.0+cpu,2026-09-07,kernel=aten_angle_complex_scalarized torch_cpu_us=12068.064 timing=sync_wall shape='N=4194304'
aten_angle_real,4373.216,PASS,torch_cpu_us,sync_wall,N=4194304,Jetson_AGX_Orin_CPU_12_threads,torch_2.8.0+cpu,2026-09-07,kernel=aten_angle_real torch_cpu_us=4373.216 timing=sync_wall shape='N=4194304'
aten_argmax_cpu,3277.600,PASS,torch_cpu_us,sync_wall,R=131072_K=64,Jetson_AGX_Orin_CPU_12_threads,torch_2.8.0+cpu,2026-09-07,kernel=aten_argmax_cpu torch_cpu_us=3277.600 timing=sync_wall shape='R=131072_K=64'
aten_argmin_cpu,3280.416,PASS,torch_cpu_us,sync_wall,R=131072_K=64,Jetson_AGX_Orin_CPU_12_threads,torch_2.8.0+cpu,2026-09-07,kernel=aten_argmin_cpu torch_cpu_us=3280.416 timing=sync_wall shape='R=131072_K=64'
aten_as_complex_cpu,419.072,PASS,torch_cpu_us,sync_wall,N=2097151,Jetson_AGX_Orin_CPU_12_threads,torch_2.8.0+cpu,2026-09-07,kernel=aten_as_complex_cpu torch_cpu_us=419.072 timing=sync_wall shape='N=2097151'
aten_asin,1845.984,PASS,torch_cpu_us,sync_wall,N=4194304,Jetson_AGX_Orin_CPU_12_threads,torch_2.8.0+cpu,2026-09-07,kernel=aten_asin torch_cpu_us=1845.984 timing=sync_wall shape='N=4194304'
aten_asinh,10199.264,PASS,torch_cpu_us,sync_wall,N=4194304,Jetson_AGX_Orin_CPU_12_threads,torch_2.8.0+cpu,2026-09-07,kernel=aten_asinh torch_cpu_us=10199.264 timing=sync_wall shape='N=4194304'
aten_atan,2601.600,PASS,torch_cpu_us,sync_wall,N=4194304,Jetson_AGX_Orin_CPU_12_threads,torch_2.8.0+cpu,2026-09-07,kernel=aten_atan torch_cpu_us=2601.600 timing=sync_wall shape='N=4194304'
aten_atan2,3465.440,PASS,torch_cpu_us,sync_wall,N=4194304,Jetson_AGX_Orin_CPU_12_threads,torch_2.8.0+cpu,2026-09-07,kernel=aten_atan2 torch_cpu_us=3465.440 timing=sync_wall shape='N=4194304'
aten_atanh,3309.568,PASS,torch_cpu_us,sync_wall,N=4194304,Jetson_AGX_Orin_CPU_12_threads,torch_2.8.0+cpu,2026-09-07,kernel=aten_atanh torch_cpu_us=3309.568 timing=sync_wall shape='N=4194304'
aten_avg_pool2d,13.760,PASS,torch_cpu_us,sync_wall,B=2_C=4_H=16_W=16,Jetson_AGX_Orin_CPU_12_threads,torch_2.8.0+cpu,2026-09-07,kernel=aten_avg_pool2d torch_cpu_us=13.760 timing=sync_wall shape='B=2_C=4_H=16_W=16'
aten_avg_pool2d_backward_cpu,30.240,PASS,torch_cpu_us,sync_wall,B=1_C=2_I0=6_I1=7,Jetson_AGX_Orin_CPU_12_threads,torch_2.8.0+cpu,2026-09-07,kernel=aten_avg_pool2d_backward_cpu torch_cpu_us=30.240 timing=sync_wall shape='B=1_C=2_I0=6_I1=7'
aten_avg_pool3d,13.568,PASS,torch_cpu_us,sync_wall,B=2_C=3_D=8_H=8_W=8,Jetson_AGX_Orin_CPU_12_threads,torch_2.8.0+cpu,2026-09-07,kernel=aten_avg_pool3d torch_cpu_us=13.568 timing=sync_wall shape='B=2_C=3_D=8_H=8_W=8'
aten_avg_pool3d_backward_cpu,26.240,PASS,torch_cpu_us,sync_wall,B=1_C=2_I0=6_I1=7_I2=8,Jetson_AGX_Orin_CPU_12_threads,torch_2.8.0+cpu,2026-09-07,kernel=aten_avg_pool3d_backward_cpu torch_cpu_us=26.240 timing=sync_wall shape='B=1_C=2_I0=6_I1=7_I2=8'
aten_batch_norm,424.928,PASS,torch_cpu_us,sync_wall,B=11_C=46_H=92_W=92,Jetson_AGX_Orin_CPU_12_threads,torch_2.8.0+cpu,2026-09-07,kernel=aten_batch_norm torch_cpu_us=424.928 timing=sync_wall shape='B=11_C=46_H=92_W=92'
aten_batch_norm_cpu_entry,394.368,PASS,torch_cpu_us,sync_wall,N=4194304,Jetson_AGX_Orin_CPU_12_threads,torch_2.8.0+cpu,2026-09-07,kernel=aten_batch_norm_cpu_entry torch_cpu_us=394.368 timing=sync_wall shape='N=4194304'
aten_batch_norm_transform_cpu,1809.824,PASS,torch_cpu_us,sync_wall,N=32_C=64_H=64_W=64,Jetson_AGX_Orin_CPU_12_threads,torch_2.8.0+cpu,2026-09-07,kernel=aten_batch_norm_transform_cpu torch_cpu_us=1809.824 timing=sync_wall shape='N=32_C=64_H=64_W=64'
aten_bf16_dot_cpu,,SKIP,torch_cpu_us,unspecified,K=4194304,Jetson_AGX_Orin_CPU_12_threads,torch_2.8.0+cpu,2026-09-07,kernel=aten_bf16_dot_cpu torch_cpu_us=SKIP err=missing_native_fixture_adapter:bf16_dot shape='K=4194304'
aten_bf16_gemv_trans_cpu,,SKIP,torch_cpu_us,unspecified,M=4096_K=8192,Jetson_AGX_Orin_CPU_12_threads,torch_2.8.0+cpu,2026-09-07,kernel=aten_bf16_gemv_trans_cpu torch_cpu_us=SKIP err=build:AttributeError:'NoneType' object has no attribute 'startswith' shape='M=4096_K=8192'
aten_bilinear_cpu,18301.952,PASS,torch_cpu_us,sync_wall,B=65_I=131_J=163_O=196,Jetson_AGX_Orin_CPU_12_threads,torch_2.8.0+cpu,2026-09-07,kernel=aten_bilinear_cpu torch_cpu_us=18301.952 timing=sync_wall shape='B=65_I=131_J=163_O=196'
aten_binary_cross_entropy,21321.408,PASS,torch_cpu_us,sync_wall,N=8388608,Jetson_AGX_Orin_CPU_12_threads,torch_2.8.0+cpu,2026-09-07,kernel=aten_binary_cross_entropy torch_cpu_us=21321.408 timing=sync_wall shape='N=8388608'
aten_blas_axpy_cpu,,SKIP,torch_cpu_us,unspecified,N=4194304,Jetson_AGX_Orin_CPU_12_threads,torch_2.8.0+cpu,2026-09-07,kernel=aten_blas_axpy_cpu torch_cpu_us=SKIP err=build:AttributeError:'NoneType' object has no attribute 'startswith' shape='N=4194304'
aten_blas_copy_cpu,,SKIP,torch_cpu_us,unspecified,N=4194304,Jetson_AGX_Orin_CPU_12_threads,torch_2.8.0+cpu,2026-09-07,kernel=aten_blas_copy_cpu torch_cpu_us=SKIP err=build:AttributeError:'NoneType' object has no attribute 'startswith' shape='N=4194304'
aten_blas_dot_naive_cpu,,SKIP,torch_cpu_us,unspecified,N=4194304,Jetson_AGX_Orin_CPU_12_threads,torch_2.8.0+cpu,2026-09-07,kernel=aten_blas_dot_naive_cpu torch_cpu_us=SKIP err=missing_native_fixture_adapter:blas_dot shape='N=4194304'
aten_blas_gemv_generic_cpu,,SKIP,torch_cpu_us,unspecified,K=2509_M=1672,Jetson_AGX_Orin_CPU_12_threads,torch_2.8.0+cpu,2026-09-07,kernel=aten_blas_gemv_generic_cpu torch_cpu_us=SKIP err=build:AttributeError:'NoneType' object has no attribute 'startswith' shape='K=2509_M=1672'
aten_blas_scale_cpu,454.752,PASS,torch_cpu_us,sync_wall,N=4194304,Jetson_AGX_Orin_CPU_12_threads,torch_2.8.0+cpu,2026-09-07,kernel=aten_blas_scale_cpu torch_cpu_us=454.752 timing=sync_wall shape='N=4194304'
aten_blas_sum_cpu,205.440,PASS,torch_cpu_us,sync_wall,N=4194304,Jetson_AGX_Orin_CPU_12_threads,torch_2.8.0+cpu,2026-09-07,kernel=aten_blas_sum_cpu torch_cpu_us=205.440 timing=sync_wall shape='N=4194304'
aten_block_diag_cpu,86.976,PASS,torch_cpu_us,sync_wall,B=23_N=90,Jetson_AGX_Orin_CPU_12_threads,torch_2.8.0+cpu,2026-09-07,kernel=aten_block_diag_cpu torch_cpu_us=86.976 timing=sync_wall shape='B=23_N=90'
aten_bmm,6689.248,PASS,torch_cpu_us,sync_wall,BATCH=70_K=282_M=141_N=211,Jetson_AGX_Orin_CPU_12_threads,torch_2.8.0+cpu,2026-09-07,kernel=aten_bmm torch_cpu_us=6689.248 timing=sync_wall shape='BATCH=70_K=282_M=141_N=211'
aten_cartesian_prod_cpu,94.400,PASS,torch_cpu_us,sync_wall,A=1673_B=1254,Jetson_AGX_Orin_CPU_12_threads,torch_2.8.0+cpu,2026-09-07,kernel=aten_cartesian_prod_cpu torch_cpu_us=94.400 timing=sync_wall shape='A=1673_B=1254'
aten_cat_serial_cpu,560.352,PASS,torch_cpu_us,sync_wall,K=3096_M=581_R=774,Jetson_AGX_Orin_CPU_12_threads,torch_2.8.0+cpu,2026-09-07,kernel=aten_cat_serial_cpu torch_cpu_us=560.352 timing=sync_wall shape='K=3096_M=581_R=774'
aten_cat_sparse_cpu,2005.184,PASS,torch_cpu_us,sync_wall,B=256_N=16383,Jetson_AGX_Orin_CPU_12_threads,torch_2.8.0+cpu,2026-09-07,kernel=aten_cat_sparse_cpu torch_cpu_us=2005.184 timing=sync_wall shape='B=256_N=16383'
aten_cauchy_cpu,157389.120,PASS,torch_cpu_us,sync_wall,N=4194304,Jetson_AGX_Orin_CPU_12_threads,torch_2.8.0+cpu,2026-09-07,kernel=aten_cauchy_cpu torch_cpu_us=157389.120 timing=sync_wall shape='N=4194304'
aten_ceil,414.336,PASS,torch_cpu_us,sync_wall,N=4194304,Jetson_AGX_Orin_CPU_12_threads,torch_2.8.0+cpu,2026-09-07,kernel=aten_ceil torch_cpu_us=414.336 timing=sync_wall shape='N=4194304'
aten_channel_shuffle,,SKIP,torch_cpu_us,unspecified,B=14_CPG=28_G=14_H=28_W=28,Jetson_AGX_Orin_CPU_12_threads,torch_2.8.0+cpu,2026-09-07,kernel=aten_channel_shuffle torch_cpu_us=SKIP err=build:AttributeError:'NoneType' object has no attribute 'startswith' shape='B=14_CPG=28_G=14_H=28_W=28'
aten_channel_shuffle_cpu,,SKIP,torch_cpu_us,unspecified,B=17_CPG=26_G=34_S=276,Jetson_AGX_Orin_CPU_12_threads,torch_2.8.0+cpu,2026-09-07,kernel=aten_channel_shuffle_cpu torch_cpu_us=SKIP err=build:AttributeError:'NoneType' object has no attribute 'startswith' shape='B=17_CPG=26_G=34_S=276'
aten_clamp,423.392,PASS,torch_cpu_us,sync_wall,N=4194304,Jetson_AGX_Orin_CPU_12_threads,torch_2.8.0+cpu,2026-09-07,kernel=aten_clamp torch_cpu_us=423.392 timing=sync_wall shape='N=4194304'
aten_clamp_cpu,417.600,PASS,torch_cpu_us,sync_wall,N=4194304,Jetson_AGX_Orin_CPU_12_threads,torch_2.8.0+cpu,2026-09-07,kernel=aten_clamp_cpu torch_cpu_us=417.600 timing=sync_wall shape='N=4194304'
aten_clamp_max_scalar_cpu,414.656,PASS,torch_cpu_us,sync_wall,N=4194304,Jetson_AGX_Orin_CPU_12_threads,torch_2.8.0+cpu,2026-09-07,kernel=aten_clamp_max_scalar_cpu torch_cpu_us=414.656 timing=sync_wall shape='N=4194304'
aten_clamp_min_scalar_cpu,418.752,PASS,torch_cpu_us,sync_wall,N=4194304,Jetson_AGX_Orin_CPU_12_threads,torch_2.8.0+cpu,2026-09-07,kernel=aten_clamp_min_scalar_cpu torch_cpu_us=418.752 timing=sync_wall shape='N=4194304'
aten_clamp_scalar_cpu,422.304,PASS,torch_cpu_us,sync_wall,N=4194304,Jetson_AGX_Orin_CPU_12_threads,torch_2.8.0+cpu,2026-09-07,kernel=aten_clamp_scalar_cpu torch_cpu_us=422.304 timing=sync_wall shape='N=4194304'
aten_complex_scalarized,1787.392,PASS,torch_cpu_us,sync_wall,N=4194304,Jetson_AGX_Orin_CPU_12_threads,torch_2.8.0+cpu,2026-09-07,kernel=aten_complex_scalarized torch_cpu_us=1787.392 timing=sync_wall shape='N=4194304'
aten_compressed_block_convert_cpu,,SKIP,torch_cpu_us,unspecified,R=2048_C=2048_BR=4_BC=4,Jetson_AGX_Orin_CPU_12_threads,torch_2.8.0+cpu,2026-09-07,kernel=aten_compressed_block_convert_cpu torch_cpu_us=SKIP err=build:AttributeError:'NoneType' object has no attribute 'startswith' shape='R=2048_C=2048_BR=4_BC=4'
aten_conj_complex_scalarized,1790.528,PASS,torch_cpu_us,sync_wall,N=4194304,Jetson_AGX_Orin_CPU_12_threads,torch_2.8.0+cpu,2026-09-07,kernel=aten_conj_complex_scalarized torch_cpu_us=1790.528 timing=sync_wall shape='N=4194304'
aten_conv1d,45263.872,PASS,torch_cpu_us,sync_wall,B=32_IC=64_OC=128_W=4096_K=3,Jetson_AGX_Orin_CPU_12_threads,torch_2.8.0+cpu,2026-09-07,kernel=aten_conv1d torch_cpu_us=45263.872 timing=sync_wall shape='B=32_IC=64_OC=128_W=4096_K=3'
aten_conv2d,5211.008,PASS,torch_cpu_us,sync_wall,B=4_IC=16_OC=32_H=128_W=128_KH=3_KW=3,Jetson_AGX_Orin_CPU_12_threads,torch_2.8.0+cpu,2026-09-07,kernel=aten_conv2d torch_cpu_us=5211.008 timing=sync_wall shape='B=4_IC=16_OC=32_H=128_W=128_KH=3_KW=3'
aten_conv2d_columns_cpu,503.328,PASS,torch_cpu_us,sync_wall,C=11_H=59_K=11_W=59,Jetson_AGX_Orin_CPU_12_threads,torch_2.8.0+cpu,2026-09-07,kernel=aten_conv2d_columns_cpu torch_cpu_us=503.328 timing=sync_wall shape='C=11_H=59_K=11_W=59'
aten_conv3d,73884131.936,PASS,torch_cpu_us,sync_wall,B=6_D=37_H=37_IC=12_K=19_OC=19_W=37,Jetson_AGX_Orin_CPU_12_threads,torch_2.8.0+cpu,2026-09-07,kernel=aten_conv3d torch_cpu_us=73884131.936 timing=sync_wall shape='B=6_D=37_H=37_IC=12_K=19_OC=19_W=37'
aten_conv_tbc_backward_cpu,3779.968,PASS,torch_cpu_us,sync_wall,T=4094_B=16_I=32_O=64_K=3,Jetson_AGX_Orin_CPU_12_threads,torch_2.8.0+cpu,2026-09-07,kernel=aten_conv_tbc_backward_cpu torch_cpu_us=3779.968 timing=sync_wall shape='T=4094_B=16_I=32_O=64_K=3'
aten_conv_tbc_cpu,2912.704,PASS,torch_cpu_us,sync_wall,T=4096_B=16_I=32_O=64_K=3,Jetson_AGX_Orin_CPU_12_threads,torch_2.8.0+cpu,2026-09-07,kernel=aten_conv_tbc_cpu torch_cpu_us=2912.704 timing=sync_wall shape='T=4096_B=16_I=32_O=64_K=3'
aten_conv_transpose2d,4093.472,PASS,torch_cpu_us,sync_wall,B=2_IC=16_OC=32_H=128_W=128_K=3,Jetson_AGX_Orin_CPU_12_threads,torch_2.8.0+cpu,2026-09-07,kernel=aten_conv_transpose2d torch_cpu_us=4093.472 timing=sync_wall shape='B=2_IC=16_OC=32_H=128_W=128_K=3'
aten_conv_transpose3d_backward_cpu,21430035.680,PASS,torch_cpu_us,sync_wall,C=15_D=45_H=53_K=23_O=23_W=60,Jetson_AGX_Orin_CPU_12_threads,torch_2.8.0+cpu,2026-09-07,kernel=aten_conv_transpose3d_backward_cpu torch_cpu_us=21430035.680 timing=sync_wall shape='C=15_D=45_H=53_K=23_O=23_W=60'
aten_conv_transpose3d_cpu,27532.192,PASS,torch_cpu_us,sync_wall,C=8_O=16_D=32_H=32_W=32_K=3,Jetson_AGX_Orin_CPU_12_threads,torch_2.8.0+cpu,2026-09-07,kernel=aten_conv_transpose3d_cpu torch_cpu_us=27532.192 timing=sync_wall shape='C=8_O=16_D=32_H=32_W=32_K=3'
aten_conv_transpose3d_grad_weight_cpu,27612.832,PASS,torch_cpu_us,sync_wall,C=8_O=16_D=32_H=32_W=32_K=3,Jetson_AGX_Orin_CPU_12_threads,torch_2.8.0+cpu,2026-09-07,kernel=aten_conv_transpose3d_grad_weight_cpu torch_cpu_us=27612.832 timing=sync_wall shape='C=8_O=16_D=32_H=32_W=32_K=3'
aten_convert_coo_to_csr_cpu,,SKIP,torch_cpu_us,unspecified,N=4194304_R=65536,Jetson_AGX_Orin_CPU_12_threads,torch_2.8.0+cpu,2026-09-07,kernel=aten_convert_coo_to_csr_cpu torch_cpu_us=SKIP err=build:AttributeError:'NoneType' object has no attribute 'startswith' shape='N=4194304_R=65536'
aten_convert_csr_to_coo_cpu,,SKIP,torch_cpu_us,unspecified,N=4194304_R=65536,Jetson_AGX_Orin_CPU_12_threads,torch_2.8.0+cpu,2026-09-07,kernel=aten_convert_csr_to_coo_cpu torch_cpu_us=SKIP err=build:AttributeError:'NoneType' object has no attribute 'startswith' shape='N=4194304_R=65536'
aten_copy_cpu,440.928,PASS,torch_cpu_us,sync_wall,N=4194304,Jetson_AGX_Orin_CPU_12_threads,torch_2.8.0+cpu,2026-09-07,kernel=aten_copy_cpu torch_cpu_us=440.928 timing=sync_wall shape='N=4194304'
aten_copy_tensor_array_cpu,415.360,PASS,torch_cpu_us,sync_wall,B=512_N=8192,Jetson_AGX_Orin_CPU_12_threads,torch_2.8.0+cpu,2026-09-07,kernel=aten_copy_tensor_array_cpu torch_cpu_us=415.360 timing=sync_wall shape='B=512_N=8192'
aten_cos,1919.680,PASS,torch_cpu_us,sync_wall,N=4194304,Jetson_AGX_Orin_CPU_12_threads,torch_2.8.0+cpu,2026-09-07,kernel=aten_cos torch_cpu_us=1919.680 timing=sync_wall shape='N=4194304'
aten_cosh,2969.888,PASS,torch_cpu_us,sync_wall,N=4194304,Jetson_AGX_Orin_CPU_12_threads,torch_2.8.0+cpu,2026-09-07,kernel=aten_cosh torch_cpu_us=2969.888 timing=sync_wall shape='N=4194304'
aten_count_nonzero_cpu,479.296,PASS,torch_cpu_us,sync_wall,N=8388608,Jetson_AGX_Orin_CPU_12_threads,torch_2.8.0+cpu,2026-09-07,kernel=aten_count_nonzero_cpu torch_cpu_us=479.296 timing=sync_wall shape='N=8388608'
aten_count_nonzero_impl_cpu,3854.656,PASS,torch_cpu_us,sync_wall,R=131072_C=64,Jetson_AGX_Orin_CPU_12_threads,torch_2.8.0+cpu,2026-09-07,kernel=aten_count_nonzero_impl_cpu torch_cpu_us=3854.656 timing=sync_wall shape='R=131072_C=64'
aten_cpu_blas_gemm_batched_cpu,,SKIP,torch_cpu_us,unspecified,B=52_K=311_M=208_N=259,Jetson_AGX_Orin_CPU_12_threads,torch_2.8.0+cpu,2026-09-07,kernel=aten_cpu_blas_gemm_batched_cpu torch_cpu_us=SKIP err=build:AttributeError:'NoneType' object has no attribute 'startswith' shape='B=52_K=311_M=208_N=259'
aten_cpu_blas_gemm_cpu,,SKIP,torch_cpu_us,unspecified,K=2290_M=1374_N=1832,Jetson_AGX_Orin_CPU_12_threads,torch_2.8.0+cpu,2026-09-07,kernel=aten_cpu_blas_gemm_cpu torch_cpu_us=SKIP err=build:AttributeError:'NoneType' object has no attribute 'startswith' shape='K=2290_M=1374_N=1832'
aten_cpu_blas_gemm_strided_batched_cpu,,SKIP,torch_cpu_us,unspecified,B=52_K=311_M=208_N=259,Jetson_AGX_Orin_CPU_12_threads,torch_2.8.0+cpu,2026-09-07,kernel=aten_cpu_blas_gemm_strided_batched_cpu torch_cpu_us=SKIP err=build:AttributeError:'NoneType' object has no attribute 'startswith' shape='B=52_K=311_M=208_N=259'
aten_cross,1657.472,PASS,torch_cpu_us,sync_wall,N=1398101,Jetson_AGX_Orin_CPU_12_threads,torch_2.8.0+cpu,2026-09-07,kernel=aten_cross torch_cpu_us=1657.472 timing=sync_wall shape='N=1398101'
aten_cross_cpu_backend,1657.280,PASS,torch_cpu_us,sync_wall,V=1398101,Jetson_AGX_Orin_CPU_12_threads,torch_2.8.0+cpu,2026-09-07,kernel=aten_cross_cpu_backend torch_cpu_us=1657.280 timing=sync_wall shape='V=1398101'
aten_cumprod_backward_cpu,11731.232,PASS,torch_cpu_us,sync_wall,N=4194304,Jetson_AGX_Orin_CPU_12_threads,torch_2.8.0+cpu,2026-09-07,kernel=aten_cumprod_backward_cpu torch_cpu_us=11731.232 timing=sync_wall shape='N=4194304'
aten_cumprod_cpu,518.112,PASS,torch_cpu_us,sync_wall,K=2897_R=1448,Jetson_AGX_Orin_CPU_12_threads,torch_2.8.0+cpu,2026-09-07,kernel=aten_cumprod_cpu torch_cpu_us=518.112 timing=sync_wall shape='K=2897_R=1448'
aten_cumsum,4482.144,PASS,torch_cpu_us,sync_wall,N=4194304,Jetson_AGX_Orin_CPU_12_threads,torch_2.8.0+cpu,2026-09-07,kernel=aten_cumsum torch_cpu_us=4482.144 timing=sync_wall shape='N=4194304'
aten_dense_sparse_add_cpu,452.928,PASS,torch_cpu_us,sync_wall,C=2047_N=16380_R=2047,Jetson_AGX_Orin_CPU_12_threads,torch_2.8.0+cpu,2026-09-07,kernel=aten_dense_sparse_add_cpu torch_cpu_us=452.928 timing=sync_wall shape='C=2047_N=16380_R=2047'
aten_depthwise_conv3x3_cpu,21513.216,PASS,torch_cpu_us,sync_wall,B=2_C=64_H=256_W=256,Jetson_AGX_Orin_CPU_12_threads,torch_2.8.0+cpu,2026-09-07,kernel=aten_depthwise_conv3x3_cpu torch_cpu_us=21513.216 timing=sync_wall shape='B=2_C=64_H=256_W=256'
aten_diff_cpu,,SKIP,torch_cpu_us,unspecified,N=16777216,Jetson_AGX_Orin_CPU_12_threads,torch_2.8.0+cpu,2026-09-07,kernel=aten_diff_cpu torch_cpu_us=SKIP err=build:AttributeError:'NoneType' object has no attribute 'startswith' shape='N=16777216'
aten_dilated_convolution_cpu,3443.840,PASS,torch_cpu_us,sync_wall,C=16_O=32_H=128_W=128_K=3_D=2,Jetson_AGX_Orin_CPU_12_threads,torch_2.8.0+cpu,2026-09-07,kernel=aten_dilated_convolution_cpu torch_cpu_us=3443.840 timing=sync_wall shape='C=16_O=32_H=128_W=128_K=3_D=2'
aten_dirichlet_grad_cpu,353417.568,PASS,torch_cpu_us,sync_wall,N=4194304,Jetson_AGX_Orin_CPU_12_threads,torch_2.8.0+cpu,2026-09-07,kernel=aten_dirichlet_grad_cpu torch_cpu_us=353417.568 timing=sync_wall shape='N=4194304'
aten_div,713.408,PASS,torch_cpu_us,sync_wall,N=4194304,Jetson_AGX_Orin_CPU_12_threads,torch_2.8.0+cpu,2026-09-07,kernel=aten_div torch_cpu_us=713.408 timing=sync_wall shape='N=4194304'
aten_div_floor,3273.344,PASS,torch_cpu_us,sync_wall,N=4194304,Jetson_AGX_Orin_CPU_12_threads,torch_2.8.0+cpu,2026-09-07,kernel=aten_div_floor torch_cpu_us=3273.344 timing=sync_wall shape='N=4194304'
aten_div_trunc,418.912,PASS,torch_cpu_us,sync_wall,N=4194304,Jetson_AGX_Orin_CPU_12_threads,torch_2.8.0+cpu,2026-09-07,kernel=aten_div_trunc torch_cpu_us=418.912 timing=sync_wall shape='N=4194304'
aten_dot,5295.680,PASS,torch_cpu_us,sync_wall,N=4194304,Jetson_AGX_Orin_CPU_12_threads,torch_2.8.0+cpu,2026-09-07,kernel=aten_dot torch_cpu_us=5295.680 timing=sync_wall shape='N=4194304'
aten_dropout_feature_noise_cpu,,SKIP,torch_cpu_us,unspecified,B=32_C=64_H=64_W=64,Jetson_AGX_Orin_CPU_12_threads,torch_2.8.0+cpu,2026-09-07,kernel=aten_dropout_feature_noise_cpu torch_cpu_us=SKIP err=build:AttributeError:'NoneType' object has no attribute 'startswith' shape='B=32_C=64_H=64_W=64'
aten_elu,429.440,PASS,torch_cpu_us,sync_wall,N=4194304,Jetson_AGX_Orin_CPU_12_threads,torch_2.8.0+cpu,2026-09-07,kernel=aten_elu torch_cpu_us=429.440 timing=sync_wall shape='N=4194304'
aten_elu_backward,727.424,PASS,torch_cpu_us,sync_wall,N=4194304,Jetson_AGX_Orin_CPU_12_threads,torch_2.8.0+cpu,2026-09-07,kernel=aten_elu_backward torch_cpu_us=727.424 timing=sync_wall shape='N=4194304'
aten_embedding_bag_counts_cpu,44158.336,PASS,torch_cpu_us,sync_wall,N=16777216_E=65536,Jetson_AGX_Orin_CPU_12_threads,torch_2.8.0+cpu,2026-09-07,kernel=aten_embedding_bag_counts_cpu torch_cpu_us=44158.336 timing=sync_wall shape='N=16777216_E=65536'
aten_equal_cpu,1000.384,PASS,torch_cpu_us,sync_wall,N=8388608,Jetson_AGX_Orin_CPU_12_threads,torch_2.8.0+cpu,2026-09-07,kernel=aten_equal_cpu torch_cpu_us=1000.384 timing=sync_wall shape='N=8388608'
aten_erf,2366.784,PASS,torch_cpu_us,sync_wall,N=4194304,Jetson_AGX_Orin_CPU_12_threads,torch_2.8.0+cpu,2026-09-07,kernel=aten_erf torch_cpu_us=2366.784 timing=sync_wall shape='N=4194304'
aten_erfc,7182.624,PASS,torch_cpu_us,sync_wall,N=4194304,Jetson_AGX_Orin_CPU_12_threads,torch_2.8.0+cpu,2026-09-07,kernel=aten_erfc torch_cpu_us=7182.624 timing=sync_wall shape='N=4194304'
aten_exp,1022.208,PASS,torch_cpu_us,sync_wall,N=4194304,Jetson_AGX_Orin_CPU_12_threads,torch_2.8.0+cpu,2026-09-07,kernel=aten_exp torch_cpu_us=1022.208 timing=sync_wall shape='N=4194304'
aten_exp2,749.920,PASS,torch_cpu_us,sync_wall,N=4194304,Jetson_AGX_Orin_CPU_12_threads,torch_2.8.0+cpu,2026-09-07,kernel=aten_exp2 torch_cpu_us=749.920 timing=sync_wall shape='N=4194304'
aten_expm1,3028.768,PASS,torch_cpu_us,sync_wall,N=4194304,Jetson_AGX_Orin_CPU_12_threads,torch_2.8.0+cpu,2026-09-07,kernel=aten_expm1 torch_cpu_us=3028.768 timing=sync_wall shape='N=4194304'
aten_exponential_cpu,116620.864,PASS,torch_cpu_us,sync_wall,N=4194304,Jetson_AGX_Orin_CPU_12_threads,torch_2.8.0+cpu,2026-09-07,kernel=aten_exponential_cpu torch_cpu_us=116620.864 timing=sync_wall shape='N=4194304'
aten_fast_cat_dim0_cpu,,SKIP,torch_cpu_us,unspecified,B=256_N=16383,Jetson_AGX_Orin_CPU_12_threads,torch_2.8.0+cpu,2026-09-07,kernel=aten_fast_cat_dim0_cpu torch_cpu_us=SKIP err=missing_native_fixture_adapter:fast_cat_dim0 shape='B=256_N=16383'
aten_flatten_nd_linear_cpu,,SKIP,torch_cpu_us,unspecified,B=80_K=322_M=161_N=241,Jetson_AGX_Orin_CPU_12_threads,torch_2.8.0+cpu,2026-09-07,kernel=aten_flatten_nd_linear_cpu torch_cpu_us=SKIP err=build:AttributeError:'NoneType' object has no attribute 'startswith' shape='B=80_K=322_M=161_N=241'
aten_flip_tensor_transform_cpu,,SKIP,torch_cpu_us,unspecified,C=2897_R=1448,Jetson_AGX_Orin_CPU_12_threads,torch_2.8.0+cpu,2026-09-07,kernel=aten_flip_tensor_transform_cpu torch_cpu_us=SKIP err=missing_native_fixture_adapter:flip shape='C=2897_R=1448'
aten_floor,423.552,PASS,torch_cpu_us,sync_wall,N=4194304,Jetson_AGX_Orin_CPU_12_threads,torch_2.8.0+cpu,2026-09-07,kernel=aten_floor torch_cpu_us=423.552 timing=sync_wall shape='N=4194304'
aten_fmax,692.768,PASS,torch_cpu_us,sync_wall,N=4194304,Jetson_AGX_Orin_CPU_12_threads,torch_2.8.0+cpu,2026-09-07,kernel=aten_fmax torch_cpu_us=692.768 timing=sync_wall shape='N=4194304'
aten_fmin,682.240,PASS,torch_cpu_us,sync_wall,N=4194304,Jetson_AGX_Orin_CPU_12_threads,torch_2.8.0+cpu,2026-09-07,kernel=aten_fmin torch_cpu_us=682.240 timing=sync_wall shape='N=4194304'
aten_fmod,1855.008,PASS,torch_cpu_us,sync_wall,N=4194304,Jetson_AGX_Orin_CPU_12_threads,torch_2.8.0+cpu,2026-09-07,kernel=aten_fmod torch_cpu_us=1855.008 timing=sync_wall shape='N=4194304'
aten_fp16_dot_cpu,,SKIP,torch_cpu_us,unspecified,K=4194304,Jetson_AGX_Orin_CPU_12_threads,torch_2.8.0+cpu,2026-09-07,kernel=aten_fp16_dot_cpu torch_cpu_us=SKIP err=missing_native_fixture_adapter:fp16_dot shape='K=4194304'
aten_fp16_gemv_f16arith_cpu,,SKIP,torch_cpu_us,unspecified,K=2509_M=1672,Jetson_AGX_Orin_CPU_12_threads,torch_2.8.0+cpu,2026-09-07,kernel=aten_fp16_gemv_f16arith_cpu torch_cpu_us=SKIP err=build:AttributeError:'NoneType' object has no attribute 'startswith' shape='K=2509_M=1672'
aten_fp16_gemv_f32arith_cpu,,SKIP,torch_cpu_us,unspecified,K=2509_M=1672,Jetson_AGX_Orin_CPU_12_threads,torch_2.8.0+cpu,2026-09-07,kernel=aten_fp16_gemv_f32arith_cpu torch_cpu_us=SKIP err=build:AttributeError:'NoneType' object has no attribute 'startswith' shape='K=2509_M=1672'
aten_fp16_gemv_notrans_cpu,,SKIP,torch_cpu_us,unspecified,K=2509_M=1672,Jetson_AGX_Orin_CPU_12_threads,torch_2.8.0+cpu,2026-09-07,kernel=aten_fp16_gemv_notrans_cpu torch_cpu_us=SKIP err=build:AttributeError:'NoneType' object has no attribute 'startswith' shape='K=2509_M=1672'
aten_fp16_gemv_trans_cpu,,SKIP,torch_cpu_us,unspecified,K=2897_M=1448,Jetson_AGX_Orin_CPU_12_threads,torch_2.8.0+cpu,2026-09-07,kernel=aten_fp16_gemv_trans_cpu torch_cpu_us=SKIP err=build:AttributeError:'NoneType' object has no attribute 'startswith' shape='K=2897_M=1448'
aten_frac,419.776,PASS,torch_cpu_us,sync_wall,N=4194304,Jetson_AGX_Orin_CPU_12_threads,torch_2.8.0+cpu,2026-09-07,kernel=aten_frac torch_cpu_us=419.776 timing=sync_wall shape='N=4194304'
aten_fractional_max_pool2d_cpu,3466.272,PASS,torch_cpu_us,sync_wall,B=19_C=28_IH=84_IW=93_OH=37_OW=47,Jetson_AGX_Orin_CPU_12_threads,torch_2.8.0+cpu,2026-09-07,kernel=aten_fractional_max_pool2d_cpu torch_cpu_us=3466.272 timing=sync_wall shape='B=19_C=28_IH=84_IW=93_OH=37_OW=47'
aten_fractional_max_pool3d_cpu,4944.352,PASS,torch_cpu_us,sync_wall,B=5_C=10_ID=39_IH=44_IW=49_OD=15_OH=19_OW=24,Jetson_AGX_Orin_CPU_12_threads,torch_2.8.0+cpu,2026-09-07,kernel=aten_fractional_max_pool3d_cpu torch_cpu_us=4944.352 timing=sync_wall shape='B=5_C=10_ID=39_IH=44_IW=49_OD=15_OH=19_OW=24'
aten_gamma_transform_cpu,279151.104,PASS,torch_cpu_us,sync_wall,N=4194304,Jetson_AGX_Orin_CPU_12_threads,torch_2.8.0+cpu,2026-09-07,kernel=aten_gamma_transform_cpu torch_cpu_us=279151.104 timing=sync_wall shape='N=4194304'
aten_gelu,826.944,PASS,torch_cpu_us,sync_wall,N=4194304,Jetson_AGX_Orin_CPU_12_threads,torch_2.8.0+cpu,2026-09-07,kernel=aten_gelu torch_cpu_us=826.944 timing=sync_wall shape='N=4194304'
aten_gelu_backward_cpu_exact,6703.136,PASS,torch_cpu_us,sync_wall,N=4194304,Jetson_AGX_Orin_CPU_12_threads,torch_2.8.0+cpu,2026-09-07,kernel=aten_gelu_backward_cpu_exact torch_cpu_us=6703.136 timing=sync_wall shape='N=4194304'
aten_gelu_backward_cpu_tanh,4458.752,PASS,torch_cpu_us,sync_wall,N=4194304,Jetson_AGX_Orin_CPU_12_threads,torch_2.8.0+cpu,2026-09-07,kernel=aten_gelu_backward_cpu_tanh torch_cpu_us=4458.752 timing=sync_wall shape='N=4194304'
aten_gelu_cpu_exact,817.056,PASS,torch_cpu_us,sync_wall,N=4194304,Jetson_AGX_Orin_CPU_12_threads,torch_2.8.0+cpu,2026-09-07,kernel=aten_gelu_cpu_exact torch_cpu_us=817.056 timing=sync_wall shape='N=4194304'
aten_gelu_cpu_tanh,13957.440,PASS,torch_cpu_us,sync_wall,N=4194304,Jetson_AGX_Orin_CPU_12_threads,torch_2.8.0+cpu,2026-09-07,kernel=aten_gelu_cpu_tanh torch_cpu_us=13957.440 timing=sync_wall shape='N=4194304'
aten_gemm_notrans_cpu,,SKIP,torch_cpu_us,unspecified,K=1869_M=1496_N=2243,Jetson_AGX_Orin_CPU_12_threads,torch_2.8.0+cpu,2026-09-07,kernel=aten_gemm_notrans_cpu torch_cpu_us=SKIP err=build:AttributeError:'NoneType' object has no attribute 'startswith' shape='K=1869_M=1496_N=2243'
aten_gemm_transa_cpu,,SKIP,torch_cpu_us,unspecified,K=1869_M=1496_N=2243,Jetson_AGX_Orin_CPU_12_threads,torch_2.8.0+cpu,2026-09-07,kernel=aten_gemm_transa_cpu torch_cpu_us=SKIP err=build:AttributeError:'NoneType' object has no attribute 'startswith' shape='K=1869_M=1496_N=2243'
aten_gemm_transab_cpu,,SKIP,torch_cpu_us,unspecified,K=1869_M=1496_N=2243,Jetson_AGX_Orin_CPU_12_threads,torch_2.8.0+cpu,2026-09-07,kernel=aten_gemm_transab_cpu torch_cpu_us=SKIP err=build:AttributeError:'NoneType' object has no attribute 'startswith' shape='K=1869_M=1496_N=2243'
aten_gemm_transb_cpu,,SKIP,torch_cpu_us,unspecified,K=1869_M=1496_N=2243,Jetson_AGX_Orin_CPU_12_threads,torch_2.8.0+cpu,2026-09-07,kernel=aten_gemm_transb_cpu torch_cpu_us=SKIP err=build:AttributeError:'NoneType' object has no attribute 'startswith' shape='K=1869_M=1496_N=2243'
aten_geometric_cpu,101323.392,PASS,torch_cpu_us,sync_wall,N=4194304,Jetson_AGX_Orin_CPU_12_threads,torch_2.8.0+cpu,2026-09-07,kernel=aten_geometric_cpu torch_cpu_us=101323.392 timing=sync_wall shape='N=4194304'
aten_glu,1156.480,PASS,torch_cpu_us,sync_wall,N=4194304,Jetson_AGX_Orin_CPU_12_threads,torch_2.8.0+cpu,2026-09-07,kernel=aten_glu torch_cpu_us=1156.480 timing=sync_wall shape='N=4194304'
aten_glu_backward,2331.936,PASS,torch_cpu_us,sync_wall,N=4194304,Jetson_AGX_Orin_CPU_12_threads,torch_2.8.0+cpu,2026-09-07,kernel=aten_glu_backward torch_cpu_us=2331.936 timing=sync_wall shape='N=4194304'
aten_glu_jvp,5780.128,PASS,torch_cpu_us,sync_wall,N=4194304,Jetson_AGX_Orin_CPU_12_threads,torch_2.8.0+cpu,2026-09-07,kernel=aten_glu_jvp torch_cpu_us=5780.128 timing=sync_wall shape='N=4194304'
aten_gradient_cpu,1932.992,PASS,torch_cpu_us,sync_wall,N=4194304,Jetson_AGX_Orin_CPU_12_threads,torch_2.8.0+cpu,2026-09-07,kernel=aten_gradient_cpu torch_cpu_us=1932.992 timing=sync_wall shape='N=4194304'
aten_gradient_float_cpu,,SKIP,torch_cpu_us,unspecified,N=4194304,Jetson_AGX_Orin_CPU_12_threads,torch_2.8.0+cpu,2026-09-07,kernel=aten_gradient_float_cpu torch_cpu_us=SKIP err=build:AttributeError:'NoneType' object has no attribute 'startswith' shape='N=4194304'
aten_hardshrink,412.832,PASS,torch_cpu_us,sync_wall,N=4194304,Jetson_AGX_Orin_CPU_12_threads,torch_2.8.0+cpu,2026-09-07,kernel=aten_hardshrink torch_cpu_us=412.832 timing=sync_wall shape='N=4194304'
aten_hardsigmoid,415.552,PASS,torch_cpu_us,sync_wall,N=4194304,Jetson_AGX_Orin_CPU_12_threads,torch_2.8.0+cpu,2026-09-07,kernel=aten_hardsigmoid torch_cpu_us=415.552 timing=sync_wall shape='N=4194304'
aten_hardsigmoid_backward,696.672,PASS,torch_cpu_us,sync_wall,N=4194304,Jetson_AGX_Orin_CPU_12_threads,torch_2.8.0+cpu,2026-09-07,kernel=aten_hardsigmoid_backward torch_cpu_us=696.672 timing=sync_wall shape='N=4194304'
aten_hardswish,419.936,PASS,torch_cpu_us,sync_wall,N=4194304,Jetson_AGX_Orin_CPU_12_threads,torch_2.8.0+cpu,2026-09-07,kernel=aten_hardswish torch_cpu_us=419.936 timing=sync_wall shape='N=4194304'
aten_hardswish_backward,700.544,PASS,torch_cpu_us,sync_wall,N=4194304,Jetson_AGX_Orin_CPU_12_threads,torch_2.8.0+cpu,2026-09-07,kernel=aten_hardswish_backward torch_cpu_us=700.544 timing=sync_wall shape='N=4194304'
aten_hardtanh,429.568,PASS,torch_cpu_us,sync_wall,N=4194304,Jetson_AGX_Orin_CPU_12_threads,torch_2.8.0+cpu,2026-09-07,kernel=aten_hardtanh torch_cpu_us=429.568 timing=sync_wall shape='N=4194304'
aten_hardtanh_backward,712.960,PASS,torch_cpu_us,sync_wall,N=4194304,Jetson_AGX_Orin_CPU_12_threads,torch_2.8.0+cpu,2026-09-07,kernel=aten_hardtanh_backward torch_cpu_us=712.960 timing=sync_wall shape='N=4194304'
aten_histogram_select_outer_bin_edges_cpu,,SKIP,torch_cpu_us,unspecified,N=4194304,Jetson_AGX_Orin_CPU_12_threads,torch_2.8.0+cpu,2026-09-07,kernel=aten_histogram_select_outer_bin_edges_cpu torch_cpu_us=SKIP err=build:AttributeError:'NoneType' object has no attribute 'startswith' shape='N=4194304'
aten_host_softmax_backward_cpu,676.000,PASS,torch_cpu_us,sync_wall,R=65536_K=64,Jetson_AGX_Orin_CPU_12_threads,torch_2.8.0+cpu,2026-09-07,kernel=aten_host_softmax_backward_cpu torch_cpu_us=676.000 timing=sync_wall shape='R=65536_K=64'
aten_host_softmax_cpu,1453.152,PASS,torch_cpu_us,sync_wall,K=2897_R=1448,Jetson_AGX_Orin_CPU_12_threads,torch_2.8.0+cpu,2026-09-07,kernel=aten_host_softmax_cpu torch_cpu_us=1453.152 timing=sync_wall shape='K=2897_R=1448'
aten_hspmm_cpu,138.976,PASS,torch_cpu_us,sync_wall,R=64_C=4096_N=4096,Jetson_AGX_Orin_CPU_12_threads,torch_2.8.0+cpu,2026-09-07,kernel=aten_hspmm_cpu torch_cpu_us=138.976 timing=sync_wall shape='R=64_C=4096_N=4096'
aten_huber_backward,723.392,PASS,torch_cpu_us,sync_wall,N=4194304,Jetson_AGX_Orin_CPU_12_threads,torch_2.8.0+cpu,2026-09-07,kernel=aten_huber_backward torch_cpu_us=723.392 timing=sync_wall shape='N=4194304'
aten_huber_elementwise,723.968,PASS,torch_cpu_us,sync_wall,N=4194304,Jetson_AGX_Orin_CPU_12_threads,torch_2.8.0+cpu,2026-09-07,kernel=aten_huber_elementwise torch_cpu_us=723.968 timing=sync_wall shape='N=4194304'
aten_hypot,2660.480,PASS,torch_cpu_us,sync_wall,N=4194304,Jetson_AGX_Orin_CPU_12_threads,torch_2.8.0+cpu,2026-09-07,kernel=aten_hypot torch_cpu_us=2660.480 timing=sync_wall shape='N=4194304'
aten_im2col,224.992,PASS,torch_cpu_us,sync_wall,B=4_C=8_H=128_W=128_KH=3_KW=3,Jetson_AGX_Orin_CPU_12_threads,torch_2.8.0+cpu,2026-09-07,kernel=aten_im2col torch_cpu_us=224.992 timing=sync_wall shape='B=4_C=8_H=128_W=128_KH=3_KW=3'
aten_int_mm_out_cpu,43150.144,PASS,torch_cpu_us,sync_wall,M=512_N=512_K=1024,Jetson_AGX_Orin_CPU_12_threads,torch_2.8.0+cpu,2026-09-07,kernel=aten_int_mm_out_cpu torch_cpu_us=43150.144 timing=sync_wall shape='M=512_N=512_K=1024'
aten_joint_scaling_cpu,,SKIP,torch_cpu_us,unspecified,N=16777216,Jetson_AGX_Orin_CPU_12_threads,torch_2.8.0+cpu,2026-09-07,kernel=aten_joint_scaling_cpu torch_cpu_us=SKIP err=build:AttributeError:'NoneType' object has no attribute 'startswith' shape='N=16777216'
aten_kron_impl_cpu,,SKIP,torch_cpu_us,unspecified,A=256_B=128_C=32_D=32,Jetson_AGX_Orin_CPU_12_threads,torch_2.8.0+cpu,2026-09-07,kernel=aten_kron_impl_cpu torch_cpu_us=SKIP err=build:AttributeError:'NoneType' object has no attribute 'startswith' shape='A=256_B=128_C=32_D=32'
aten_kron_out_cpu,,SKIP,torch_cpu_us,unspecified,A=256_B=128_C=32_D=32,Jetson_AGX_Orin_CPU_12_threads,torch_2.8.0+cpu,2026-09-07,kernel=aten_kron_out_cpu torch_cpu_us=SKIP err=build:AttributeError:'NoneType' object has no attribute 'startswith' shape='A=256_B=128_C=32_D=32'
aten_layer_norm,7300.512,PASS,torch_cpu_us,sync_wall,N=4194304,Jetson_AGX_Orin_CPU_12_threads,torch_2.8.0+cpu,2026-09-07,kernel=aten_layer_norm torch_cpu_us=7300.512 timing=sync_wall shape='N=4194304'
aten_layer_norm_backward_cpu,1104.000,PASS,torch_cpu_us,sync_wall,B=1024_D=4095,Jetson_AGX_Orin_CPU_12_threads,torch_2.8.0+cpu,2026-09-07,kernel=aten_layer_norm_backward_cpu torch_cpu_us=1104.000 timing=sync_wall shape='B=1024_D=4095'
aten_layer_norm_cpu_backend,670.304,PASS,torch_cpu_us,sync_wall,B=1024_D=4095,Jetson_AGX_Orin_CPU_12_threads,torch_2.8.0+cpu,2026-09-07,kernel=aten_layer_norm_cpu_backend torch_cpu_us=670.304 timing=sync_wall shape='B=1024_D=4095'
aten_leaky_relu,418.560,PASS,torch_cpu_us,sync_wall,N=4194304,Jetson_AGX_Orin_CPU_12_threads,torch_2.8.0+cpu,2026-09-07,kernel=aten_leaky_relu torch_cpu_us=418.560 timing=sync_wall shape='N=4194304'
aten_lerp,715.680,PASS,torch_cpu_us,sync_wall,N=4194304,Jetson_AGX_Orin_CPU_12_threads,torch_2.8.0+cpu,2026-09-07,kernel=aten_lerp torch_cpu_us=715.680 timing=sync_wall shape='N=4194304'
aten_lerp_scalar,714.720,PASS,torch_cpu_us,sync_wall,N=4194304,Jetson_AGX_Orin_CPU_12_threads,torch_2.8.0+cpu,2026-09-07,kernel=aten_lerp_scalar torch_cpu_us=714.720 timing=sync_wall shape='N=4194304'
aten_lerp_scalar_cpu,715.840,PASS,torch_cpu_us,sync_wall,N=4194304,Jetson_AGX_Orin_CPU_12_threads,torch_2.8.0+cpu,2026-09-07,kernel=aten_lerp_scalar_cpu torch_cpu_us=715.840 timing=sync_wall shape='N=4194304'
aten_lerp_tensor_cpu,1013.696,PASS,torch_cpu_us,sync_wall,N=4194304,Jetson_AGX_Orin_CPU_12_threads,torch_2.8.0+cpu,2026-09-07,kernel=aten_lerp_tensor_cpu torch_cpu_us=1013.696 timing=sync_wall shape='N=4194304'
aten_linear_combination_cpu,793.344,PASS,torch_cpu_us,sync_wall,N=1048575,Jetson_AGX_Orin_CPU_12_threads,torch_2.8.0+cpu,2026-09-07,kernel=aten_linear_combination_cpu torch_cpu_us=793.344 timing=sync_wall shape='N=1048575'
aten_log,1876.640,PASS,torch_cpu_us,sync_wall,N=4194304,Jetson_AGX_Orin_CPU_12_threads,torch_2.8.0+cpu,2026-09-07,kernel=aten_log torch_cpu_us=1876.640 timing=sync_wall shape='N=4194304'
aten_log10,2057.824,PASS,torch_cpu_us,sync_wall,N=4194304,Jetson_AGX_Orin_CPU_12_threads,torch_2.8.0+cpu,2026-09-07,kernel=aten_log10 torch_cpu_us=2057.824 timing=sync_wall shape='N=4194304'
aten_log1p,2031.456,PASS,torch_cpu_us,sync_wall,N=4194304,Jetson_AGX_Orin_CPU_12_threads,torch_2.8.0+cpu,2026-09-07,kernel=aten_log1p torch_cpu_us=2031.456 timing=sync_wall shape='N=4194304'
aten_log2,2094.880,PASS,torch_cpu_us,sync_wall,N=4194304,Jetson_AGX_Orin_CPU_12_threads,torch_2.8.0+cpu,2026-09-07,kernel=aten_log2 torch_cpu_us=2094.880 timing=sync_wall shape='N=4194304'
aten_log_normal_cpu,200453.472,PASS,torch_cpu_us,sync_wall,N=4194304,Jetson_AGX_Orin_CPU_12_threads,torch_2.8.0+cpu,2026-09-07,kernel=aten_log_normal_cpu torch_cpu_us=200453.472 timing=sync_wall shape='N=4194304'
aten_log_sigmoid_backward_cpu,1004.128,PASS,torch_cpu_us,sync_wall,N=4194304,Jetson_AGX_Orin_CPU_12_threads,torch_2.8.0+cpu,2026-09-07,kernel=aten_log_sigmoid_backward_cpu torch_cpu_us=1004.128 timing=sync_wall shape='N=4194304'
aten_log_sigmoid_cpu,10166.912,PASS,torch_cpu_us,sync_wall,N=8388608,Jetson_AGX_Orin_CPU_12_threads,torch_2.8.0+cpu,2026-09-07,kernel=aten_log_sigmoid_cpu torch_cpu_us=10166.912 timing=sync_wall shape='N=8388608'
aten_logaddexp,4634.592,PASS,torch_cpu_us,sync_wall,N=4194304,Jetson_AGX_Orin_CPU_12_threads,torch_2.8.0+cpu,2026-09-07,kernel=aten_logaddexp torch_cpu_us=4634.592 timing=sync_wall shape='N=4194304'
aten_logaddexp2,3913.344,PASS,torch_cpu_us,sync_wall,N=4194304,Jetson_AGX_Orin_CPU_12_threads,torch_2.8.0+cpu,2026-09-07,kernel=aten_logaddexp2 torch_cpu_us=3913.344 timing=sync_wall shape='N=4194304'
aten_logit,2192.736,PASS,torch_cpu_us,sync_wall,N=4194304,Jetson_AGX_Orin_CPU_12_threads,torch_2.8.0+cpu,2026-09-07,kernel=aten_logit torch_cpu_us=2192.736 timing=sync_wall shape='N=4194304'
aten_logit_backward,702.016,PASS,torch_cpu_us,sync_wall,N=4194304,Jetson_AGX_Orin_CPU_12_threads,torch_2.8.0+cpu,2026-09-07,kernel=aten_logit_backward torch_cpu_us=702.016 timing=sync_wall shape='N=4194304'
aten_masked_scale,1549.280,PASS,torch_cpu_us,sync_wall,N=4194304,Jetson_AGX_Orin_CPU_12_threads,torch_2.8.0+cpu,2026-09-07,kernel=aten_masked_scale torch_cpu_us=1549.280 timing=sync_wall shape='N=4194304'
aten_max_all_cpu,180.832,PASS,torch_cpu_us,sync_wall,N=4194304,Jetson_AGX_Orin_CPU_12_threads,torch_2.8.0+cpu,2026-09-07,kernel=aten_max_all_cpu torch_cpu_us=180.832 timing=sync_wall shape='N=4194304'
aten_max_pool2d,4592.032,PASS,torch_cpu_us,sync_wall,B=16_C=32_H=128_W=128_K=2_S=2,Jetson_AGX_Orin_CPU_12_threads,torch_2.8.0+cpu,2026-09-07,kernel=aten_max_pool2d torch_cpu_us=4592.032 timing=sync_wall shape='B=16_C=32_H=128_W=128_K=2_S=2'
aten_max_reduce_cpu,180.128,PASS,torch_cpu_us,sync_wall,N=4194304,Jetson_AGX_Orin_CPU_12_threads,torch_2.8.0+cpu,2026-09-07,kernel=aten_max_reduce_cpu torch_cpu_us=180.128 timing=sync_wall shape='N=4194304'
aten_max_values_cpu,277.088,PASS,torch_cpu_us,sync_wall,K=2897_R=1448,Jetson_AGX_Orin_CPU_12_threads,torch_2.8.0+cpu,2026-09-07,kernel=aten_max_values_cpu torch_cpu_us=277.088 timing=sync_wall shape='K=2897_R=1448'
aten_maximum,715.424,PASS,torch_cpu_us,sync_wall,N=4194304,Jetson_AGX_Orin_CPU_12_threads,torch_2.8.0+cpu,2026-09-07,kernel=aten_maximum torch_cpu_us=715.424 timing=sync_wall shape='N=4194304'
aten_mean,490.272,PASS,torch_cpu_us,sync_wall,N=4194304,Jetson_AGX_Orin_CPU_12_threads,torch_2.8.0+cpu,2026-09-07,kernel=aten_mean torch_cpu_us=490.272 timing=sync_wall shape='N=4194304'
aten_min_all_cpu,195.584,PASS,torch_cpu_us,sync_wall,N=4194304,Jetson_AGX_Orin_CPU_12_threads,torch_2.8.0+cpu,2026-09-07,kernel=aten_min_all_cpu torch_cpu_us=195.584 timing=sync_wall shape='N=4194304'
aten_min_reduce_cpu,184.672,PASS,torch_cpu_us,sync_wall,N=4194304,Jetson_AGX_Orin_CPU_12_threads,torch_2.8.0+cpu,2026-09-07,kernel=aten_min_reduce_cpu torch_cpu_us=184.672 timing=sync_wall shape='N=4194304'
aten_min_values_cpu,287.872,PASS,torch_cpu_us,sync_wall,K=2897_R=1448,Jetson_AGX_Orin_CPU_12_threads,torch_2.8.0+cpu,2026-09-07,kernel=aten_min_values_cpu torch_cpu_us=287.872 timing=sync_wall shape='K=2897_R=1448'
aten_minimum,717.344,PASS,torch_cpu_us,sync_wall,N=4194304,Jetson_AGX_Orin_CPU_12_threads,torch_2.8.0+cpu,2026-09-07,kernel=aten_minimum torch_cpu_us=717.344 timing=sync_wall shape='N=4194304'
aten_mish,9061.024,PASS,torch_cpu_us,sync_wall,N=4194304,Jetson_AGX_Orin_CPU_12_threads,torch_2.8.0+cpu,2026-09-07,kernel=aten_mish torch_cpu_us=9061.024 timing=sync_wall shape='N=4194304'
aten_mish_backward,10156.960,PASS,torch_cpu_us,sync_wall,N=4194304,Jetson_AGX_Orin_CPU_12_threads,torch_2.8.0+cpu,2026-09-07,kernel=aten_mish_backward torch_cpu_us=10156.960 timing=sync_wall shape='N=4194304'
aten_mm,1561.920,PASS,torch_cpu_us,sync_wall,M=512_N=512_K=512,Jetson_AGX_Orin_CPU_12_threads,torch_2.8.0+cpu,2026-09-07,kernel=aten_mm torch_cpu_us=1561.920 timing=sync_wall shape='M=512_N=512_K=512'
aten_mse_backward,1212.512,PASS,torch_cpu_us,sync_wall,N=4194304,Jetson_AGX_Orin_CPU_12_threads,torch_2.8.0+cpu,2026-09-07,kernel=aten_mse_backward torch_cpu_us=1212.512 timing=sync_wall shape='N=4194304'
aten_mse_elementwise,731.456,PASS,torch_cpu_us,sync_wall,N=4194304,Jetson_AGX_Orin_CPU_12_threads,torch_2.8.0+cpu,2026-09-07,kernel=aten_mse_elementwise torch_cpu_us=731.456 timing=sync_wall shape='N=4194304'
aten_mse_loss,1040.896,PASS,torch_cpu_us,sync_wall,N=4194304,Jetson_AGX_Orin_CPU_12_threads,torch_2.8.0+cpu,2026-09-07,kernel=aten_mse_loss torch_cpu_us=1040.896 timing=sync_wall shape='N=4194304'
aten_mul,686.752,PASS,torch_cpu_us,sync_wall,N=4194304,Jetson_AGX_Orin_CPU_12_threads,torch_2.8.0+cpu,2026-09-07,kernel=aten_mul torch_cpu_us=686.752 timing=sync_wall shape='N=4194304'
aten_mv,480.832,PASS,torch_cpu_us,sync_wall,M=4096_K=1024,Jetson_AGX_Orin_CPU_12_threads,torch_2.8.0+cpu,2026-09-07,kernel=aten_mv torch_cpu_us=480.832 timing=sync_wall shape='M=4096_K=1024'
aten_nansum_cpu,523.328,PASS,torch_cpu_us,sync_wall,R=131072_K=64,Jetson_AGX_Orin_CPU_12_threads,torch_2.8.0+cpu,2026-09-07,kernel=aten_nansum_cpu torch_cpu_us=523.328 timing=sync_wall shape='R=131072_K=64'
aten_narrow_copy_dense_cpu,384.800,PASS,torch_cpu_us,sync_wall,C=2897_L=724_R=1448,Jetson_AGX_Orin_CPU_12_threads,torch_2.8.0+cpu,2026-09-07,kernel=aten_narrow_copy_dense_cpu torch_cpu_us=384.800 timing=sync_wall shape='C=2897_L=724_R=1448'
aten_neg,424.640,PASS,torch_cpu_us,sync_wall,N=4194304,Jetson_AGX_Orin_CPU_12_threads,torch_2.8.0+cpu,2026-09-07,kernel=aten_neg torch_cpu_us=424.640 timing=sync_wall shape='N=4194304'
aten_nested_all_cpu,,SKIP,torch_cpu_us,unspecified,B=724_N=5793,Jetson_AGX_Orin_CPU_12_threads,torch_2.8.0+cpu,2026-09-07,kernel=aten_nested_all_cpu torch_cpu_us=SKIP err=missing_native_fixture_adapter:nested_all shape='B=724_N=5793'
aten_nested_batch_offsets_cpu,,SKIP,torch_cpu_us,unspecified,B=4194302,Jetson_AGX_Orin_CPU_12_threads,torch_2.8.0+cpu,2026-09-07,kernel=aten_nested_batch_offsets_cpu torch_cpu_us=SKIP err=build:AttributeError:'NoneType' object has no attribute 'startswith' shape='B=4194302'
aten_nested_bmm_cpu,,SKIP,torch_cpu_us,unspecified,B=83_K=248_M=165_N=206,Jetson_AGX_Orin_CPU_12_threads,torch_2.8.0+cpu,2026-09-07,kernel=aten_nested_bmm_cpu torch_cpu_us=SKIP err=missing_native_fixture_adapter:nested_bmm shape='B=83_K=248_M=165_N=206'
aten_nested_clone_cpu,417.504,PASS,torch_cpu_us,sync_wall,B=724_N=5793,Jetson_AGX_Orin_CPU_12_threads,torch_2.8.0+cpu,2026-09-07,kernel=aten_nested_clone_cpu torch_cpu_us=417.504 timing=sync_wall shape='B=724_N=5793'
aten_nested_matmul_broadcast_cpu,28222.784,PASS,torch_cpu_us,sync_wall,B=89_K=266_M=178_N=222,Jetson_AGX_Orin_CPU_12_threads,torch_2.8.0+cpu,2026-09-07,kernel=aten_nested_matmul_broadcast_cpu torch_cpu_us=28222.784 timing=sync_wall shape='B=89_K=266_M=178_N=222'
aten_nested_softmax_backward_cpu,693.888,PASS,torch_cpu_us,sync_wall,B=65536_N=64,Jetson_AGX_Orin_CPU_12_threads,torch_2.8.0+cpu,2026-09-07,kernel=aten_nested_softmax_backward_cpu torch_cpu_us=693.888 timing=sync_wall shape='B=65536_N=64'
aten_nested_squeeze_cpu,441.056,PASS,torch_cpu_us,sync_wall,B=724_N=5793,Jetson_AGX_Orin_CPU_12_threads,torch_2.8.0+cpu,2026-09-07,kernel=aten_nested_squeeze_cpu torch_cpu_us=441.056 timing=sync_wall shape='B=724_N=5793'
aten_nested_sum_backward_cpu,173.536,PASS,torch_cpu_us,sync_wall,B=724_N=5793,Jetson_AGX_Orin_CPU_12_threads,torch_2.8.0+cpu,2026-09-07,kernel=aten_nested_sum_backward_cpu torch_cpu_us=173.536 timing=sync_wall shape='B=724_N=5793'
aten_nested_sum_dim_cpu,,SKIP,torch_cpu_us,unspecified,B=724_N=5793,Jetson_AGX_Orin_CPU_12_threads,torch_2.8.0+cpu,2026-09-07,kernel=aten_nested_sum_dim_cpu torch_cpu_us=SKIP err=missing_native_fixture_adapter:nested_sum_dim shape='B=724_N=5793'
aten_norm_cpu,1179.136,PASS,torch_cpu_us,sync_wall,K=2897_R=1448,Jetson_AGX_Orin_CPU_12_threads,torch_2.8.0+cpu,2026-09-07,kernel=aten_norm_cpu torch_cpu_us=1179.136 timing=sync_wall shape='K=2897_R=1448'
aten_normal_cpu,200267.872,PASS,torch_cpu_us,sync_wall,N=4194304,Jetson_AGX_Orin_CPU_12_threads,torch_2.8.0+cpu,2026-09-07,kernel=aten_normal_cpu torch_cpu_us=200267.872 timing=sync_wall shape='N=4194304'
aten_or_reduce_cpu,292.704,PASS,torch_cpu_us,sync_wall,K=2897_R=1448,Jetson_AGX_Orin_CPU_12_threads,torch_2.8.0+cpu,2026-09-07,kernel=aten_or_reduce_cpu torch_cpu_us=292.704 timing=sync_wall shape='K=2897_R=1448'
aten_outer,343.264,PASS,torch_cpu_us,sync_wall,M=2048_N=2048,Jetson_AGX_Orin_CPU_12_threads,torch_2.8.0+cpu,2026-09-07,kernel=aten_outer torch_cpu_us=343.264 timing=sync_wall shape='M=2048_N=2048'
aten_pixel_shuffle,784.896,PASS,torch_cpu_us,sync_wall,B=9_C=14_H=19_R=9_W=19,Jetson_AGX_Orin_CPU_12_threads,torch_2.8.0+cpu,2026-09-07,kernel=aten_pixel_shuffle torch_cpu_us=784.896 timing=sync_wall shape='B=9_C=14_H=19_R=9_W=19'
aten_pixel_shuffle_cpu_backend,1012.160,PASS,torch_cpu_us,sync_wall,B=4_C=13_H=34_RATIO=9_W=34,Jetson_AGX_Orin_CPU_12_threads,torch_2.8.0+cpu,2026-09-07,kernel=aten_pixel_shuffle_cpu_backend torch_cpu_us=1012.160 timing=sync_wall shape='B=4_C=13_H=34_RATIO=9_W=34'
aten_pixel_unshuffle_cpu_backend,1503.296,PASS,torch_cpu_us,sync_wall,B=4_C=13_H=34_RATIO=9_W=34,Jetson_AGX_Orin_CPU_12_threads,torch_2.8.0+cpu,2026-09-07,kernel=aten_pixel_unshuffle_cpu_backend torch_cpu_us=1503.296 timing=sync_wall shape='B=4_C=13_H=34_RATIO=9_W=34'
aten_polar_scalarized,3330.496,PASS,torch_cpu_us,sync_wall,N=4194304,Jetson_AGX_Orin_CPU_12_threads,torch_2.8.0+cpu,2026-09-07,kernel=aten_polar_scalarized torch_cpu_us=3330.496 timing=sync_wall shape='N=4194304'
aten_pow,6194.528,PASS,torch_cpu_us,sync_wall,N=4194304,Jetson_AGX_Orin_CPU_12_threads,torch_2.8.0+cpu,2026-09-07,kernel=aten_pow torch_cpu_us=6194.528 timing=sync_wall shape='N=4194304'
aten_pow_tensor_scalar,6224.128,PASS,torch_cpu_us,sync_wall,N=4194304,Jetson_AGX_Orin_CPU_12_threads,torch_2.8.0+cpu,2026-09-07,kernel=aten_pow_tensor_scalar torch_cpu_us=6224.128 timing=sync_wall shape='N=4194304'
aten_prod,204.224,PASS,torch_cpu_us,sync_wall,N=4194304,Jetson_AGX_Orin_CPU_12_threads,torch_2.8.0+cpu,2026-09-07,kernel=aten_prod torch_cpu_us=204.224 timing=sync_wall shape='N=4194304'
aten_quant_col_offsets_cpu,,SKIP,torch_cpu_us,unspecified,K=1048576_N=48,Jetson_AGX_Orin_CPU_12_threads,torch_2.8.0+cpu,2026-09-07,kernel=aten_quant_col_offsets_cpu torch_cpu_us=SKIP err=build:AttributeError:'NoneType' object has no attribute 'startswith' shape='K=1048576_N=48'
aten_reciprocal,418.752,PASS,torch_cpu_us,sync_wall,N=4194304,Jetson_AGX_Orin_CPU_12_threads,torch_2.8.0+cpu,2026-09-07,kernel=aten_reciprocal torch_cpu_us=418.752 timing=sync_wall shape='N=4194304'
aten_relu,433.120,PASS,torch_cpu_us,sync_wall,N=4194304,Jetson_AGX_Orin_CPU_12_threads,torch_2.8.0+cpu,2026-09-07,kernel=aten_relu torch_cpu_us=433.120 timing=sync_wall shape='N=4194304'
aten_renorm_scale_factor,2413.344,PASS,torch_cpu_us,sync_wall,N=4194304,Jetson_AGX_Orin_CPU_12_threads,torch_2.8.0+cpu,2026-09-07,kernel=aten_renorm_scale_factor torch_cpu_us=2413.344 timing=sync_wall shape='N=4194304'
aten_repeat_compute_cpu,165.568,PASS,torch_cpu_us,sync_wall,N=8192_R=512,Jetson_AGX_Orin_CPU_12_threads,torch_2.8.0+cpu,2026-09-07,kernel=aten_repeat_compute_cpu torch_cpu_us=165.568 timing=sync_wall shape='N=8192_R=512'
aten_repeat_tensor_shape_cpu,164.928,PASS,torch_cpu_us,sync_wall,N=8192_R=512,Jetson_AGX_Orin_CPU_12_threads,torch_2.8.0+cpu,2026-09-07,kernel=aten_repeat_tensor_shape_cpu torch_cpu_us=164.928 timing=sync_wall shape='N=8192_R=512'
aten_rms_norm,2024.032,PASS,torch_cpu_us,sync_wall,N=4194304,Jetson_AGX_Orin_CPU_12_threads,torch_2.8.0+cpu,2026-09-07,kernel=aten_rms_norm torch_cpu_us=2024.032 timing=sync_wall shape='N=4194304'
aten_round,424.256,PASS,torch_cpu_us,sync_wall,N=4194304,Jetson_AGX_Orin_CPU_12_threads,torch_2.8.0+cpu,2026-09-07,kernel=aten_round torch_cpu_us=424.256 timing=sync_wall shape='N=4194304'
aten_round_decimals,422.208,PASS,torch_cpu_us,sync_wall,N=4194304,Jetson_AGX_Orin_CPU_12_threads,torch_2.8.0+cpu,2026-09-07,kernel=aten_round_decimals torch_cpu_us=422.208 timing=sync_wall shape='N=4194304'
aten_rsqrt,554.496,PASS,torch_cpu_us,sync_wall,N=4194304,Jetson_AGX_Orin_CPU_12_threads,torch_2.8.0+cpu,2026-09-07,kernel=aten_rsqrt torch_cpu_us=554.496 timing=sync_wall shape='N=4194304'
aten_sampled_addmm_sparse_csr_cpu,12464.000,PASS,torch_cpu_us,sync_wall,R=4096_K=512_C=4096_NNZ=262144_N=262144,Jetson_AGX_Orin_CPU_12_threads,torch_2.8.0+cpu,2026-09-07,kernel=aten_sampled_addmm_sparse_csr_cpu torch_cpu_us=12464.000 timing=sync_wall shape='R=4096_K=512_C=4096_NNZ=262144_N=262144'
aten_shrink_backward,1996.256,PASS,torch_cpu_us,sync_wall,N=4194304,Jetson_AGX_Orin_CPU_12_threads,torch_2.8.0+cpu,2026-09-07,kernel=aten_shrink_backward torch_cpu_us=1996.256 timing=sync_wall shape='N=4194304'
aten_sigmoid,1242.304,PASS,torch_cpu_us,sync_wall,N=4194304,Jetson_AGX_Orin_CPU_12_threads,torch_2.8.0+cpu,2026-09-07,kernel=aten_sigmoid torch_cpu_us=1242.304 timing=sync_wall shape='N=4194304'
aten_sigmoid_backward,700.000,PASS,torch_cpu_us,sync_wall,N=4194304,Jetson_AGX_Orin_CPU_12_threads,torch_2.8.0+cpu,2026-09-07,kernel=aten_sigmoid_backward torch_cpu_us=700.000 timing=sync_wall shape='N=4194304'
aten_silu,1316.192,PASS,torch_cpu_us,sync_wall,N=4194304,Jetson_AGX_Orin_CPU_12_threads,torch_2.8.0+cpu,2026-09-07,kernel=aten_silu torch_cpu_us=1316.192 timing=sync_wall shape='N=4194304'
aten_silu_backward,1539.616,PASS,torch_cpu_us,sync_wall,N=4194304,Jetson_AGX_Orin_CPU_12_threads,torch_2.8.0+cpu,2026-09-07,kernel=aten_silu_backward torch_cpu_us=1539.616 timing=sync_wall shape='N=4194304'
aten_silu_cpu,1309.984,PASS,torch_cpu_us,sync_wall,N=4194304,Jetson_AGX_Orin_CPU_12_threads,torch_2.8.0+cpu,2026-09-07,kernel=aten_silu_cpu torch_cpu_us=1309.984 timing=sync_wall shape='N=4194304'
aten_sin,1552.544,PASS,torch_cpu_us,sync_wall,N=4194304,Jetson_AGX_Orin_CPU_12_threads,torch_2.8.0+cpu,2026-09-07,kernel=aten_sin torch_cpu_us=1552.544 timing=sync_wall shape='N=4194304'
aten_sinh,3047.360,PASS,torch_cpu_us,sync_wall,N=4194304,Jetson_AGX_Orin_CPU_12_threads,torch_2.8.0+cpu,2026-09-07,kernel=aten_sinh torch_cpu_us=3047.360 timing=sync_wall shape='N=4194304'
aten_slow_conv3d_backward_input_cpu,,SKIP,torch_cpu_us,unspecified,C=8_O=16_D=32_H=32_W=32_K=3,Jetson_AGX_Orin_CPU_12_threads,torch_2.8.0+cpu,2026-09-07,kernel=aten_slow_conv3d_backward_input_cpu torch_cpu_us=SKIP err=missing_native_fixture_adapter:slow_conv3d_backward_input shape='C=8_O=16_D=32_H=32_W=32_K=3'
aten_slow_conv3d_backward_weight_cpu,,SKIP,torch_cpu_us,unspecified,C=8_O=16_D=32_H=32_W=32_K=3,Jetson_AGX_Orin_CPU_12_threads,torch_2.8.0+cpu,2026-09-07,kernel=aten_slow_conv3d_backward_weight_cpu torch_cpu_us=SKIP err=missing_native_fixture_adapter:slow_conv3d_backward_weight shape='C=8_O=16_D=32_H=32_W=32_K=3'
aten_slow_conv3d_forward_cpu,,SKIP,torch_cpu_us,unspecified,C=14_D=55_H=62_K=21_O=21_W=68,Jetson_AGX_Orin_CPU_12_threads,torch_2.8.0+cpu,2026-09-07,kernel=aten_slow_conv3d_forward_cpu torch_cpu_us=SKIP err=missing_native_fixture_adapter:slow_conv3d shape='C=14_D=55_H=62_K=21_O=21_W=68'
aten_smooth_l1_backward,1221.024,PASS,torch_cpu_us,sync_wall,N=4194304,Jetson_AGX_Orin_CPU_12_threads,torch_2.8.0+cpu,2026-09-07,kernel=aten_smooth_l1_backward torch_cpu_us=1221.024 timing=sync_wall shape='N=4194304'
aten_smooth_l1_elementwise,713.536,PASS,torch_cpu_us,sync_wall,N=4194304,Jetson_AGX_Orin_CPU_12_threads,torch_2.8.0+cpu,2026-09-07,kernel=aten_smooth_l1_elementwise torch_cpu_us=713.536 timing=sync_wall shape='N=4194304'
aten_softmax,16249.216,PASS,torch_cpu_us,sync_wall,N=4194304,Jetson_AGX_Orin_CPU_12_threads,torch_2.8.0+cpu,2026-09-07,kernel=aten_softmax torch_cpu_us=16249.216 timing=sync_wall shape='N=4194304'
aten_softplus,8923.584,PASS,torch_cpu_us,sync_wall,N=8388608,Jetson_AGX_Orin_CPU_12_threads,torch_2.8.0+cpu,2026-09-07,kernel=aten_softplus torch_cpu_us=8923.584 timing=sync_wall shape='N=8388608'
aten_softplus_backward,4473.856,PASS,torch_cpu_us,sync_wall,N=4194304,Jetson_AGX_Orin_CPU_12_threads,torch_2.8.0+cpu,2026-09-07,kernel=aten_softplus_backward torch_cpu_us=4473.856 timing=sync_wall shape='N=4194304'
aten_softshrink,419.296,PASS,torch_cpu_us,sync_wall,N=4194304,Jetson_AGX_Orin_CPU_12_threads,torch_2.8.0+cpu,2026-09-07,kernel=aten_softshrink torch_cpu_us=419.296 timing=sync_wall shape='N=4194304'
aten_sort_cpu,1580.640,PASS,torch_cpu_us,sync_wall,K=4095_R=1024,Jetson_AGX_Orin_CPU_12_threads,torch_2.8.0+cpu,2026-09-07,kernel=aten_sort_cpu torch_cpu_us=1580.640 timing=sync_wall shape='K=4095_R=1024'
aten_sparse_add_values_cpu,699.296,PASS,torch_cpu_us,sync_wall,N=4194304,Jetson_AGX_Orin_CPU_12_threads,torch_2.8.0+cpu,2026-09-07,kernel=aten_sparse_add_values_cpu torch_cpu_us=699.296 timing=sync_wall shape='N=4194304'
aten_sparse_addmm_cpu,3394.496,PASS,torch_cpu_us,sync_wall,R=64_C=4096_N=4096,Jetson_AGX_Orin_CPU_12_threads,torch_2.8.0+cpu,2026-09-07,kernel=aten_sparse_addmm_cpu torch_cpu_us=3394.496 timing=sync_wall shape='R=64_C=4096_N=4096'
aten_sparse_addmv_bsr_cpu,7185.440,PASS,torch_cpu_us,sync_wall,R=4096_C=4096_BR=4_BC=4_N=262144,Jetson_AGX_Orin_CPU_12_threads,torch_2.8.0+cpu,2026-09-07,kernel=aten_sparse_addmv_bsr_cpu torch_cpu_us=7185.440 timing=sync_wall shape='R=4096_C=4096_BR=4_BC=4_N=262144'
aten_sparse_addmv_csr_cpu,62824.448,PASS,torch_cpu_us,sync_wall,R=65536_C=65536_N=4194304,Jetson_AGX_Orin_CPU_12_threads,torch_2.8.0+cpu,2026-09-07,kernel=aten_sparse_addmv_csr_cpu torch_cpu_us=62824.448 timing=sync_wall shape='R=65536_C=65536_N=4194304'
aten_sparse_bmm_cpu,,SKIP,torch_cpu_us,unspecified,B=37_K=375_M=300_N=225,Jetson_AGX_Orin_CPU_12_threads,torch_2.8.0+cpu,2026-09-07,kernel=aten_sparse_bmm_cpu torch_cpu_us=SKIP err=missing_native_fixture_adapter:sparse_bmm shape='B=37_K=375_M=300_N=225'
aten_sparse_coo_softmax_backward_cpu,392412.224,PASS,torch_cpu_us,sync_wall,R=524288_K=8,Jetson_AGX_Orin_CPU_12_threads,torch_2.8.0+cpu,2026-09-07,kernel=aten_sparse_coo_softmax_backward_cpu torch_cpu_us=392412.224 timing=sync_wall shape='R=524288_K=8'
aten_sparse_coo_to_csr_cpu,,SKIP,torch_cpu_us,unspecified,N=4194304_R=65536,Jetson_AGX_Orin_CPU_12_threads,torch_2.8.0+cpu,2026-09-07,kernel=aten_sparse_coo_to_csr_cpu torch_cpu_us=SKIP err=build:AttributeError:'NoneType' object has no attribute 'startswith' shape='N=4194304_R=65536'
aten_sparse_csr_addmm_cpu,102683.808,PASS,torch_cpu_us,sync_wall,R=65536_K=65536_C=64_N=4194304,Jetson_AGX_Orin_CPU_12_threads,torch_2.8.0+cpu,2026-09-07,kernel=aten_sparse_csr_addmm_cpu torch_cpu_us=102683.808 timing=sync_wall shape='R=65536_K=65536_C=64_N=4194304'
aten_sparse_csr_reduce_all_cpu,213.952,PASS,torch_cpu_us,sync_wall,N=4194304,Jetson_AGX_Orin_CPU_12_threads,torch_2.8.0+cpu,2026-09-07,kernel=aten_sparse_csr_reduce_all_cpu torch_cpu_us=213.952 timing=sync_wall shape='N=4194304'
aten_sparse_intersection_apply_cpu,704.736,PASS,torch_cpu_us,sync_wall,N=4194304,Jetson_AGX_Orin_CPU_12_threads,torch_2.8.0+cpu,2026-09-07,kernel=aten_sparse_intersection_apply_cpu torch_cpu_us=704.736 timing=sync_wall shape='N=4194304'
aten_sparse_intersection_launch_cpu,688.992,PASS,torch_cpu_us,sync_wall,N=4194304,Jetson_AGX_Orin_CPU_12_threads,torch_2.8.0+cpu,2026-09-07,kernel=aten_sparse_intersection_launch_cpu torch_cpu_us=688.992 timing=sync_wall shape='N=4194304'
aten_sparse_matmul_cpu,,SKIP,torch_cpu_us,unspecified,C=2047_N=16380_R=2047,Jetson_AGX_Orin_CPU_12_threads,torch_2.8.0+cpu,2026-09-07,kernel=aten_sparse_matmul_cpu torch_cpu_us=SKIP err=build:AttributeError:'NoneType' object has no attribute 'startswith' shape='C=2047_N=16380_R=2047'
aten_sparse_matmul_csr_to_coo_cpu,,SKIP,torch_cpu_us,unspecified,N=4194304_R=65536,Jetson_AGX_Orin_CPU_12_threads,torch_2.8.0+cpu,2026-09-07,kernel=aten_sparse_matmul_csr_to_coo_cpu torch_cpu_us=SKIP err=build:AttributeError:'NoneType' object has no attribute 'startswith' shape='N=4194304_R=65536'
aten_sparse_mul_cpu,689.440,PASS,torch_cpu_us,sync_wall,N=4194304,Jetson_AGX_Orin_CPU_12_threads,torch_2.8.0+cpu,2026-09-07,kernel=aten_sparse_mul_cpu torch_cpu_us=689.440 timing=sync_wall shape='N=4194304'
aten_sparse_norm_cpu,589.920,PASS,torch_cpu_us,sync_wall,N=2097152,Jetson_AGX_Orin_CPU_12_threads,torch_2.8.0+cpu,2026-09-07,kernel=aten_sparse_norm_cpu torch_cpu_us=589.920 timing=sync_wall shape='N=2097152'
aten_sparse_sum_cpu,201.984,PASS,torch_cpu_us,sync_wall,N=4194304,Jetson_AGX_Orin_CPU_12_threads,torch_2.8.0+cpu,2026-09-07,kernel=aten_sparse_sum_cpu torch_cpu_us=201.984 timing=sync_wall shape='N=4194304'
aten_split_copy_cpu,598.912,PASS,torch_cpu_us,sync_wall,N=4194304_S=4,Jetson_AGX_Orin_CPU_12_threads,torch_2.8.0+cpu,2026-09-07,kernel=aten_split_copy_cpu torch_cpu_us=598.912 timing=sync_wall shape='N=4194304_S=4'
aten_sqrt,422.112,PASS,torch_cpu_us,sync_wall,N=4194304,Jetson_AGX_Orin_CPU_12_threads,torch_2.8.0+cpu,2026-09-07,kernel=aten_sqrt torch_cpu_us=422.112 timing=sync_wall shape='N=4194304'
aten_square,420.416,PASS,torch_cpu_us,sync_wall,N=4194304,Jetson_AGX_Orin_CPU_12_threads,torch_2.8.0+cpu,2026-09-07,kernel=aten_square torch_cpu_us=420.416 timing=sync_wall shape='N=4194304'
aten_sspaddmm_cpu,501.376,PASS,torch_cpu_us,sync_wall,C=1774_K=2365_N=18917_R=2365,Jetson_AGX_Orin_CPU_12_threads,torch_2.8.0+cpu,2026-09-07,kernel=aten_sspaddmm_cpu torch_cpu_us=501.376 timing=sync_wall shape='C=1774_K=2365_N=18917_R=2365'
aten_stack_serial_cpu,18.912,PASS,torch_cpu_us,sync_wall,K=405_R=203_T=51,Jetson_AGX_Orin_CPU_12_threads,torch_2.8.0+cpu,2026-09-07,kernel=aten_stack_serial_cpu torch_cpu_us=18.912 timing=sync_wall shape='K=405_R=203_T=51'
aten_standard_gamma_grad_cpu,279263.552,PASS,torch_cpu_us,sync_wall,N=4194304,Jetson_AGX_Orin_CPU_12_threads,torch_2.8.0+cpu,2026-09-07,kernel=aten_standard_gamma_grad_cpu torch_cpu_us=279263.552 timing=sync_wall shape='N=4194304'
aten_sum,516.704,PASS,torch_cpu_us,sync_wall,M=65536_N=64,Jetson_AGX_Orin_CPU_12_threads,torch_2.8.0+cpu,2026-09-07,kernel=aten_sum torch_cpu_us=516.704 timing=sync_wall shape='M=65536_N=64'
aten_sum_cpu_backend,217.024,PASS,torch_cpu_us,sync_wall,K=4095_R=1024,Jetson_AGX_Orin_CPU_12_threads,torch_2.8.0+cpu,2026-09-07,kernel=aten_sum_cpu_backend torch_cpu_us=217.024 timing=sync_wall shape='K=4095_R=1024'
aten_sumproduct_pair_cpu,,SKIP,torch_cpu_us,unspecified,B=70_K=282_M=141_N=211,Jetson_AGX_Orin_CPU_12_threads,torch_2.8.0+cpu,2026-09-07,kernel=aten_sumproduct_pair_cpu torch_cpu_us=SKIP err=build:AttributeError:'NoneType' object has no attribute 'startswith' shape='B=70_K=282_M=141_N=211'
aten_tan,3204.064,PASS,torch_cpu_us,sync_wall,N=4194304,Jetson_AGX_Orin_CPU_12_threads,torch_2.8.0+cpu,2026-09-07,kernel=aten_tan torch_cpu_us=3204.064 timing=sync_wall shape='N=4194304'
aten_tanh,3616.416,PASS,torch_cpu_us,sync_wall,N=4194304,Jetson_AGX_Orin_CPU_12_threads,torch_2.8.0+cpu,2026-09-07,kernel=aten_tanh torch_cpu_us=3616.416 timing=sync_wall shape='N=4194304'
aten_tanh_backward,705.728,PASS,torch_cpu_us,sync_wall,N=4194304,Jetson_AGX_Orin_CPU_12_threads,torch_2.8.0+cpu,2026-09-07,kernel=aten_tanh_backward torch_cpu_us=705.728 timing=sync_wall shape='N=4194304'
aten_threshold_backward,699.936,PASS,torch_cpu_us,sync_wall,N=4194304,Jetson_AGX_Orin_CPU_12_threads,torch_2.8.0+cpu,2026-09-07,kernel=aten_threshold_backward torch_cpu_us=699.936 timing=sync_wall shape='N=4194304'
aten_topk_cpu,373.344,PASS,torch_cpu_us,sync_wall,K=4095_R=1024_TOP=512,Jetson_AGX_Orin_CPU_12_threads,torch_2.8.0+cpu,2026-09-07,kernel=aten_topk_cpu torch_cpu_us=373.344 timing=sync_wall shape='K=4095_R=1024_TOP=512'
aten_trace_cpu,8.832,PASS,torch_cpu_us,sync_wall,N=2047,Jetson_AGX_Orin_CPU_12_threads,torch_2.8.0+cpu,2026-09-07,kernel=aten_trace_cpu torch_cpu_us=8.832 timing=sync_wall shape='N=2047'
aten_transform_bias_rescale_qkv_cpu,,SKIP,torch_cpu_us,unspecified,B=8_S=512_H=16_D=64,Jetson_AGX_Orin_CPU_12_threads,torch_2.8.0+cpu,2026-09-07,kernel=aten_transform_bias_rescale_qkv_cpu torch_cpu_us=SKIP err=build:AttributeError:'NoneType' object has no attribute 'startswith' shape='B=8_S=512_H=16_D=64'
aten_transpose_copy,9355.008,PASS,torch_cpu_us,sync_wall,M=2365_N=1774,Jetson_AGX_Orin_CPU_12_threads,torch_2.8.0+cpu,2026-09-07,kernel=aten_transpose_copy torch_cpu_us=9355.008 timing=sync_wall shape='M=2365_N=1774'
aten_trilinear_cpu,11711.008,PASS,torch_cpu_us,sync_wall,B=65_I=131_J=163_K=196,Jetson_AGX_Orin_CPU_12_threads,torch_2.8.0+cpu,2026-09-07,kernel=aten_trilinear_cpu torch_cpu_us=11711.008 timing=sync_wall shape='B=65_I=131_J=163_K=196'
aten_trunc,423.072,PASS,torch_cpu_us,sync_wall,N=4194304,Jetson_AGX_Orin_CPU_12_threads,torch_2.8.0+cpu,2026-09-07,kernel=aten_trunc torch_cpu_us=423.072 timing=sync_wall shape='N=4194304'
aten_unbind_copy_cpu,4687.360,PASS,torch_cpu_us,sync_wall,B=512_N=8192,Jetson_AGX_Orin_CPU_12_threads,torch_2.8.0+cpu,2026-09-07,kernel=aten_unbind_copy_cpu torch_cpu_us=4687.360 timing=sync_wall shape='B=512_N=8192'
aten_unfolded2d_copy_cpu,457.504,PASS,torch_cpu_us,sync_wall,C=11_H=46_KH=17_KW=17_OH=34_OW=34_W=46,Jetson_AGX_Orin_CPU_12_threads,torch_2.8.0+cpu,2026-09-07,kernel=aten_unfolded2d_copy_cpu torch_cpu_us=457.504 timing=sync_wall shape='C=11_H=46_KH=17_KW=17_OH=34_OW=34_W=46'
aten_uniform_cpu,17863.552,PASS,torch_cpu_us,sync_wall,N=4194304,Jetson_AGX_Orin_CPU_12_threads,torch_2.8.0+cpu,2026-09-07,kernel=aten_uniform_cpu torch_cpu_us=17863.552 timing=sync_wall shape='N=4194304'
aten_upsample_bilinear2d,505.632,PASS,torch_cpu_us,sync_wall,B=4096_C=3_H=4_W=4,Jetson_AGX_Orin_CPU_12_threads,torch_2.8.0+cpu,2026-09-07,kernel=aten_upsample_bilinear2d torch_cpu_us=505.632 timing=sync_wall shape='B=4096_C=3_H=4_W=4'
aten_vector_norm_out_cpu,1186.336,PASS,torch_cpu_us,sync_wall,C=2897_R=1448,Jetson_AGX_Orin_CPU_12_threads,torch_2.8.0+cpu,2026-09-07,kernel=aten_vector_norm_out_cpu torch_cpu_us=1186.336 timing=sync_wall shape='C=2897_R=1448'
aten_weight_norm_backward_cpu,865.952,PASS,torch_cpu_us,sync_wall,C=1024_S=4095,Jetson_AGX_Orin_CPU_12_threads,torch_2.8.0+cpu,2026-09-07,kernel=aten_weight_norm_backward_cpu torch_cpu_us=865.952 timing=sync_wall shape='C=1024_S=4095'
aten_xor_sum_cpu,292.896,PASS,torch_cpu_us,sync_wall,K=2897_R=1448,Jetson_AGX_Orin_CPU_12_threads,torch_2.8.0+cpu,2026-09-07,kernel=aten_xor_sum_cpu torch_cpu_us=292.896 timing=sync_wall shape='K=2897_R=1448'
aten_zeros_cpu,162.240,PASS,torch_cpu_us,sync_wall,N=4194304,Jetson_AGX_Orin_CPU_12_threads,torch_2.8.0+cpu,2026-09-07,kernel=aten_zeros_cpu torch_cpu_us=162.240 timing=sync_wall shape='N=4194304'
