kernel,configuration,dataset,datatype,correctness_status,samples,warmups,statistic,time_ms,speedup_vs_native,library,measurement_scope,command,log
2mm,native_clang18_noinline,LARGE,double,pass,5,1,median,2780.394000,1.000000,none,PolyBench kernel call; pinned CPU 21; one process/thread,issues/polybench_section42/run_native_timing_final.sh,logs/2mm/native_timing_final_raw.log
3mm,native_clang18_noinline,LARGE,double,pass,5,1,median,5526.133000,1.000000,none,PolyBench kernel call; pinned CPU 21; one process/thread,issues/polybench_section42/run_native_timing_final.sh,logs/3mm/native_timing_final_raw.log
adi,native_clang18_noinline,LARGE,double,pass,5,1,median,17867.858000,1.000000,none,PolyBench kernel call; pinned CPU 21; one process/thread,issues/polybench_section42/run_native_timing_final.sh,logs/adi/native_timing_final_raw.log
atax,native_clang18_noinline,LARGE,double,pass,5,1,median,9.470000,1.000000,none,PolyBench kernel call; pinned CPU 21; one process/thread,issues/polybench_section42/run_native_timing_final.sh,logs/atax/native_timing_final_raw.log
bicg,native_clang18_noinline,LARGE,double,pass,5,1,median,13.043000,1.000000,none,PolyBench kernel call; pinned CPU 21; one process/thread,issues/polybench_section42/run_native_timing_final.sh,logs/bicg/native_timing_final_raw.log
cholesky,native_clang18_noinline,LARGE,double,pass,5,1,median,1919.037000,1.000000,none,PolyBench kernel call; pinned CPU 21; one process/thread,issues/polybench_section42/run_native_timing_final.sh,logs/cholesky/native_timing_final_raw.log
correlation,native_clang18_noinline,LARGE,double,pass,5,1,median,18000.354000,1.000000,none,PolyBench kernel call; pinned CPU 21; one process/thread,issues/polybench_section42/run_native_timing_final.sh,logs/correlation/native_timing_final_raw.log
covariance,native_clang18_noinline,LARGE,double,pass,5,1,median,17991.087000,1.000000,none,PolyBench kernel call; pinned CPU 21; one process/thread,issues/polybench_section42/run_native_timing_final.sh,logs/covariance/native_timing_final_raw.log
deriche,native_clang18_noinline,LARGE,double,pass,5,1,median,80.851000,1.000000,none,PolyBench kernel call; pinned CPU 21; one process/thread,issues/polybench_section42/run_native_timing_final.sh,logs/deriche/native_timing_final_raw.log
doitgen,native_clang18_noinline,LARGE,double,pass,5,1,median,668.878000,1.000000,none,PolyBench kernel call; pinned CPU 21; one process/thread,issues/polybench_section42/run_native_timing_final.sh,logs/doitgen/native_timing_final_raw.log
durbin,native_clang18_noinline,LARGE,double,pass,5,1,median,4.160000,1.000000,none,PolyBench kernel call; pinned CPU 21; one process/thread,issues/polybench_section42/run_native_timing_final.sh,logs/durbin/native_timing_final_raw.log
fdtd-2d,native_clang18_noinline,LARGE,double,pass,5,1,median,2402.636000,1.000000,none,PolyBench kernel call; pinned CPU 21; one process/thread,issues/polybench_section42/run_native_timing_final.sh,logs/fdtd-2d/native_timing_final_raw.log
floyd-warshall,native_clang18_noinline,LARGE,double,pass,5,1,median,35085.276000,1.000000,none,PolyBench kernel call; pinned CPU 21; one process/thread,issues/polybench_section42/run_native_timing_final.sh,logs/floyd-warshall/native_timing_final_raw.log
gemm,native_clang18_noinline,LARGE,double,pass,5,1,median,632.936000,1.000000,none,PolyBench kernel call; pinned CPU 21; one process/thread,issues/polybench_section42/run_native_timing_final.sh,logs/gemm/native_timing_final_raw.log
gemver,native_clang18_noinline,LARGE,double,pass,5,1,median,58.247000,1.000000,none,PolyBench kernel call; pinned CPU 21; one process/thread,issues/polybench_section42/run_native_timing_final.sh,logs/gemver/native_timing_final_raw.log
gesummv,native_clang18_noinline,LARGE,double,pass,5,1,median,5.510000,1.000000,none,PolyBench kernel call; pinned CPU 21; one process/thread,issues/polybench_section42/run_native_timing_final.sh,logs/gesummv/native_timing_final_raw.log
gramschmidt,native_clang18_noinline,LARGE,double,pass,5,1,median,33506.149000,1.000000,none,PolyBench kernel call; pinned CPU 21; one process/thread,issues/polybench_section42/run_native_timing_final.sh,logs/gramschmidt/native_timing_final_raw.log
heat-3d,native_clang18_noinline,LARGE,double,pass,5,1,median,3228.123000,1.000000,none,PolyBench kernel call; pinned CPU 21; one process/thread,issues/polybench_section42/run_native_timing_final.sh,logs/heat-3d/native_timing_final_raw.log
jacobi-1d,native_clang18_noinline,LARGE,double,pass,5,1,median,0.681000,1.000000,none,PolyBench kernel call; pinned CPU 21; one process/thread,issues/polybench_section42/run_native_timing_final.sh,logs/jacobi-1d/native_timing_final_raw.log
jacobi-2d,native_clang18_noinline,LARGE,double,pass,5,1,median,2217.571000,1.000000,none,PolyBench kernel call; pinned CPU 21; one process/thread,issues/polybench_section42/run_native_timing_final.sh,logs/jacobi-2d/native_timing_final_raw.log
lu,native_clang18_noinline,LARGE,double,pass,5,1,median,11734.263000,1.000000,none,PolyBench kernel call; pinned CPU 21; one process/thread,issues/polybench_section42/run_native_timing_final.sh,logs/lu/native_timing_final_raw.log
ludcmp,native_clang18_noinline,LARGE,double,pass,5,1,median,11785.385000,1.000000,none,PolyBench kernel call; pinned CPU 21; one process/thread,issues/polybench_section42/run_native_timing_final.sh,logs/ludcmp/native_timing_final_raw.log
mvt,native_clang18_noinline,LARGE,double,pass,5,1,median,49.914000,1.000000,none,PolyBench kernel call; pinned CPU 21; one process/thread,issues/polybench_section42/run_native_timing_final.sh,logs/mvt/native_timing_final_raw.log
nussinov,native_clang18_noinline,LARGE,double,pass,5,1,median,17354.441000,1.000000,none,PolyBench kernel call; pinned CPU 21; one process/thread,issues/polybench_section42/run_native_timing_final.sh,logs/nussinov/native_timing_final_raw.log
seidel-2d,native_clang18_noinline,LARGE,double,pass,5,1,median,24916.651000,1.000000,none,PolyBench kernel call; pinned CPU 21; one process/thread,issues/polybench_section42/run_native_timing_final.sh,logs/seidel-2d/native_timing_final_raw.log
symm,native_clang18_noinline,LARGE,double,pass,5,1,median,7024.781000,1.000000,none,PolyBench kernel call; pinned CPU 21; one process/thread,issues/polybench_section42/run_native_timing_final.sh,logs/symm/native_timing_final_raw.log
syr2k,native_clang18_noinline,LARGE,double,pass,5,1,median,11223.428000,1.000000,none,PolyBench kernel call; pinned CPU 21; one process/thread,issues/polybench_section42/run_native_timing_final.sh,logs/syr2k/native_timing_final_raw.log
syrk,native_clang18_noinline,LARGE,double,pass,5,1,median,1846.015000,1.000000,none,PolyBench kernel call; pinned CPU 21; one process/thread,issues/polybench_section42/run_native_timing_final.sh,logs/syrk/native_timing_final_raw.log
trisolv,native_clang18_noinline,LARGE,double,pass,5,1,median,4.211000,1.000000,none,PolyBench kernel call; pinned CPU 21; one process/thread,issues/polybench_section42/run_native_timing_final.sh,logs/trisolv/native_timing_final_raw.log
trmm,native_clang18_noinline,LARGE,double,pass,5,1,median,6693.888000,1.000000,none,PolyBench kernel call; pinned CPU 21; one process/thread,issues/polybench_section42/run_native_timing_final.sh,logs/trmm/native_timing_final_raw.log
2mm,raised_residual_cpu,LARGE,double,pass,5,1,median,2840.780000,0.978743,none,PolyBench kernel call; pinned CPU 21; one process/thread,issues/polybench_section42/run_cpu_timing.sh,logs/2mm/residual_timing_raw.log
2mm,openblas_cblas_1t,LARGE,double,pass,5,1,median,66.929000,41.542440,OpenBLAS 0.3.20 / CBLAS,PolyBench kernel call; pinned CPU 21; one BLAS thread,issues/polybench_section42/run_cpu_timing.sh,logs/2mm/cpu_library_timing_raw.log
2mm,polly14,LARGE,double,pass,5,1,median,2767.252000,1.004749,LLVM Polly 14,PolyBench kernel call; pinned CPU 21; one process/thread,issues/polybench_section42/run_polly_subset.sh,logs/2mm/polly_timing_raw.log
3mm,raised_residual_cpu,LARGE,double,pass,5,1,median,5196.511000,1.063431,none,PolyBench kernel call; pinned CPU 21; one process/thread,issues/polybench_section42/run_cpu_timing.sh,logs/3mm/residual_timing_raw.log
3mm,polly14,LARGE,double,pass,5,1,median,2422.794000,2.280893,LLVM Polly 14,PolyBench kernel call; pinned CPU 21; one process/thread,issues/polybench_section42/run_polly_subset.sh,logs/3mm/polly_timing_raw.log
atax,raised_residual_cpu,LARGE,double,pass,5,1,median,13.090000,0.723453,none,PolyBench kernel call; pinned CPU 21; one process/thread,issues/polybench_section42/run_cpu_timing.sh,logs/atax/residual_timing_raw.log
atax,openblas_cblas_1t,LARGE,double,pass,5,1,median,7.947000,1.191645,OpenBLAS 0.3.20 / CBLAS,PolyBench kernel call; pinned CPU 21; one BLAS thread,issues/polybench_section42/run_cpu_timing.sh,logs/atax/cpu_library_timing_raw.log
bicg,raised_residual_cpu,LARGE,double,pass,5,1,median,12.651000,1.030986,none,PolyBench kernel call; pinned CPU 21; one process/thread,issues/polybench_section42/run_cpu_timing.sh,logs/bicg/residual_timing_raw.log
bicg,openblas_cblas_1t,LARGE,double,pass,5,1,median,7.219000,1.806760,OpenBLAS 0.3.20 / CBLAS,PolyBench kernel call; pinned CPU 21; one BLAS thread,issues/polybench_section42/run_cpu_timing.sh,logs/bicg/cpu_library_timing_raw.log
cholesky,raised_residual_cpu,LARGE,double,pass,5,1,median,46367.260000,0.041388,none,PolyBench kernel call; pinned CPU 21; one process/thread,issues/polybench_section42/run_cpu_timing.sh,logs/cholesky/residual_timing_raw.log
cholesky,openblas_cblas_1t,LARGE,double,pass,5,1,median,64.021000,29.975118,OpenBLAS 0.3.20 / CBLAS,PolyBench kernel call; pinned CPU 21; one BLAS thread,issues/polybench_section42/run_cpu_timing.sh,logs/cholesky/cpu_library_timing_raw.log
correlation,openblas_cblas_1t,LARGE,double,pass,5,1,median,94.717000,190.043540,OpenBLAS 0.3.20 / CBLAS,PolyBench kernel call; pinned CPU 21; one BLAS thread,issues/polybench_section42/run_cpu_timing.sh,logs/correlation/cpu_library_timing_raw.log
covariance,raised_residual_cpu,LARGE,double,pass,5,1,median,16746.343000,1.074329,none,PolyBench kernel call; pinned CPU 21; one process/thread,issues/polybench_section42/run_cpu_timing.sh,logs/covariance/residual_timing_raw.log
covariance,openblas_cblas_1t,LARGE,double,pass,5,1,median,82.939000,216.919507,OpenBLAS 0.3.20 / CBLAS,PolyBench kernel call; pinned CPU 21; one BLAS thread,issues/polybench_section42/run_cpu_timing.sh,logs/covariance/cpu_library_timing_raw.log
deriche,raised_residual_cpu,LARGE,double,pass,5,1,median,291.364000,0.277491,none,PolyBench kernel call; pinned CPU 21; one process/thread,issues/polybench_section42/run_cpu_timing.sh,logs/deriche/residual_timing_raw.log
doitgen,raised_residual_cpu,LARGE,double,pass,5,1,median,724.495000,0.923233,none,PolyBench kernel call; pinned CPU 21; one process/thread,issues/polybench_section42/run_cpu_timing.sh,logs/doitgen/residual_timing_raw.log
doitgen,openblas_cblas_1t,LARGE,double,pass,5,1,median,124.127000,5.388658,OpenBLAS 0.3.20 / CBLAS,PolyBench kernel call; pinned CPU 21; one BLAS thread,issues/polybench_section42/run_cpu_timing.sh,logs/doitgen/cpu_library_timing_raw.log
fdtd-2d,raised_residual_cpu,LARGE,double,pass,5,1,median,10790.287000,0.222667,none,PolyBench kernel call; pinned CPU 21; one process/thread,issues/polybench_section42/run_cpu_timing.sh,logs/fdtd-2d/residual_timing_raw.log
floyd-warshall,raised_residual_cpu,LARGE,double,pass,5,1,median,30212.926000,1.161267,none,PolyBench kernel call; pinned CPU 21; one process/thread,issues/polybench_section42/run_cpu_timing.sh,logs/floyd-warshall/residual_timing_raw.log
gemm,raised_residual_cpu,LARGE,double,pass,5,1,median,604.577000,1.046907,none,PolyBench kernel call; pinned CPU 21; one process/thread,issues/polybench_section42/run_cpu_timing.sh,logs/gemm/residual_timing_raw.log
gemm,openblas_cblas_1t,LARGE,double,pass,5,1,median,50.437000,12.549041,OpenBLAS 0.3.20 / CBLAS,PolyBench kernel call; pinned CPU 21; one BLAS thread,issues/polybench_section42/run_cpu_timing.sh,logs/gemm/cpu_library_timing_raw.log
gemm,polly14,LARGE,double,pass,5,1,median,466.970000,1.355410,LLVM Polly 14,PolyBench kernel call; pinned CPU 21; one process/thread,issues/polybench_section42/run_polly_subset.sh,logs/gemm/polly_timing_raw.log
gemver,raised_residual_cpu,LARGE,double,pass,5,1,median,150.244000,0.387683,none,PolyBench kernel call; pinned CPU 21; one process/thread,issues/polybench_section42/run_cpu_timing.sh,logs/gemver/residual_timing_raw.log
gemver,openblas_cblas_1t,LARGE,double,pass,5,1,median,69.042000,0.843646,OpenBLAS 0.3.20 / CBLAS,PolyBench kernel call; pinned CPU 21; one BLAS thread,issues/polybench_section42/run_cpu_timing.sh,logs/gemver/cpu_library_timing_raw.log
gesummv,raised_residual_cpu,LARGE,double,pass,5,1,median,6.879000,0.800989,none,PolyBench kernel call; pinned CPU 21; one process/thread,issues/polybench_section42/run_cpu_timing.sh,logs/gesummv/residual_timing_raw.log
gesummv,openblas_cblas_1t,LARGE,double,pass,5,1,median,3.416000,1.612998,OpenBLAS 0.3.20 / CBLAS,PolyBench kernel call; pinned CPU 21; one BLAS thread,issues/polybench_section42/run_cpu_timing.sh,logs/gesummv/cpu_library_timing_raw.log
gramschmidt,raised_residual_cpu,LARGE,double,pass,5,1,median,72300.859000,0.463427,none,PolyBench kernel call; pinned CPU 21; one process/thread,issues/polybench_section42/run_cpu_timing.sh,logs/gramschmidt/residual_timing_raw.log
heat-3d,raised_residual_cpu,LARGE,double,pass,5,1,median,10133.567000,0.318557,none,PolyBench kernel call; pinned CPU 21; one process/thread,issues/polybench_section42/run_cpu_timing.sh,logs/heat-3d/residual_timing_raw.log
jacobi-1d,raised_residual_cpu,LARGE,double,pass,5,1,median,9.743000,0.069896,none,PolyBench kernel call; pinned CPU 21; one process/thread,issues/polybench_section42/run_cpu_timing.sh,logs/jacobi-1d/residual_timing_raw.log
jacobi-2d,raised_residual_cpu,LARGE,double,pass,5,1,median,9417.534000,0.235473,none,PolyBench kernel call; pinned CPU 21; one process/thread,issues/polybench_section42/run_cpu_timing.sh,logs/jacobi-2d/residual_timing_raw.log
lu,raised_residual_cpu_loop_lowered,LARGE,double,pass,5,1,median,17547.201000,0.668726,none,PolyBench kernel call; pinned CPU 21; one process/thread,issues/polybench_section42/run_cpu_timing.sh,logs/lu/residual_loop_timing_raw.log
mvt,raised_residual_cpu,LARGE,double,pass,5,1,median,50.620000,0.986053,none,PolyBench kernel call; pinned CPU 21; one process/thread,issues/polybench_section42/run_cpu_timing.sh,logs/mvt/residual_timing_raw.log
mvt,openblas_cblas_1t,LARGE,double,pass,5,1,median,7.934000,6.291152,OpenBLAS 0.3.20 / CBLAS,PolyBench kernel call; pinned CPU 21; one BLAS thread,issues/polybench_section42/run_cpu_timing.sh,logs/mvt/cpu_library_timing_raw.log
symm,raised_residual_cpu,LARGE,double,pass,5,1,median,19402.604000,0.362054,none,PolyBench kernel call; pinned CPU 21; one process/thread,issues/polybench_section42/run_cpu_timing.sh,logs/symm/residual_timing_raw.log
symm,openblas_cblas_1t,LARGE,double,pass,5,1,median,48.761000,144.065565,OpenBLAS 0.3.20 / CBLAS,PolyBench kernel call; pinned CPU 21; one BLAS thread,issues/polybench_section42/run_cpu_timing.sh,logs/symm/cpu_library_timing_raw.log
syr2k,raised_residual_cpu,LARGE,double,pass,5,1,median,10818.042000,1.037473,none,PolyBench kernel call; pinned CPU 21; one process/thread,issues/polybench_section42/run_cpu_timing.sh,logs/syr2k/residual_timing_raw.log
syr2k,openblas_cblas_1t,LARGE,double,pass,5,1,median,61.751000,181.752976,OpenBLAS 0.3.20 / CBLAS,PolyBench kernel call; pinned CPU 21; one BLAS thread,issues/polybench_section42/run_cpu_timing.sh,logs/syr2k/cpu_library_timing_raw.log
syr2k,polly14,LARGE,double,pass,5,1,median,1036.950000,10.823500,LLVM Polly 14,PolyBench kernel call; pinned CPU 21; one process/thread,issues/polybench_section42/run_polly_subset.sh,logs/syr2k/polly_timing_raw.log
syrk,raised_residual_cpu,LARGE,double,pass,5,1,median,2411.593000,0.765475,none,PolyBench kernel call; pinned CPU 21; one process/thread,issues/polybench_section42/run_cpu_timing.sh,logs/syrk/residual_timing_raw.log
syrk,openblas_cblas_1t,LARGE,double,pass,5,1,median,35.339000,52.237330,OpenBLAS 0.3.20 / CBLAS,PolyBench kernel call; pinned CPU 21; one BLAS thread,issues/polybench_section42/run_cpu_timing.sh,logs/syrk/cpu_library_timing_raw.log
trisolv,raised_residual_cpu,LARGE,double,pass,5,1,median,30.660000,0.137345,none,PolyBench kernel call; pinned CPU 21; one process/thread,issues/polybench_section42/run_cpu_timing.sh,logs/trisolv/residual_timing_raw.log
trisolv,openblas_cblas_1t,LARGE,double,pass,5,1,median,2.294000,1.835658,OpenBLAS 0.3.20 / CBLAS,PolyBench kernel call; pinned CPU 21; one BLAS thread,issues/polybench_section42/run_cpu_timing.sh,logs/trisolv/cpu_library_timing_raw.log
trmm,raised_residual_cpu,LARGE,double,pass,5,1,median,17383.895000,0.385063,none,PolyBench kernel call; pinned CPU 21; one process/thread,issues/polybench_section42/run_cpu_timing.sh,logs/trmm/residual_timing_raw.log
trmm,openblas_cblas_1t,LARGE,double,pass,5,1,median,31.027000,215.743965,OpenBLAS 0.3.20 / CBLAS,PolyBench kernel call; pinned CPU 21; one BLAS thread,issues/polybench_section42/run_cpu_timing.sh,logs/trmm/cpu_library_timing_raw.log
