kernel	status	linalg_ops	residual_loops	kernel_launches	matched_symbols
aten_abs	pass	1	0	1	cutensorUnary_abs_f32
aten_acos	pass	1	0	1	cutensorUnary_acos_f32
aten_acosh	pass	1	0	1	cutensorUnary_acosh_f32
aten_adaptive_avg_pool2d	pass	2	0	1	cudnnAvgPoolWindow_f32
aten_adaptive_avg_pool2d_backward_cpu	pass	1	5	1	memset_zero_1D_f32
aten_adaptive_avg_pool2d_cpu	pass	1	5	0	-
aten_adaptive_avg_pool3d	pass	2	0	1	cudnnAveragePool_f32_r5
aten_adaptive_avg_pool3d_backward_cpu	pass	1	7	1	memset_zero_1D_f32
aten_adaptive_avg_pool3d_cpu	pass	0	7	0	-
aten_adaptive_max_pool1d_cpu	pass	0	3	0	-
aten_adaptive_max_pool2d_backward_cpu	pass	1	3	1	memset_zero_1D_f32
aten_adaptive_max_pool2d_cpu	pass	0	5	0	-
aten_adaptive_max_pool3d_backward_cpu	pass	1	4	1	memset_zero_1D_f32
aten_adaptive_max_pool3d_cpu	pass	0	7	0	-
aten_adaptive_max_pool3d_legacy_backward_cpu	pass	0	5	0	-
aten_adaptive_max_pool3d_legacy_cpu	pass	0	7	0	-
aten_add	pass	1	0	1	cudnnAddTensor_batched
aten_add_clamp	pass	1	0	1	cudnnPointwiseGraph_f32
aten_addcdiv	pass	1	0	1	cudnnPointwiseGraph_f32
aten_addcmul	pass	1	0	1	cudnnPointwiseGraph_f32
aten_addmm	pass	2	0	1	cublasDgemm
aten_addr_elementwise	pass	1	0	1	cudnnAddrElementwise_f32_memref
aten_airy_ai	pass	1	0	0	-
aten_allany_dims_cpu	pass	2	0	1	cubSegmentedLogicalSelect_i32_memref
aten_aminmax_allreduce_cpu	pass	1	0	1	cudnnReduceMinMax_f32
aten_aminmax_cpu	pass	2	0	2	cudnnReduceMax_f32,cudnnReduceMin_f32
aten_amp_update_scale_cpu	pass	0	0	0	-
aten_and_reduce_cpu	pass	2	0	1	cubSegmentedLogicalAnd_i32_memref
aten_angle_complex_scalarized	pass	1	0	1	cudnnPointwiseGraph_f32
aten_angle_real	pass	1	0	1	cudnnPointwiseGraph_f32
aten_arange_cpu	pass	1	0	0	-
aten_argmax_cpu	pass	4	0	1	cubSegmentedArgMax_f32_i32_memref
aten_argmin_cpu	pass	4	0	1	cubSegmentedArgMin_f32_i32_memref
aten_as_complex_cpu	pass	2	0	2	cudaCopy1D_f32_tensor
aten_asin	pass	1	0	1	cutensorUnary_asin_f32
aten_asinh	pass	1	0	1	cutensorUnary_asinh_f32
aten_atan	pass	1	0	1	cutensorUnary_atan_f32
aten_atan2	pass	1	0	1	cudnnPointwiseGraph_f32
aten_atanh	pass	1	0	1	cutensorUnary_atanh_f32
aten_avg_pool2d	pass	2	0	1	cudnnAvgPoolWindow_f32
aten_avg_pool2d_backward_cpu	pass	2	0	1	cudnnAveragePool_f32_flat2
aten_avg_pool2d_cpu	pass	4	4	0	-
aten_avg_pool3d	pass	2	0	1	cudnnAveragePool_f32_r5
aten_avg_pool3d_backward_cpu	pass	2	0	1	cudnnAveragePool_f32_flat2
aten_avg_pool3d_cpu	pass	4	6	0	-
aten_batch_norm	pass	1	0	1	cudnnBatchNormalizationForwardInference
aten_batch_norm_backward_cpu	pass	2	2	0	-
aten_batch_norm_backward_template_cpu	pass	4	3	0	-
aten_batch_norm_collect_stats_cpu	pass	2	1	0	-
aten_batch_norm_cpu_entry	pass	1	0	1	cudnnPointwiseGraph_f32
aten_batch_norm_stats_cpu	pass	2	1	0	-
aten_batch_norm_transform_cpu	pass	1	0	1	cudnnBatchNormalizationForwardInference
aten_bernoulli_scalar_cpu	pass	1	0	0	-
aten_bernoulli_tensor_cpu	pass	1	0	0	-
aten_bessel_j0	pass	1	0	0	-
aten_bessel_j1	pass	1	0	0	-
aten_bessel_y0	pass	1	0	0	-
aten_bessel_y1	pass	1	0	0	-
aten_bf16_dot_cpu	pass	1	0	1	cublasSdot_memref
aten_bf16_gemv_trans_cpu	pass	2	0	1	cublasSgemvTZero_memref
aten_bilinear_cpu	pass	2	0	1	cutensornetNetwork_f32_n3_aten
aten_binary_cross_entropy	pass	1	0	1	cudnnBinaryCrossEntropyMean_f32_memref
aten_binary_search_strided_rightmost_cpu	pass	0	2	0	-
aten_bincount_cpu	pass	1	1	1	memset_zero_1D_f32
aten_binomial_transform_cpu	pass	0	2	0	-
aten_bitwise_and_i32	pass	1	0	0	-
aten_bitwise_not_i32	pass	1	0	0	-
aten_bitwise_or_i32	pass	1	0	0	-
aten_bitwise_xor_i32	pass	1	0	0	-
aten_blas_axpy_cpu	pass	1	0	1	cublasSaxpby
aten_blas_copy_cpu	pass	1	0	1	cudaCopy1D_f32_tensor
aten_blas_dot_naive_cpu	pass	1	0	1	cublasSdot
aten_blas_gemv_generic_cpu	pass	2	0	2	cublasSgemv,memset_zero_1D_f32
aten_blas_scale_cpu	pass	1	0	1	cublasSscal
aten_blas_sum_cpu	pass	1	0	1	cudnnReduceSum_f32
aten_block_diag_cpu	pass	2	0	2	cutensorPermute_f32_r3_tensor,memset_zero_2D_f32
aten_bmm	pass	2	0	1	cublasSgemm_strided_batched_nn_zero
aten_cartesian_prod_cpu	pass	2	0	2	cublasBroadcastAxis0_f32,cublasBroadcastAxis1_f32
aten_cat_serial_cpu	pass	2	0	2	cudaCopy2D_f32_tensor
aten_cat_sparse_cpu	pass	2	0	1	cutensorPermute_f32_r2_tensor
aten_cauchy_cpu	pass	1	0	1	cudnnPointwiseGraph_f32
aten_cdist_backward_cpu	pass	3	2	1	memset_zero_2D_f32
aten_cdist_cpu	pass	3	1	1	cutensorUnary_sqrt_f32
aten_ceil	pass	1	0	1	cutensorUnary_ceil_f32
aten_channel_shuffle	pass	1	0	1	cutensorPermute_f32_r5_tensor
aten_channel_shuffle_cpu	pass	1	0	1	cutensorPermute_f32_r4_tensor
aten_chebyshev_polynomial_t	pass	1	0	0	-
aten_chebyshev_polynomial_u	pass	1	0	0	-
aten_chebyshev_polynomial_v	pass	1	0	0	-
aten_chebyshev_polynomial_w	pass	1	0	0	-
aten_circular_pad_cpu	pass	1	0	0	-
aten_clamp	pass	1	0	1	cudnnPointwiseGraph_f32
aten_clamp_cpu	pass	1	0	1	cudnnPointwiseGraph_f32
aten_clamp_max_scalar_cpu	pass	1	0	1	cudnnPointwiseGraph_f32
aten_clamp_min_scalar_cpu	pass	1	0	1	cudnnPointwiseGraph_f32
aten_clamp_scalar_cpu	pass	1	0	1	cudnnPointwiseGraph_f32
aten_coalesce_sparse_cpu	pass	0	1	0	-
aten_col2im_cpu	pass	1	0	0	-
aten_combinations_cpu	pass	0	2	0	-
aten_complex_scalarized	pass	2	0	2	cudaCopy1D_f32_tensor
aten_compressed_block_convert_cpu	pass	0	2	1	cutensorPermute_f32_r4_tensor
aten_conj_complex_scalarized	pass	2	0	2	cudaCopy1D_f32_tensor,cutensorUnary_neg_f32
aten_constant_pad_nd_cpu	pass	2	0	1	cudaCopy1D_f32_tensor
aten_conv1d	pass	2	0	1	cudnnConvolution1D_f32_bias
aten_conv2d	pass	2	0	1	cudnnConvolutionFwd_batched
aten_conv2d_columns_cpu	pass	1	0	1	cutensorPermute_f32_r5_tensor
aten_conv3d	pass	2	0	1	cudnnConvolution3D_f32_bias
aten_conv3d_columns_cpu	pass	1	0	0	-
aten_conv_tbc_backward_cpu	pass	1	0	1	cudnnConvolutionTBCBackward_f32_memref
aten_conv_tbc_cpu	pass	2	0	1	cudnnConvolutionTBC_f32_memref
aten_conv_transpose2d	pass	2	0	1	cudnnConvolutionTranspose2D_f32_memref
aten_conv_transpose3d_backward_cpu	pass	2	0	1	cudnnConvolution3D_f32
aten_conv_transpose3d_cpu	pass	1	0	1	cudnnConvolutionTranspose3D_f32_memref
aten_conv_transpose3d_grad_weight_cpu	pass	1	0	1	cudnnConvolutionBackwardFilter3D_f32_memref
aten_convert_coo_to_csr_cpu	pass	0	2	1	cusparseXcoo2csr_i32_memref
aten_convert_csr_to_coo_cpu	pass	0	2	1	cusparseXcsr2coo_i32_memref
aten_copy_cpu	pass	1	0	1	cudaCopy1D_f32_tensor
aten_copy_tensor_array_cpu	pass	1	0	1	cudaCopy2D_f32_tensor
aten_copysign	pass	1	0	0	-
aten_cos	pass	1	0	1	cutensorUnary_cos_f32
aten_cosh	pass	1	0	1	cutensorUnary_cosh_f32
aten_count_nonzero_cpu	pass	1	0	1	cubCountNonzero1D_f32_tensor
aten_count_nonzero_impl_cpu	pass	2	0	1	cubSegmentedCountNonzero2D_f32_tensor
aten_cpu_blas_gemm_batched_cpu	pass	2	0	1	cublasSgemm_strided_batched_nn_zero
aten_cpu_blas_gemm_cpu	pass	2	0	1	cublasSgemm_nn_zero
aten_cpu_blas_gemm_strided_batched_cpu	pass	2	0	1	cublasSgemm_strided_batched_nn_zero
aten_cross	pass	3	0	3	cudnnPointwiseGraph_f32
aten_cross_cpu_backend	pass	3	0	3	cudnnPointwiseGraph_f32
aten_ctc_loss_backward_cpu	pass	2	5	1	memset_zero_2D_f32
aten_ctc_loss_cpu	pass	3	4	2	cudnnPointwiseGraph_f32,cutensorUnary_exp_f32
aten_cummax_cummin_cpu	pass	3	0	1	cudaCopy1D_f32_tensor
aten_cumprod_backward_cpu	pass	2	2	1	memset_zero_1D_f32
aten_cumprod_cpu	pass	2	0	1	cubSegmentedInclusiveProduct2D_f32_tensor
aten_cumsum	pass	1	0	1	cubInclusiveSum1D_f32_tensor
aten_dense_sparse_add_cpu	pass	1	1	1	cudaCopy2D_f32_tensor
aten_depthwise_conv3x3_cpu	pass	2	0	1	cudnnDepthwiseConvolution2D_f32_memref
aten_diff_cpu	pass	1	0	1	cubAdjacentDifference_f32_memref
aten_digamma	pass	1	0	0	-
aten_dilated_convolution_cpu	pass	2	0	1	cudnnConvolution2D_f32_dilated
aten_dirichlet_grad_cpu	pass	1	0	1	cudnnPointwiseGraph_f32
aten_dirichlet_transform_cpu	pass	2	1	2	cudnnPointwiseGraph_f32,cudnnReduceSum_f32
aten_div	pass	1	0	1	cudnnPointwiseGraph_f32
aten_div_floor	pass	1	0	1	cudnnPointwiseGraph_f32
aten_div_trunc	pass	1	0	1	cudnnPointwiseGraph_f32
aten_dot	pass	1	0	1	cublasDdot
aten_dropout_feature_noise_cpu	pass	1	0	1	cudnnFeatureMaskScale_f32_tensor
aten_dyn_quant_matmul_4bit_cpu	pass	2	1	1	memset_zero_1D_f32
aten_dyn_quant_pack_4bit_weight_cpu	pass	1	2	1	cudnnReduceMinMax_f32
aten_eig_complex_vectors_cpu	pass	0	2	0	-
aten_elu	pass	1	0	1	cudnnPointwiseGraph_f32
aten_elu_backward	pass	1	0	1	cudnnPointwiseGraph_f32
aten_embedding	pass	1	0	0	-
aten_embedding_bag_backward_max_cpu	pass	1	2	1	memset_zero_1D_f32
aten_embedding_bag_backward_sum_cpu	pass	1	3	1	memset_zero_1D_f32
aten_embedding_bag_counts_cpu	pass	1	1	1	cubHistogramEvenI32ShiftZero_memref
aten_embedding_bag_counts_uniq_cpu	pass	2	0	0	-
aten_embedding_bag_max_cpu	pass	0	5	0	-
aten_embedding_bag_per_sample_backward_cpu	pass	2	1	1	memset_zero_1D_f32
aten_entr	pass	1	0	0	-
aten_eq	pass	1	0	0	-
aten_equal_cpu	pass	1	0	1	cubEqualAll1D_f32_tensor
aten_erf	pass	1	0	1	cudnnPointwiseGraph_f32
aten_erfc	pass	1	0	1	cudnnPointwiseGraph_f32
aten_erfcx	pass	1	0	0	-
aten_erfinv	pass	1	0	0	-
aten_exp	pass	1	0	1	cutensorUnary_exp_f32
aten_exp2	pass	1	0	1	cudnnPointwiseGraph_f32
aten_expm1	pass	1	0	1	cudnnPointwiseGraph_f32
aten_exponential_cpu	pass	1	0	1	cudnnPointwiseGraph_f32
aten_eye_cpu	pass	1	0	0	-
aten_fast_cat_dim0_cpu	pass	1	0	1	cutensorPermute_f32_r2_tensor
aten_fft_conjugate_symmetry_cpu	pass	2	0	0	-
aten_fftshift_cpu	pass	1	0	0	-
aten_fill	pass	1	0	0	-
aten_fill_diagonal_cpu	pass	1	0	0	-
aten_flash_attention_backward_cpu	pass	5	7	0	-
aten_flash_attention_cpu	pass	4	3	2	cublasSdot,memset_zero_1D_f32
aten_flatten_indices_launch_cpu	pass	2	0	0	-
aten_flatten_nd_linear_cpu	pass	2	0	1	cublasSgemm_strided_batched_broadcast_rhs
aten_flip_cpu	pass	1	0	0	-
aten_flip_tensor_transform_cpu	pass	1	0	1	cutensorPermute_f32_r2_tensor
aten_floor	pass	1	0	1	cutensorUnary_floor_f32
aten_fmax	pass	1	0	1	cudnnPointwiseGraph_f32
aten_fmin	pass	1	0	1	cudnnPointwiseGraph_f32
aten_fmod	pass	1	0	1	cudnnPointwiseGraph_f32
aten_fp16_dot_cpu	pass	1	0	1	cublasSdot
aten_fp16_gemv_f16arith_cpu	pass	2	0	2	cublasSgemv,memset_zero_1D_f32
aten_fp16_gemv_f32arith_cpu	pass	2	0	2	cublasSgemv,memset_zero_1D_f32
aten_fp16_gemv_notrans_cpu	pass	2	0	2	cublasSgemv,memset_zero_1D_f32
aten_fp16_gemv_trans_cpu	pass	2	0	2	cublasSgemv_T,memset_zero_1D_f32
aten_frac	pass	1	0	1	cudnnPointwiseGraph_f32
aten_fractional_max_pool2d_backward_cpu	pass	0	5	0	-
aten_fractional_max_pool2d_cpu	pass	4	6	1	cudaCopy1D_f32_tensor
aten_fractional_max_pool3d_backward_cpu	pass	0	5	0	-
aten_fractional_max_pool3d_cpu	pass	4	7	1	cudaCopy1D_f32_tensor
aten_fused_adagrad_cpu	pass	1	0	0	-
aten_fused_adam_cpu	pass	0	1	0	-
aten_fused_sgd_cpu	pass	0	1	0	-
aten_gamma_transform_cpu	pass	1	0	1	cudnnPointwiseGraph_f32
aten_gather_cpu	pass	1	0	0	-
aten_gather_expanded_index_cpu	pass	1	0	0	-
aten_gcd_i32	pass	1	1	0	-
aten_ge	pass	1	0	0	-
aten_gelu	pass	1	0	1	cudnnPointwiseGraph_f32
aten_gelu_backward_cpu_exact	pass	1	0	1	cudnnPointwiseGraph_f32
aten_gelu_backward_cpu_tanh	pass	1	0	2	cudnnPointwiseGraph_f32
aten_gelu_cpu_exact	pass	1	0	1	cudnnPointwiseGraph_f32
aten_gelu_cpu_tanh	pass	1	0	1	cudnnPointwiseGraph_f32
aten_gemm_notrans_cpu	pass	1	0	1	cublasSgemm_nn
aten_gemm_transa_cpu	pass	1	0	1	cublasSgemm_tn
aten_gemm_transab_cpu	pass	1	0	1	cublasSgemm_tt
aten_gemm_transb_cpu	pass	1	0	1	cublasSgemm_nt
aten_geometric_cpu	pass	1	0	1	cudnnPointwiseGraph_f32
aten_glu	pass	1	0	1	cudnnPointwiseGraph_f32
aten_glu_backward	pass	1	0	1	cudnnPointwiseGraph_f32
aten_glu_jvp	pass	1	0	1	cudnnPointwiseGraph_f32
aten_gradient_cpu	pass	1	0	1	cudnnPointwiseGraph_f32
aten_gradient_float_cpu	pass	1	0	1	cudnnPointwiseGraph_f32
aten_grid_sampler_2d_backward_cpu	pass	4	4	4	cudnnPointwiseGraph_f32,memset_zero_1D_f32
aten_grid_sampler_2d_cpu	pass	1	0	0	-
aten_grid_sampler_2d_fallback_cpu	pass	1	0	0	-
aten_grid_sampler_2d_quantized_cpu	pass	1	0	0	-
aten_grid_sampler_3d_backward_cpu	pass	0	8	0	-
aten_grid_sampler_3d_cpu	pass	2	2	1	memset_zero_2D_f32
aten_group_norm_backward_cpu	pass	4	3	0	-
aten_group_norm_cpu	pass	3	2	0	-
aten_gt	pass	1	0	0	-
aten_hardshrink	pass	1	0	1	cudnnPointwiseGraph_f32
aten_hardsigmoid	pass	1	0	1	cudnnPointwiseGraph_f32
aten_hardsigmoid_backward	pass	1	0	1	cudnnPointwiseGraph_f32
aten_hardswish	pass	1	0	1	cudnnPointwiseGraph_f32
aten_hardswish_backward	pass	1	0	1	cudnnPointwiseGraph_f32
aten_hardtanh	pass	1	0	1	cudnnPointwiseGraph_f32
aten_hardtanh_backward	pass	1	0	1	cudnnPointwiseGraph_f32
aten_heaviside	pass	1	0	0	-
aten_hermite_polynomial_h	pass	1	0	0	-
aten_hermite_polynomial_he	pass	1	0	0	-
aten_histogram_select_outer_bin_edges_cpu	pass	1	0	1	cudnnReduceMinMax_f32
aten_histogramdd_cpu	pass	1	1	1	memset_zero_2D_f32
aten_histogramdd_linear_cpu	pass	1	1	1	memset_zero_1D_f32
aten_host_softmax_backward_cpu	pass	2	1	2	cublasSdot,cudnnPointwiseGraph_f32
aten_host_softmax_cpu	pass	3	1	1	cudnnSoftmaxForwardOut_tensor
aten_hspmm_cpu	pass	1	2	1	cusparseSpMM_COO_f32_memref
aten_huber_backward	pass	1	0	1	cudnnPointwiseGraph_f32
aten_huber_elementwise	pass	1	0	1	cudnnPointwiseGraph_f32
aten_hypot	pass	1	0	1	cudnnPointwiseGraph_f32
aten_i0	pass	1	0	0	-
aten_i0e	pass	1	0	0	-
aten_i1	pass	1	0	0	-
aten_i1e	pass	1	0	0	-
aten_ifftshift_cpu	pass	1	0	0	-
aten_igamma	pass	1	0	0	-
aten_igammac	pass	1	0	0	-
aten_im2col	pass	1	0	1	cutensorPermute_f32_r6_tensor
aten_index_copy_cpu	pass	0	2	0	-
aten_index_cpu	pass	1	0	0	-
aten_index_fill_cpu	pass	0	2	0	-
aten_index_put_cpu	pass	0	1	0	-
aten_index_put_impl_cpu	pass	0	1	0	-
aten_index_reduce_impl_cpu	pass	1	1	1	memset_zero_1D_f32
aten_index_select_dim1_cpu	pass	1	0	0	-
aten_index_select_out_cpu	pass	1	0	0	-
aten_index_select_sparse_cpu	pass	1	0	0	-
aten_int4pack_mm_cpu	pass	2	1	1	memset_zero_1D_f32
aten_int8pack_mm_cpu	pass	2	0	1	memset_zero_2D_f32
aten_int_mm_out_cpu	pass	2	0	1	cublasGemmEx_i8_i32_tensor
aten_isin_default_cpu	pass	3	0	0	-
aten_isneginf	pass	1	0	0	-
aten_isposinf	pass	1	0	0	-
aten_jagged_to_padded_cpu	pass	0	2	0	-
aten_joint_scaling_cpu	pass	2	0	1	cublasJointMaxAbsProduct_f32_memref
aten_kaiser_window	pass	1	0	0	-
aten_kron_impl_cpu	pass	1	0	1	cutensorKroneckerProduct2D_f32_memref
aten_kron_out_cpu	pass	1	0	1	cutensorKroneckerProduct2D_f32_memref
aten_kthvalue_cpu	pass	1	3	1	cudaCopy1D_f32_tensor
aten_l1_loss	pass	1	0	0	-
aten_laguerre_polynomial_l	pass	1	0	0	-
aten_layer_norm	pass	3	0	2	cudnnPointwiseGraph_f32,cudnnReduceSum_f32
aten_layer_norm_backward_cpu	pass	4	1	2	memset_zero_1D_f32
aten_layer_norm_cpu_backend	pass	3	1	1	cudnnReduceSum_f32
aten_lcm_i32	pass	1	1	0	-
aten_ldexp	pass	1	0	0	-
aten_le	pass	1	0	0	-
aten_leaky_relu	pass	1	0	1	cudnnPointwiseGraph_f32
aten_legendre_polynomial_p	pass	1	0	0	-
aten_lerp	pass	1	0	1	cudnnPointwiseGraph_f32
aten_lerp_scalar	pass	1	0	1	cudnnPointwiseGraph_f32
aten_lerp_scalar_cpu	pass	1	0	1	cudnnPointwiseGraph_f32
aten_lerp_tensor_cpu	pass	1	0	1	cudnnPointwiseGraph_f32
aten_lgamma	pass	1	0	0	-
aten_linalg_powsum_cpu	pass	2	0	1	memset_zero_1D_f32
aten_linear_combination_cpu	pass	3	0	3	cublasSgemv_T,cudaCopy1D_f32_tensor,memset_zero_1D_f32
aten_linspace	pass	1	0	0	-
aten_log	pass	1	0	1	cutensorUnary_log_f32
aten_log10	pass	1	0	1	cudnnPointwiseGraph_f32
aten_log1p	pass	1	0	1	cudnnPointwiseGraph_f32
aten_log2	pass	1	0	1	cudnnPointwiseGraph_f32
aten_log_ndtr	pass	1	0	0	-
aten_log_normal_cpu	pass	1	0	1	cudnnPointwiseGraph_f32
aten_log_sigmoid_backward_cpu	pass	1	0	1	cudnnPointwiseGraph_f32
aten_log_sigmoid_cpu	pass	1	0	1	cudnnLogSigmoid_f32_memref
aten_logaddexp	pass	1	0	1	cudnnPointwiseGraph_f32
aten_logaddexp2	pass	1	0	1	cudnnPointwiseGraph_f32
aten_logcumsumexp_cpu	pass	1	1	0	-
aten_logical_and	pass	1	0	0	-
aten_logical_not_f32	pass	1	0	0	-
aten_logical_or	pass	1	0	0	-
aten_logical_xor	pass	1	0	0	-
aten_logit	pass	1	0	1	cudnnPointwiseGraph_f32
aten_logit_backward	pass	1	0	1	cudnnPointwiseGraph_f32
aten_logspace_cpu	pass	1	0	0	-
aten_lower_bound_cpu	pass	0	2	0	-
aten_lshift_i32	pass	1	0	0	-
aten_lt	pass	1	0	0	-
aten_masked_fill_cpu	pass	1	0	0	-
aten_masked_scale	pass	1	0	1	cudnnPointwiseGraph_f32
aten_masked_scatter_backward_cpu	pass	0	1	0	-
aten_masked_scatter_cpu	pass	0	1	0	-
aten_masked_select_cpu	pass	0	1	0	-
aten_masked_select_serial_cpu	pass	0	1	0	-
aten_max_all_cpu	pass	1	0	1	cudnnReduceMax_f32
aten_max_pool1d_cpu	pass	5	1	1	cudaCopy1D_f32_tensor
aten_max_pool2d	pass	2	0	1	cudnnMaxPoolFwd_batched
aten_max_pool3d_backward_cpu	pass	1	4	1	memset_zero_1D_f32
aten_max_pool3d_cpu	pass	5	6	1	cudaCopy1D_f32_tensor
aten_max_reduce_cpu	pass	1	0	1	cudnnReduceMax_f32
aten_max_unpool2d_cpu	pass	1	2	1	memset_zero_1D_f32
aten_max_unpool3d_cpu	pass	1	2	1	memset_zero_1D_f32
aten_max_unpool_backward_cpu	pass	1	0	0	-
aten_max_values_cpu	pass	2	0	1	cubSegmentedMax_f32_memref
aten_maximum	pass	1	0	1	cudnnPointwiseGraph_f32
aten_mean	pass	1	0	1	cudnnReduceSum_f64
aten_median_indices_cpu	pass	2	3	1	cudaCopy1D_f32_tensor
aten_min_all_cpu	pass	1	0	1	cudnnReduceMin_f32
aten_min_reduce_cpu	pass	1	0	1	cudnnReduceMin_f32
aten_min_values_cpu	pass	2	0	1	cubSegmentedMin_f32_memref
aten_minimum	pass	1	0	1	cudnnPointwiseGraph_f32
aten_mish	pass	1	0	1	cutensorUnary_mish_f32
aten_mish_backward	pass	1	0	1	cudnnPointwiseGraph_f32
aten_mm	pass	2	0	2	cublasDgemm_simple,memset_zero_2D
aten_mode_cpu	pass	3	2	1	cudaCopy1D_f32_tensor
aten_modified_bessel_i0	pass	1	0	0	-
aten_modified_bessel_i1	pass	1	0	0	-
aten_modified_bessel_k0	pass	1	0	0	-
aten_modified_bessel_k1	pass	1	0	0	-
aten_mse_backward	pass	1	0	1	cudnnPointwiseGraph_f32
aten_mse_elementwise	pass	1	0	1	cudnnPointwiseGraph_f32
aten_mse_loss	pass	2	0	2	cudnnPointwiseGraph_f32,cudnnReduceSum_f32
aten_mul	pass	1	0	1	cudnnPointwiseGraph_f32
aten_multi_margin_loss_backward_cpu	pass	1	2	1	memset_zero_1D_f32
aten_multi_margin_loss_cpu	pass	1	1	0	-
aten_multilabel_margin_loss_backward_cpu	pass	3	3	1	memset_zero_1D_f32
aten_multilabel_margin_loss_forward_cpu	pass	1	3	0	-
aten_multinomial_with_replacement_cpu	pass	1	3	0	-
aten_mv	pass	1	0	1	cublasDgemv
aten_nan_to_num	pass	1	0	0	-
aten_nansum_cpu	pass	2	0	1	cubSegmentedNanSum_f32_memref
aten_narrow_copy_dense_cpu	pass	1	0	1	cudaCopy2D_f32_tensor
aten_ndtri	pass	1	0	0	-
aten_ne	pass	1	0	0	-
aten_neg	pass	1	0	1	cutensorUnary_neg_f32
aten_nested_all_cpu	pass	2	0	1	cubSegmentedPrefixLogicalAnd_i32
aten_nested_batch_offsets_cpu	pass	1	0	1	cubExclusiveSum1D_i32_memref
aten_nested_bmm_cpu	pass	2	0	1	cublasSgemm_strided_batched_nn_zero
aten_nested_clone_cpu	pass	1	0	1	cudaCopy2D_f32_tensor
aten_nested_from_padded_cpu	pass	1	0	0	-
aten_nested_matmul_broadcast_cpu	pass	2	0	1	cublasSgemm_strided_batched_broadcast_rhs
aten_nested_pad_cpu	pass	1	0	0	-
aten_nested_select_cpu	pass	1	0	0	-
aten_nested_softmax_backward_cpu	pass	2	1	2	cublasSdot,cudnnPointwiseGraph_f32
aten_nested_softmax_cpu	pass	0	3	0	-
aten_nested_softmax_dropout_cpu	pass	2	1	0	-
aten_nested_squeeze_cpu	pass	1	0	1	cudaCopy2D_f32_tensor
aten_nested_sum_backward_cpu	pass	1	0	1	cublasBroadcastAxis0_f32
aten_nested_sum_dim_cpu	pass	2	0	1	cubSegmentedPrefixSum_f32
aten_nested_to_mask_cpu	pass	1	0	0	-
aten_nested_to_padded_cpu	pass	1	0	0	-
aten_nested_where_cpu	pass	1	0	0	-
aten_nested_where_out_cpu	pass	1	0	0	-
aten_nextafter	pass	1	0	0	-
aten_nll_loss2d_backward_cpu	pass	0	4	0	-
aten_nll_loss2d_forward_cpu	pass	1	0	0	-
aten_nll_loss_backward_cpu	pass	1	1	1	memset_zero_2D_f32
aten_nll_loss_forward_cpu	pass	0	1	0	-
aten_nonzero_out_cpu	pass	0	2	0	-
aten_norm_cpu	pass	3	0	2	cutensorUnary_sqrt_f32,memset_zero_1D_f32
aten_normal_cpu	pass	1	0	1	cudnnPointwiseGraph_f32
aten_or_reduce_cpu	pass	2	0	1	cubSegmentedLogicalOr_i32
aten_outer	pass	2	0	1	cublasDgemm_outer_product
aten_padded_to_jagged_cpu	pass	0	2	0	-
aten_pdist_backward_cpu	pass	1	6	1	memset_zero_2D_f32
aten_pdist_forward_cpu	pass	1	3	0	-
aten_permute_sparse_coo_cpu	pass	1	0	0	-
aten_pixel_shuffle	pass	1	0	1	cutensorPermute_f32_r6_tensor
aten_pixel_shuffle_cpu_backend	pass	1	0	1	cutensorPermute_f32_r5_tensor
aten_pixel_unshuffle_cpu_backend	pass	1	0	1	cutensorPermute_f32_r5_tensor
aten_poisson_transform_cpu	pass	0	2	0	-
aten_polar_scalarized	pass	2	0	2	cudnnPointwiseGraph_f32
aten_polygamma	pass	1	0	0	-
aten_pow	pass	1	0	1	cudnnPointwiseGraph_f32
aten_pow_tensor_scalar	pass	1	0	1	cudnnPointwiseGraph_f32
aten_powsum_cpu	pass	2	0	1	memset_zero_1D_f32
aten_prod	pass	1	0	1	cudnnReduceProduct_f32
aten_put_cpu	pass	0	1	0	-
aten_quant_col_offsets_cpu	pass	3	0	1	cubQuantColOffsets_i8_i32_memref
aten_quant_saturation_cpu	pass	1	0	0	-
aten_quick_select_cpu	pass	0	2	0	-
aten_random_cpu	pass	1	0	0	-
aten_random_from_to_cpu	pass	1	0	0	-
aten_random_full_64_bits_range_cpu	pass	1	0	0	-
aten_randperm_cpu	pass	1	1	0	-
aten_range_out_cpu	pass	1	0	0	-
aten_reciprocal	pass	1	0	1	cutensorUnary_reciprocal_f32
aten_reflect_conj_tri_cpu	pass	2	0	0	-
aten_reflection_pad1d_backward_cpu	pass	1	2	1	memset_zero_1D_f32
aten_reflection_pad1d_cpu	pass	1	0	0	-
aten_reflection_pad2d	pass	1	0	0	-
aten_reflection_pad2d_backward_cpu	pass	1	3	1	memset_zero_1D_f32
aten_reflection_pad2d_cpu	pass	1	0	0	-
aten_reflection_pad3d_backward_cpu	pass	1	4	1	memset_zero_1D_f32
aten_reflection_pad3d_cpu	pass	1	0	0	-
aten_relu	pass	1	0	1	cutensorUnary_relu_f32
aten_remainder	pass	1	0	0	-
aten_renorm_scale_factor	pass	1	0	1	cudnnPointwiseGraph_f32
aten_repeat_compute_cpu	pass	1	0	1	cublasBroadcastAxis1_f32
aten_repeat_tensor_shape_cpu	pass	1	0	1	cublasBroadcastAxis1_f32
aten_replication_pad1d_backward_cpu	pass	1	2	1	memset_zero_1D_f32
aten_replication_pad1d_cpu	pass	1	0	0	-
aten_replication_pad2d	pass	1	0	0	-
aten_replication_pad2d_backward_cpu	pass	1	3	1	memset_zero_1D_f32
aten_replication_pad2d_cpu	pass	1	0	0	-
aten_replication_pad3d_backward_cpu	pass	1	4	1	memset_zero_1D_f32
aten_replication_pad3d_cpu	pass	1	0	0	-
aten_rms_norm	pass	2	0	1	cudnnPointwiseGraph_f32
aten_round	pass	1	0	1	cudnnPointwiseGraph_f32
aten_round_decimals	pass	1	0	1	cudnnPointwiseGraph_f32
aten_rowwise_prune_cpu	pass	3	0	1	memset_zero_1D_f32
aten_rshift_i32	pass	1	0	0	-
aten_rsqrt	pass	1	0	1	cudnnPointwiseGraph_f32
aten_sample_poisson_transform_cpu	pass	0	2	0	-
aten_sampled_addmm_sparse_csr_cpu	pass	1	2	1	cusparseSDDMM_CSR_f32_memref
aten_scaled_modified_bessel_k0	pass	1	0	0	-
aten_scaled_modified_bessel_k1	pass	1	0	0	-
aten_scatter_add_cpu	pass	0	2	0	-
aten_scatter_add_expanded_index_cpu	pass	0	2	0	-
aten_scatter_cpu	pass	0	2	0	-
aten_scatter_fill_cpu	pass	0	2	0	-
aten_scatter_reduce_cpu	pass	0	2	0	-
aten_scatter_reduce_expanded_index_cpu	pass	0	2	0	-
aten_scatter_reduce_two_cpu	pass	0	2	0	-
aten_scatter_scalar_reduce_cpu	pass	0	2	0	-
aten_searchsorted_cpu	pass	0	2	0	-
aten_segment_reduce_lengths_backward_cpu	pass	0	2	0	-
aten_segment_reduce_lengths_cpu	pass	0	2	0	-
aten_sgn_complex_scalarized	pass	1	0	0	-
aten_shrink_backward	pass	1	0	1	cudnnPointwiseGraph_f32
aten_sigmoid	pass	1	0	1	cutensorUnary_sigmoid_f32
aten_sigmoid_backward	pass	1	0	1	cudnnPointwiseGraph_f32
aten_sign	pass	1	0	0	-
aten_signbit	pass	1	0	0	-
aten_silu	pass	1	0	1	cutensorUnary_silu_f32
aten_silu_backward	pass	1	0	1	cudnnPointwiseGraph_f32
aten_silu_cpu	pass	1	0	1	cutensorUnary_silu_f32
aten_sin	pass	1	0	1	cutensorUnary_sin_f32
aten_sinc	pass	1	0	0	-
aten_sinh	pass	1	0	1	cutensorUnary_sinh_f32
aten_slow_conv3d_backward_input_cpu	pass	1	0	1	cudnnConvolutionTranspose3D_f32_memref
aten_slow_conv3d_backward_weight_cpu	pass	1	0	1	cudnnConvolutionBackwardFilter3D_f32_memref
aten_slow_conv3d_forward_cpu	pass	2	0	1	cudnnConvolution3D_f32
aten_smooth_l1_backward	pass	1	0	1	cudnnPointwiseGraph_f32
aten_smooth_l1_elementwise	pass	1	0	1	cudnnPointwiseGraph_f32
aten_sobol_draw_cpu	pass	0	3	0	-
aten_sobol_fast_forward_cpu	pass	1	1	0	-
aten_sobol_initialize_cpu	pass	1	0	0	-
aten_sobol_scramble_cpu	pass	1	0	0	-
aten_softmax	pass	3	0	1	cudnnSoftmaxForward_tensor
aten_softplus	pass	1	0	1	cudnnPointwiseGraph_f32
aten_softplus_backward	pass	1	0	1	cudnnPointwiseGraph_f32
aten_softshrink	pass	1	0	1	cudnnPointwiseGraph_f32
aten_sort_cpu	pass	2	3	1	cudaCopy2D_f32_tensor
aten_sparse_add_values_cpu	pass	1	0	1	cudnnPointwiseGraph_f32
aten_sparse_addmm_cpu	pass	1	2	1	cusparseSpMM_COO_f32_memref
aten_sparse_addmv_bsr_cpu	pass	1	3	1	cusparseSpMM_BSR_f32_memref
aten_sparse_addmv_csr_cpu	pass	0	2	1	cusparseSpMV_CSR_f32_memref
aten_sparse_bmm_cpu	pass	2	0	1	cublasSgemm_strided_batched_nn_zero
aten_sparse_coo_softmax_backward_cpu	pass	2	1	2	cublasSdot,cudnnPointwiseGraph_f32
aten_sparse_coo_softmax_cpu	pass	2	1	0	-
aten_sparse_coo_to_csr_cpu	pass	0	2	1	cusparseXcoo2csr_i32_memref
aten_sparse_csr_add_dense_cpu	pass	0	2	0	-
aten_sparse_csr_addmm_cpu	pass	0	3	1	cusparseSpMM_CSR_f32_memref
aten_sparse_csr_reduce_all_cpu	pass	1	0	1	cudnnReduceSum_f32
aten_sparse_csr_reduce_dim0_cpu	pass	1	2	1	memset_zero_1D_f32
aten_sparse_csr_reduce_dim1_cpu	pass	0	2	0	-
aten_sparse_dense_intersection_cpu	pass	1	0	0	-
aten_sparse_flatten_indices_cpu	pass	2	0	0	-
aten_sparse_full_coo_indices_cpu	pass	0	2	0	-
aten_sparse_intersection_apply_cpu	pass	1	0	1	cudnnPointwiseGraph_f32
aten_sparse_intersection_launch_cpu	pass	1	0	1	cudnnPointwiseGraph_f32
aten_sparse_matmul_cpu	pass	0	3	1	cusparseSpMM_CSR_f32_memref
aten_sparse_matmul_csr_to_coo_cpu	pass	0	2	1	cusparseXcsr2coo_i32_memref
aten_sparse_matmul_maxnnz_cpu	pass	0	2	0	-
aten_sparse_mul_cpu	pass	1	0	1	cudnnPointwiseGraph_f32
aten_sparse_norm_cpu	pass	1	0	1	cublasSnrm2_f32_memref
aten_sparse_softmax_offsets_cpu	pass	0	2	0	-
aten_sparse_softmax_pools_cpu	pass	1	0	0	-
aten_sparse_sum_backward_cpu	pass	1	0	0	-
aten_sparse_sum_cpu	pass	1	0	1	cudnnReduceSum_f32
aten_spdiags_cpu	pass	1	2	1	memset_zero_2D_f32
aten_spherical_bessel_j0	pass	1	0	0	-
aten_split_copy_cpu	pass	1	0	1	cutensorPermute_f32_r2_tensor
aten_spmm_reduce_arg_cpu	pass	0	3	0	-
aten_spmm_reduce_backward_input_arg_cpu	pass	1	2	1	memset_zero_1D_f32
aten_spmm_reduce_backward_input_cpu	pass	1	2	0	-
aten_spmm_reduce_backward_other_arg_cpu	pass	1	2	1	memset_zero_2D_f32
aten_spmm_reduce_backward_other_cpu	pass	1	3	1	memset_zero_2D_f32
aten_spmm_reduce_cpu	pass	0	3	0	-
aten_sqrt	pass	1	0	1	cutensorUnary_sqrt_f32
aten_square	pass	1	0	1	cudnnPointwiseGraph_f32
aten_sspaddmm_cpu	pass	1	2	1	cusparseSpMM_COO_f32_memref
aten_stack_serial_cpu	pass	1	0	1	cutensorPermute_f32_r3_tensor
aten_standard_gamma_grad_cpu	pass	1	0	1	cudnnPointwiseGraph_f32
aten_std_var_all_cpu	pass	2	0	1	cudnnReduceSum_f32
aten_std_var_cpu	pass	2	1	1	cudnnReduceSum_f32
aten_sum	pass	2	0	1	cubSegmentedSum_f64_memref
aten_sum_cpu_backend	pass	2	0	1	cubSegmentedSum_f32_memref
aten_sumproduct_pair_cpu	pass	2	0	1	cublasSgemm_strided_batched_nn_zero
aten_take_cpu	pass	1	0	0	-
aten_tan	pass	1	0	1	cutensorUnary_tan_f32
aten_tanh	pass	1	0	1	cutensorUnary_tanh_f32
aten_tanh_backward	pass	1	0	1	cudnnPointwiseGraph_f32
aten_threshold_backward	pass	1	0	1	cudnnPointwiseGraph_f32
aten_topk_cpu	pass	4	3	1	cudaCopy2D_f32_tensor
aten_trace_cpu	pass	1	0	1	cudnnReduceTrace_f32
aten_transform_bias_rescale_qkv_cpu	pass	3	0	1	cudnnTransformBiasRescaleQKV_f32_memref
aten_transpose_copy	pass	1	0	1	cutensorPermute_f32_r2_tensor
aten_trigamma	pass	1	0	0	-
aten_tril_indices_cpu	pass	0	2	0	-
aten_trilinear_cpu	pass	2	0	1	cutensornetNetwork_f32_n3_aten
aten_triu_indices_cpu	pass	0	2	0	-
aten_triu_mask_cpu	pass	1	0	0	-
aten_triu_tril_batch_cpu	pass	1	0	0	-
aten_triu_tril_single_cpu	pass	1	0	0	-
aten_trunc	pass	1	0	1	cudnnPointwiseGraph_f32
aten_unbind_copy_cpu	pass	1	0	1	cudaCopy2D_f32_tensor
aten_unfold3d_acc_cpu	pass	1	0	0	-
aten_unfold3d_copy_cpu	pass	1	0	0	-
aten_unfold3d_zero_acc_cpu	pass	0	8	0	-
aten_unfold3d_zero_copy_cpu	pass	1	0	0	-
aten_unfold_backward_cpu	pass	2	0	1	memset_zero_1D_f32
aten_unfolded2d_acc_cpu	pass	2	0	0	-
aten_unfolded2d_copy_cpu	pass	1	0	1	cutensorPermute_f32_r5_tensor
aten_uniform_cpu	pass	1	0	1	cudnnPointwiseGraph_f32
aten_unique_bool_cpu	pass	0	1	0	-
aten_unique_consecutive_cpu	pass	0	1	0	-
aten_unique_dim_impl_cpu	pass	3	1	0	-
aten_unique_dim_template_cpu	pass	3	1	0	-
aten_unique_sorted_cpu	pass	0	3	0	-
aten_unpack_pivots_cpu	pass	1	1	0	-
aten_unsafe_index_cpu	pass	1	0	0	-
aten_upper_bound_cpu	pass	0	2	0	-
aten_upsample_bicubic2d_aa_backward_cpu	pass	3	3	1	memset_zero_1D_f32
aten_upsample_bicubic2d_aa_cpu	pass	2	3	0	-
aten_upsample_bicubic2d_backward_cpu	pass	1	2	1	memset_zero_1D_f32
aten_upsample_bicubic2d_cpu	pass	0	5	0	-
aten_upsample_bilinear2d	pass	1	0	1	cudnnBilinearUpsample2x_f32_r4
aten_upsample_bilinear2d_aa_backward_cpu	pass	3	3	1	memset_zero_1D_f32
aten_upsample_bilinear2d_aa_cpu	pass	2	3	0	-
aten_upsample_bilinear2d_backward_cpu	pass	1	3	1	memset_zero_1D_f32
aten_upsample_bilinear2d_cpu	pass	1	0	0	-
aten_upsample_lanczos2d_aa_backward_cpu	pass	3	3	1	memset_zero_1D_f32
aten_upsample_lanczos2d_aa_cpu	pass	2	3	0	-
aten_upsample_linear1d_backward_cpu	pass	1	2	1	memset_zero_1D_f32
aten_upsample_linear1d_cpu	pass	1	0	0	-
aten_upsample_nearest1d_backward_cpu	pass	1	2	1	memset_zero_1D_f32
aten_upsample_nearest1d_cpu	pass	1	0	0	-
aten_upsample_nearest2d	pass	1	0	0	-
aten_upsample_nearest2d_backward_cpu	pass	1	3	1	memset_zero_1D_f32
aten_upsample_nearest2d_cpu	pass	1	0	0	-
aten_upsample_nearest3d_backward_cpu	pass	1	4	1	memset_zero_1D_f32
aten_upsample_nearest3d_cpu	pass	1	0	0	-
aten_upsample_nearest_exact1d_backward_cpu	pass	1	2	1	memset_zero_1D_f32
aten_upsample_nearest_exact1d_cpu	pass	1	0	0	-
aten_upsample_nearest_exact2d_backward_cpu	pass	1	3	1	memset_zero_1D_f32
aten_upsample_nearest_exact2d_cpu	pass	1	0	0	-
aten_upsample_nearest_exact3d_backward_cpu	pass	1	4	1	memset_zero_1D_f32
aten_upsample_nearest_exact3d_cpu	pass	1	0	0	-
aten_upsample_trilinear3d_backward_cpu	pass	1	4	1	memset_zero_1D_f32
aten_upsample_trilinear3d_cpu	pass	1	0	0	-
aten_vector_norm_out_cpu	pass	3	0	2	cutensorUnary_sqrt_f32,memset_zero_1D_f32
aten_weight_norm_backward_cpu	pass	2	1	1	cublasSdot
aten_weight_norm_cpu	pass	2	1	0	-
aten_weight_to_int4pack_cpu	pass	0	2	0	-
aten_where_cpu	pass	1	0	0	-
aten_xlog1py	pass	1	0	0	-
aten_xlogy	pass	1	0	0	-
aten_xor_sum_cpu	pass	2	0	1	cubSegmentedBitXor_i32
aten_zeros_cpu	pass	1	0	1	memset_zero_1D_f32
aten_zeta	pass	1	0	0	-
