suite,program,validation_scope,status,runtime,backend,evidence
snu-npb,CG,Full NPB Class S application; post-reboot 3/3,PASS,0.13 s benchmark time each; 501.82 median Mop/s,cuSPARSE CSR SpMV + cuBLAS Ddot,scripts/correctness/logs/npb_cg_cusparse_post_reboot_20260905_202610.silicon.log
snu-npb,BT,Full Class S application plus batched external-library prototype,BLOCKED,CPU one-step 0.006 s; unbatched GPU watchdog at 63.372 s; combined batched GEMM+GEMV ABI passes 3/3,cuBLAS strided-batched GEMM + GEMV prototype; full BT still needs helper-first raising and workspace privatization,scripts/correctness/logs/npb_bt_class_s_two_cublas_1step_20260905_213450.silicon.log; scripts/correctness/logs/cublas_batched_gemm_gemv_subtract_20260905_221620.silicon.log
snu-npb,FT,Official CPU Class S baseline plus raised fftXYZ matcher attempt,NO GPU MATCH,CPU NASA verification 3/3; 0.10 s benchmark time; zero cuFFT launches,No executable route; staged Stockham FFT is outside the direct-DFT matcher,scripts/correctness/logs/npb_ft_class_s_cpu_20260905_213723.silicon.log
snu-npb,IS,Full NPB Class S application with source-faithful extracted rank core; post-reboot 3/3,PASS,0.01 s benchmark time each; 122.61 median Mop/s,CUB DeviceHistogram at 2 static sites (22 calls/run),scripts/correctness/logs/npb_is_cub_post_reboot_with_companion_20260905_202650.silicon.log
snu-npb,MG,Original Class S application with resid psinv and rprj3 all replaced,PASS,Verification 3/3; 0.25 s median GPU benchmark and 0.646 s process vs CPU below timer resolution and 0.008 s process (80.8x slower end to end),cuDNN symmetric 3D convolution with coefficients strides offsets and alpha/beta epilogues,scripts/correctness/logs/npb_mg_class_s_all_cudnn_20260905_235659.silicon.log; scripts/correctness/logs/npb_mg_class_s_cpu_current_20260905_235715.silicon.log
snu-npb,UA,Official Class S with three DAXPBY sites; complete 17-site binary also linked,PARTIAL,DAXPBY composition verifies at 2.42 s vs 0.39 s CPU (6.21x slower); historical unguarded convect Ddot stopped after 376 s,cuBLAS Dscal + Daxpy passes; profitability guard now leaves proven tiny length-5 Ddot operations in Linalg,scripts/correctness/logs/npb_ua_three_daxpby_gpu_20260905_205845.silicon.log; scripts/correctness/logs/npb_ua_convect_gpu_v2_20260905_211319.silicon.log
parboil,sgemm,Original full application with deterministic 512x512 input,PASS,Compute 0.133982 s GPU vs 0.523127 s CPU (3.90x); whole timer 0.439798 s vs 0.876697 s (1.99x),cuBLAS SGEMM; all 262144 outputs exactly match,scripts/correctness/logs/parboil_sgemm_full_app_cpu_512_20260905_212339.silicon.log; scripts/correctness/logs/parboil_sgemm_full_app_gpu_512_20260905_212354.silicon.log
parboil,spmv,Real corpus IR match plus cross-compiled JDS adapter ABI smoke; 3/3 on Orin #2,PASS,0.208 s median whole-process smoke; output [11 14 18] exactly matched,NVIDIA cuSPARSE SpMV after one JDS-to-CSR storage conversion; source 50-repetition count preserved,scripts/correctness/logs/cusparse_jds_external_20260905_230355.silicon.log
parboil,stencil,Original full application; deterministic 128x128x128 grid; five iterations,PASS,Compute 0.289735 s GPU vs 0.251026 s CPU (1.15x slower); max abs error 7.45e-9,cuDNN 3D convolution with cached descriptors and workspace; host-device transfers remain,scripts/correctness/logs/parboil_stencil_full_app_cpu_128_20260905_212558.silicon.log; scripts/correctness/logs/parboil_stencil_cached_128_20260905_220022.silicon.log
